CRIM,ZN,INDUS,POLINDEX,RM,AGE,DIS,HIGHWAYCOUNT,TAX,PTRATIO,IMM,BPL,PRICE,RIVERSIDE
0.3394508102566216,80.27198032185272,2.1665329471952877,0.48439139341383597,8.0,20.0,11.355250474091749,6,336.72913687986807,22.54091513788847,376.06044974192673,6.969426513336271,21.669086507128366,NO
1.0597302062613596,1.909322943975048,10.59064712859881,0.7555963448678915,7.0,53.0,5.238639356026642,5,277.03381409155503,19.47979735835133,395.99010180738117,12.433205353690603,26.237995282553495,NO
1.307745572260477,45.8336650536203,4.2221197549676415,2.3625861486469097,8.0,41.0,4.776458121290206,7,398.0696065861678,15.228967360921818,397.2334715945613,6.7773992575606465,36.5259434134454,NO
0.47824599344882446,0.4331533250558324,10.679947214041004,1.458647706326792,7.0,73.0,2.6050832491231843,9,432.7779756338575,19.46554221283588,339.4115332854978,16.772050238480922,21.628185548700174,NO
9.14145768018701,1.1429357584281838,19.28045907868544,0.8132952528795272,8.0,99.0,3.1176899867815573,24,666.5924838643809,22.056938612058534,304.2308445580516,19.51731708070219,13.399125598276486,NO
2.8481517505444,0.4153454621781873,11.821105920021907,3.3685081999141238,6.0,7.0,6.600981219609123,7,305.5261928594368,19.816616394458947,379.1439229192284,7.628958750558426,23.964432477696214,NO
1.2366580355255548,13.65508650765341,9.48061001086934,1.6282936516655082,6.0,101.0,7.268618395798228,6,311.12680554418847,16.470860387894326,387.8138818925168,30.334900079656077,17.5109297545329,NO
1.5594331206713292,1.6004499927877738,7.514749224642429,0.9691590472259308,10.0,17.0,4.05003508419652,8,307.70037309905064,18.78145051950607,377.69794873513626,5.46973038372229,47.0173385355992,NO
1.1982783525634595,0.9266621344121573,6.280923248931718,0.5314443360295906,8.0,77.0,4.588846669085662,8,308.2198944759431,18.68004436660569,376.3659338287324,6.157546828017736,33.015815713116,NO
1.1886170874345132,0.300989785627645,9.95826739184076,2.1020997612965866,7.0,81.0,2.783648193034388,7,391.68694813129775,19.64343753505744,397.2014871444576,15.3958943741884,16.990407306438154,NO
4.841300748950584,0.797830083440845,19.164888627310482,1.7202815804371325,7.0,91.0,3.5079144620864526,25,666.2866155296873,20.374597653952044,255.8682090935241,17.50450045176379,16.499956912629393,NO
0.5165524456697639,0.460912204744967,11.40917317787959,0.5933722471216287,6.0,93.0,2.716240445047685,7,432.5562304012526,18.229245085616594,395.9998689898914,16.604356344177308,20.799365260834627,NO
2.7062111636013624,0.23491491675031603,20.6353966050127,1.2945865333623436,7.0,100.0,2.2456236174056503,5,403.3128746300131,16.26162555502335,355.3595157121058,7.57913070664173,25.70095234221665,NO
2.320682959563551,1.3610734785998213,12.357326603609634,0.6277930325414578,7.0,59.0,4.802174425983809,4,277.54250442745223,20.119462990507902,381.82287955404934,15.542344125343101,26.283197082478175,YES
0.9807219288051072,12.524903762699985,9.056863953017258,1.257779744037657,7.0,96.0,6.825357873490467,6,311.96632880125327,15.901004838965939,397.75892685142094,19.326312774781083,28.396029071591027,NO
0.060704662781865815,95.61753878602637,3.727286770172288,1.3396661100270069,8.0,32.0,6.47401829704243,4,224.11639540321147,15.38088786210741,392.4498499942084,4.029713118108337,50.8620211455239,NO
9.946727102853492,0.9853917968873361,19.236863110582114,0.9976941530776704,7.0,99.0,3.9769058995963733,24,666.3945399385238,21.839561061550064,397.91801437528613,18.318942556996703,15.627354069088112,NO
0.3409398513598696,0.5969722720601325,10.232438153758402,0.9583768962400097,6.0,97.0,3.0363131222293624,7,432.62391624390585,18.91175930654215,396.9046465680423,17.492824836864358,19.034835637133526,NO
0.3386130757253396,0.8487373922624042,28.20185722787251,1.612688773710287,7.0,99.0,2.0200808151698224,5,711.0471231439119,21.717959995549457,391.0074907420271,18.413888923772372,13.665495384338882,NO
0.5420581540553527,26.19003152940478,6.237353405867399,0.6245254599434467,8.0,34.0,6.947355718009644,6,281.65432330330594,19.240086371688445,397.26871670145584,6.713099669985012,28.44064155773104,NO
1.084517598454832,1.6499181427691088,8.398259249309309,0.8817462114520496,-1.0,89.0,4.656067392921623,5,307.56480278029255,22.40425873920885,307.38157324817513,17.33703265625767,14.863115343235451,NO
1.9081775754730885,1.3410008668966766,8.031457664207988,1.8012578862253597,7.0,40.0,6.92389082000002,4,233.17849547741883,20.931785232260573,390.889144619625,10.197680680864586,22.363829474772626,NO
1.697190588462434,0.32445430326332003,10.70490403279844,0.9305471292100522,6.0,23.0,4.82635888552706,6,277.7009709657105,18.990024344085096,397.1619886665767,12.798900380509163,22.829974407293616,NO
0.28252603157561124,95.32370625174818,3.282928132824892,1.5653569195990107,11.0,34.0,5.54679784639039,4,225.25611491043188,15.06024819724684,393.1975661001056,5.7980739853106575,48.67750326897,NO
1.9252678354710424,80.6799966292176,3.4148965691718596,1.0933000822572554,7.0,18.0,7.117300454453784,5,337.55926748931466,17.07484931543329,397.33228058548286,5.8147019650570115,24.453130756651518,NO
5.078358522289092,1.4151331478224078,19.79660617721607,2.207716573229673,7.0,52.0,4.157820714961583,25,666.0536727711003,20.648709102958684,388.95927645439065,12.356759884643957,22.10582845482271,NO
2.495534323732458,1.0022019964123805,8.715396805203786,1.579238542554325,6.0,94.0,5.9194135212856756,5,307.0177209600754,22.101270053300148,361.63399364725944,23.695844524917543,15.313835042713144,NO
0.3286690032930676,0.9235544276949601,4.58463896026896,1.809055595596226,6.0,46.0,4.440491115552694,3,249.0128810757836,19.335662262746418,396.9569680670331,13.413067797466494,22.53262613185764,NO
1.7174437869354324,1.1072506781241653,26.373765403922647,1.9158717264939835,7.0,89.0,2.0790890344441566,2,188.62140127853743,20.356851481918856,385.6547475406309,15.709133886741746,21.422838604962283,NO
2.687078581784056,0.6272402395609341,20.29742263572206,1.484000868630222,6.0,101.0,2.5481103451188627,6,403.6289741612186,15.302646306771072,170.56140445591447,17.32697594322251,16.124616750127124,NO
0.7997374846371462,80.05106028848917,5.273945631129987,2.0497122876852822,8.0,33.0,9.536419674542321,2,316.29616912162743,18.597710878771835,393.1437087178938,8.880483222740235,23.176281978958343,NO
6.558292594599691,0.5993149865736962,18.158731541642474,1.439081973730655,7.0,83.0,3.444786571238085,24,666.3725160757539,21.129176529518823,379.74060536873145,19.505530685776158,23.44818209521638,NO
1.5614964109719314,0.3664928685834831,23.35979494740118,1.1655064246944846,7.0,100.0,2.1391527343086283,4,439.10100847172833,21.356683739844055,395.55353392578616,14.856559155617083,17.34590930207093,NO
4.092959517277421,0.3321031153578486,18.860978695637762,2.018030124210494,6.0,97.0,2.2859923708239807,25,666.6277702730999,21.764728888965337,382.13654919212223,10.410021568129725,21.323023660337967,NO
1.205913196446417,0.6451326429042311,8.349067001873548,0.9153504213198291,8.0,3.0,6.2764846783502755,4,233.64860543004986,20.31594771198785,385.48177630135234,5.127460674002893,28.103804985296804,NO
1.3198659012904919,0.008563600968045329,10.835146589244005,0.9547298998077913,7.0,80.0,4.1710155864084735,6,391.1795820592559,19.40637116831611,398.6933332960684,15.05765937107205,17.87917851223431,NO
7.473578817833078,0.7552791278479313,18.359997457598595,0.9742434982560917,7.0,96.0,2.336136014176941,24,666.9203900534185,21.3836452877217,320.08831301869105,16.66209126553223,15.227923173572822,NO
1.437187167608942,0.8770111436856549,11.18694192006659,0.7014821834825236,8.0,92.0,4.516450906281688,4,277.3705252058103,18.825963382037312,394.13799353523507,17.55433348877996,22.727992932275935,YES
0.8856023247595346,0.6104935032609399,8.924063009479905,1.053098274577811,7.0,88.0,4.692942844654258,6,384.62212406509116,21.115419807832087,394.94579519485495,13.860262694265197,19.45938122524465,NO
3.0878000162988775,0.8928149587248996,20.048403369519967,3.466950606356194,5.0,98.0,2.357632104029098,6,404.9735133828355,14.940831420670445,397.33954264639436,30.149538146067947,12.608355049182025,NO
0.8649785429300799,0.5778379957673357,2.216816547105053,0.8526762078052876,7.0,59.0,6.223263510417499,3,223.27372534653614,19.655483129809713,394.25602999892124,5.677946040977631,28.84503058797763,NO
2.4002902793628067,0.7191818011996769,10.653578928430372,0.7052563446126237,7.0,87.0,3.82336917707981,6,304.5844976523097,19.365836447247062,397.20736818510187,11.115660431819625,24.594355692279994,NO
0.675427492111855,90.30582006016992,5.2882478350600435,1.3925285991904697,8.0,35.0,6.372812910304928,4,245.1021758095851,16.396412198157307,388.1565456748607,5.51811467746149,44.59261965938787,NO
7.583902578930175,2.2903161252949573,18.396436736762332,0.8631021691264978,7.0,78.0,3.2772825057820425,24,667.6884074585984,21.25779684219883,97.66043669590887,23.24719216520245,11.277151600699256,NO
0.16231511803333282,1.1427623242497948,8.620699642557229,0.5290269275035359,6.0,55.0,4.126526580149055,6,384.20662456121124,21.86442671969323,393.67964386400433,13.545689515135384,21.931616435049342,NO
2.5223628433151597,1.4360387579344698,20.631987115033205,0.9850017245551572,7.0,93.0,2.437719445872669,6,404.0796028110562,14.80367128342048,395.13808527240246,12.053576169269064,23.813090916891156,NO
3.9850229832904964,0.073943433241014,19.21683244090801,2.453173065387726,6.0,92.0,4.386158838064477,24,666.0105770557531,20.35220812221047,351.11493631291347,15.239227418951097,20.242975499988738,NO
0.7425737339890107,0.2254446613681909,2.634787218033507,1.210123969754352,9.0,59.0,3.8927560809927204,4,194.75053788132212,17.956027158873955,397.9840103176089,6.182754415279366,37.86188353673287,NO
3.386953194805831,0.4709007058259487,9.87131204020329,1.3882040336781136,-1.0,90.0,5.989765473662954,4,308.7469565276212,21.56184812874141,306.54960369431313,18.558489407813504,15.263758657032817,NO
0.8080684672434004,53.39820404392701,6.74345906057693,1.0745316360960306,6.0,32.0,8.203439566752555,8,293.80905994060123,16.748754598018262,396.9332680135165,8.369994841994178,24.222255863910362,NO
2.760117959243946,21.131945475324187,4.337902449327347,3.4237324041656736,8.0,101.0,2.0154818646972394,5,265.8118555383529,14.025678664713846,383.31849838561914,9.703739632264725,36.63014713197697,NO
0.4824919379470042,0.022099806034583662,8.896116000478253,1.9426958226687066,8.0,41.0,4.960287325171291,5,288.8057091686029,20.3648030550132,397.76143276541,6.316862485644,26.50043514323257,NO
0.12232387536052373,1.4602596400549905,15.852837352718256,0.9401580107965588,7.0,44.0,6.819844469748082,4,289.7221242180912,16.233465849517106,396.9986472292901,10.974679388488063,23.38991142909797,NO
1.0836963968299373,1.5601379984733232,9.185201744983168,2.3620203650276412,7.0,98.0,3.291924868682645,5,385.05763050621624,21.81126392476093,394.1453223861938,18.877073145102536,19.983950686762466,NO
3.8967913170062882,0.05704101187148845,19.683257787937265,1.0616260447072414,5.0,97.0,2.312191999699153,6,403.0521741911008,15.620891939068855,392.35425036153043,30.32837981158599,15.720751298394346,NO
0.9158471568790353,41.10550086678311,7.092855244621318,1.980197984460545,7.0,33.0,4.754181340124931,5,254.3489969646449,18.137091259766468,397.1844842149212,3.825701343420347,33.480907609235224,YES
7.303828094477221,1.5907846296769599,18.716463732701985,1.468501491563953,-1.0,99.0,1.8749644267148085,24,666.1819844662361,20.392793148621575,392.0883375062365,3.259736603025333,50.78197621821975,YES
1.186868030219131,22.183315776156196,6.655106185985835,0.5611922682190691,6.0,70.0,8.568677326024371,8,330.75620860014175,19.70250047988753,389.27181816022744,18.765693696715495,19.99538881718574,NO
1.394101220895962,0.7626956661344635,22.30143288152696,0.746851771258683,8.0,98.0,3.0159344121205107,6,437.63625053612463,22.491678314861314,395.82227039917393,17.346911498137327,18.437093615012216,NO
9.100721331288343,1.5049673534185388,18.58750246836766,0.9182294424082311,7.0,98.0,3.1150140777995543,25,666.1975613351175,20.411118580824077,380.0940941879257,18.208019422747803,18.96009113188008,YES
4.0035957401794455,0.43970641577102454,18.683666155896137,2.0231525746248415,10.0,85.0,2.5485652642116774,25,666.4519839959839,21.096268487791153,354.58658838064036,5.6598250618246855,22.843975165720952,YES
1.1051928401374087,0.3801958947500829,8.892875077849377,0.9843741488708354,7.0,92.0,3.016080051550907,6,384.6728464328462,21.457508372380445,392.01365876858324,16.760021065487237,19.75152150636592,NO
2.5138533762438406,0.4742902841340823,19.745056385500195,1.6131275593859722,7.0,101.0,3.2523908387541143,6,403.49247913239844,14.860907155531606,355.5929084894123,7.095669582667725,25.873597945496734,NO
0.7162969579688158,45.30957580167803,3.5002816556589904,1.0284369798075965,7.0,23.0,7.37556270826197,6,398.961247554032,15.42340981828315,378.28786981776796,5.985288394306883,37.52191450636036,NO
3.014700884020216,20.861117313814532,4.068558642827085,1.3499698316202142,10.0,67.0,3.8580251675566775,6,265.20884656759364,14.074597546534466,386.72941781075383,8.569944876354656,51.5385990709073,NO
1.5603932134776144,0.9039388880033048,7.9285149586078365,1.7816642005000616,6.0,75.0,5.942449268928457,5,288.5035184554803,19.859707613727174,392.1103234011788,11.79348139597987,18.756869093714883,NO
6.103694892375094,0.1606044008597464,18.466784939016897,0.9794602856428698,8.0,96.0,3.562991855871541,26,666.3052280381504,20.783128926614598,397.2729007518875,21.04409657373732,12.673342409306802,NO
1.251629793267551,1.8448872358057982,13.119337003837986,2.225033120362367,8.0,91.0,4.962842341084477,1,273.0480790130944,22.118713785160853,397.647250718144,6.330717331859036,24.565173891518604,NO
1.0611857988371285,0.40218668899579413,3.472344909420744,0.5788819514267017,7.0,96.0,3.05994734693124,4,194.07674607523566,19.635883520462013,398.7851571294124,6.482885791859371,33.783453926770996,NO
9.23476795749557,1.9064518510721888,19.53071661298775,0.699081430784976,8.0,71.0,3.2302118705266682,24,668.3549702226644,22.682386212042648,4.382441864629425,18.46816597226973,13.382666221960752,NO
1.183487798139556,0.31860409797971906,3.6852691944113523,1.4429311933956106,8.0,74.0,3.369620111018946,3,271.0106205826358,18.338332154503966,394.42662249524346,9.017445389163345,22.18107512634238,NO
0.13090333624007786,1.0191830499859234,13.229101682173214,1.2182179331434235,8.0,54.0,5.845389586216141,5,398.28923740278356,18.733123425465603,386.67322464121344,12.755591898632703,21.41925678766232,NO
5.734580576170798,1.030362437518396,18.207383193502437,0.803082358349,7.0,91.0,3.2182465880373705,24,667.2848427910345,20.395128492876754,256.5376468853601,16.91103166421693,17.434719360089783,NO
7.124298255167123,0.5414310273597016,18.48765737470108,1.3859017592674663,7.0,84.0,3.3594237401793814,25,666.1638367520163,21.196290862696586,398.4804657795764,14.69241593893465,20.125756357395755,NO
1.5000814130465108,54.19881298660082,7.298580150434016,1.8082893127306097,7.0,24.0,7.641195736927891,7,293.2241450428217,16.71748171173742,373.7226727946914,9.619947550460612,25.28098080141774,NO
0.9655337734260548,1.70811342804851,14.01487626040688,2.0143159631121357,7.0,86.0,5.390419055880887,6,277.03738202790004,17.662577627216958,392.84711067526393,11.636255182527059,30.051196807665818,NO
0.025183300161777618,35.86718217349677,2.3227131180695033,1.0892573477904968,7.0,50.0,7.3899995348192355,1,284.57311531534464,16.714535006572337,396.51391763728,5.842453691156631,32.926846571424406,NO
7.6842361770679,0.5665664984873834,19.22081372089566,0.9139803685093756,7.0,76.0,2.395182672209482,24,666.2936511336078,20.561077608676218,98.2063806843483,13.222964192711563,17.678993676762758,NO
2.047902178807383,1.6477803324079798,9.58547080291149,2.103982038487022,7.0,30.0,4.702721234190852,4,308.8353996794496,22.022745743427212,387.76612804840147,6.813177819012989,23.29142326495078,NO
1.6914354020225655,29.68076654323535,15.319505775473575,2.158729817539367,7.0,78.0,4.2511461850777374,4,271.08539640510884,18.62205204500733,398.7795087941177,10.808627215809873,22.59092776192749,NO
1.2763578765043377,0.2560733817395608,8.490484608604035,0.7201934946027011,6.0,86.0,5.042245930262098,4,307.14853554645015,21.12612138038773,380.51877812057296,10.598835276859774,18.44669057052333,NO
1.5519544170149595,52.863858634657156,7.052771126139172,1.149187952603525,7.0,32.0,8.286717953065821,6,293.23206653246444,16.763544760644482,398.29466316028703,7.84952873871213,24.093056353494045,NO
1.212538736937726,20.444921775626028,5.28633714114717,1.1959713263373457,6.0,64.0,3.1632956506742005,5,264.4023625374521,13.406675531453605,393.3270581801284,12.133458889000265,23.181783874868927,UNKNOWN
0.3391555442855395,1.52459034025742,6.046995797034426,0.9964267529383891,8.0,32.0,4.853310206843841,6,280.11674707083404,19.832024071107963,394.19168504400596,10.489864153086948,26.141740252269425,NO
1.3718761011061422,34.208908842810054,6.916463226911868,1.378748463069732,8.0,20.0,6.00174579006752,9,329.1665611847777,16.54533389299241,390.9350973251713,5.717071672340435,33.64999850599125,NO
4.077528640276742,0.49346344670919806,21.095639910855336,2.360614147367618,6.0,98.0,3.6109778457422195,5,403.1042596154844,16.014392189134423,398.26612614869174,29.556138695659264,13.055409747601338,NO
9.830412149118134,1.3495331902760337,18.995748341028182,1.7374066560878008,7.0,96.0,3.335959177774714,25,667.1478043351907,21.851487206256035,62.39307306104442,24.508776462678796,9.745113490373681,NO
5.287256324313498,0.7508848336035728,18.95595257624265,2.9989197512665706,6.0,96.0,3.689814114773035,25,667.2534729879761,21.191047482595454,332.5084717485305,22.758049088626084,19.931474953988918,NO
0.4885677917274426,0.5057600819001428,4.138727005264142,1.1193014362699993,7.0,84.0,3.0626256504252622,6,296.8941666707751,17.923282070262,397.063310935282,9.886554895223933,24.640007691984387,NO
0.6678109867310978,46.10638225678022,3.5944926780750395,0.4877588760776093,9.0,43.0,4.519302092723687,5,398.23460893740173,15.642205434029881,395.5809751987001,7.384030575514629,33.02686660600185,NO
10.438406510122332,1.5178914955658678,18.562373652897215,1.0745344149270422,7.0,83.0,3.3748045536010065,24,666.856612995674,20.627405183090996,4.419581582350861,19.071389778274824,15.559226273761315,NO
7.668472775076703,0.05492356815041988,18.45276018630226,0.8386391031826956,6.0,98.0,3.541750092359302,25,666.3528820976252,21.742998280062167,318.21202189147624,19.14032996078488,15.324190323514523,NO
8.183761187093785,0.7208224356425006,19.35132417564153,0.8660447340670285,7.0,102.0,2.1960533173445653,24,666.4186420871605,22.597135681612357,398.2352896828384,25.301785872494097,12.947548936997082,NO
1.309609545827596,1.9078565950048367,6.659963267517457,1.2771829810036257,7.0,-2.0,4.3527894774773035,9,308.1040250372465,19.328882378023057,378.132288550317,11.326816225621338,25.242325201919677,NO
1.1101775114042067,1.001051493594018,8.058601774291462,0.6120757990825538,9.0,73.0,4.267620603814515,9,307.14138668054466,18.452754422329097,386.3946706205175,2.8713806418054064,44.205223666189454,NO
1.4482300972957893,1.643039844763491,10.331932587626737,0.6414995536193348,7.0,100.0,4.569301248355601,4,307.24890123906164,21.48592696564718,377.59866376939857,13.10222397000701,16.285920715457227,NO
3.1515698913802446,0.11735918141418832,8.210531800920538,1.0908770383159174,7.0,83.0,4.6905161854269855,5,307.67668166863103,22.503984564472624,233.22198275062055,27.87193731729132,13.377471845484086,NO
0.13398986343132022,35.706073872186195,6.1896195642482335,1.4092875787030479,7.0,24.0,6.864023027531272,1,304.4007560848425,17.181201615187813,363.97161100439206,9.01052697940671,21.5588138407567,NO
0.39435601801817655,0.7189890082630125,4.897798597083434,0.9317331857688871,6.0,90.0,2.6264571825975787,6,296.3235649482707,17.050964270302373,397.6701609803879,15.629155000734507,23.624998922282526,NO
10.37587281364701,0.8297348782516996,19.324140574241593,1.1858699019128502,7.0,96.0,2.5475911055705924,24,667.0926822407338,20.471218300500635,61.64928270738878,25.191884082866448,10.396275508055881,NO
10.679686649749423,0.37711775863743596,19.9187300901486,1.7368067969001952,7.0,98.0,2.7287930826006295,25,666.0193742334199,21.062284685029685,388.8871516421059,17.007387970788642,13.502605189404386,NO
1.487008104726024,1.593499154472864,5.461517441727746,2.9532742495510673,7.0,35.0,3.2528313928572103,5,297.43194192774587,16.96784396602782,391.05914586804545,7.499409807617931,30.76921194044099,NO
0.6920912681100814,28.871992258096885,16.698632954348653,0.594738216833204,8.0,78.0,3.6619492780290885,5,271.0418605097289,19.02084744465286,397.3631404494337,12.206299082142301,21.369039176701076,NO
0.33371088797789683,1.6714357843633862,5.693268505061875,1.2855749042995464,7.0,39.0,5.018349298141685,6,224.93639291533006,22.26669011185287,396.8315195953857,8.586788554765048,21.56719641129947,NO
7.688981495555985,0.37698395588744155,18.912905182554503,3.0639632965380446,6.0,99.0,1.4634174762892902,24,667.5810129340632,20.32591719775775,316.2963141917768,26.68782023704295,18.752166555911792,NO
1.3018938443048462,0.08417781306037289,22.339654204786545,1.9141440628487656,6.0,98.0,2.439776054449071,4,437.5405061620445,22.690908845247474,396.2694535467287,17.648849172843114,18.286683905202203,NO
0.9465578378434917,0.2920955887936713,11.338172113359311,0.986092287893402,7.0,11.0,4.778567148399972,5,277.82869349362113,18.995522833246646,350.1517449651587,30.910132733106305,24.37802435996768,NO
1.1700410226122664,1.23040699689033,10.004955416466736,0.8513627157323846,6.0,30.0,5.385882720379464,5,307.88295539597635,21.09975374787151,387.96528297870924,7.0770677307147425,23.56413542004874,NO
0.16319610293207787,19.43572142235663,1.9519764971515765,1.827764357805823,8.0,60.0,9.46841721792224,3,216.63167844650147,19.505638356560212,394.42609912579695,9.337356748343257,34.597196607596715,NO
1.4111622566742943,20.036273124262497,3.9880372908117994,2.2652211031276845,7.0,92.0,2.956614531662038,6,264.47700250901585,14.732011396509687,388.03096069808646,9.345105566761937,37.2457225872533,NO
1.600059080473832,0.722756331915281,7.067024209099048,0.7254918683753742,8.0,41.0,6.751932873494629,3,234.83455708223934,18.06109289482641,390.0389917804529,11.580357014720821,22.54418863976597,NO
0.8037716996215791,1.4542149038404717,26.330594038220365,0.5857885005949043,6.0,98.0,3.0899253553660206,3,189.0731621071389,19.89516301797311,360.7103287693773,27.820249458047652,15.896873264215117,NO
3.2473316382041917,1.1432532981835597,20.812699802437507,1.3132978850144776,-1.0,93.0,4.780253305663416,5,403.2707676317088,15.113236433557619,240.85887470589324,9.861567079527452,26.628024992099114,NO
1.494076871237478,28.942882629849127,15.148499659985228,0.9625740557262049,6.0,78.0,4.294249522601888,4,270.2054285014129,19.550192646351764,398.49109008265253,12.492463871186253,21.1471004888875,NO
10.577777277767323,1.973062820930644,18.355658537092875,2.074181128061196,6.0,96.0,2.1739320977943635,25,666.6761106534525,20.800302935972024,62.25689351362263,24.31062524866887,9.667073259903576,NO
0.6496707861793238,0.3032364041024764,6.457457168028486,1.2573525662824276,9.0,71.0,4.474351606141058,8,307.897217843219,18.122511520696595,379.89921340168644,4.503051790594533,48.90078722085285,NO
4.766494614403031,0.05865645368648969,18.492596183134165,1.2344804109930592,7.0,88.0,5.106914696103241,26,666.9286686209506,21.62621442693612,51.960165547361555,18.142962154915732,14.719585858298037,NO
1.5718766623410116,2.760858782342145,2.7078585090755944,1.061193674083698,8.0,84.0,3.9184910091516594,4,193.24822780443554,19.425567465546404,396.31655441799217,7.603150371502215,40.20694035338267,NO
0.5810830530067015,1.6242454145536889,7.565902187941596,0.9344415632545235,7.0,16.0,6.365512464854904,5,287.9245616854122,21.346430454579224,393.8368747155432,5.144625857741572,24.623729639446626,NO
0.985504603792084,0.7989287202214207,11.628824277900698,1.4814928316204337,8.0,93.0,4.699536810658299,6,278.5260561785944,18.881226036753937,394.0812973171229,18.94796522524081,22.191501293879828,YES
1.015404624619841,45.722282039003815,4.684317835504407,0.6495532084790303,7.0,30.0,5.98970793880496,6,399.02538926007804,16.349323493755854,383.0036527747303,5.036769860801884,31.556986334793415,NO
1.2250461062177205,85.6132395575557,4.832440063357154,0.9538456277008638,8.0,28.0,10.49713985833299,6,351.40541819188604,19.579848356810952,392.50153681215875,8.37985830859709,24.13004348443952,NO
1.3697543677529722,1.5815018135408792,8.251963140173464,0.9090340192430693,7.0,88.0,4.8813692148792995,5,307.1293954912575,23.03801446192386,380.9149774054466,13.008128372096023,21.69897518471141,NO
0.6726109309885783,0.37408087349451963,14.494905752380761,2.148804794783671,6.0,56.0,3.1200586834104116,7,277.99620381126675,16.64326217504767,393.7760978198164,14.228288686607806,23.35183079182837,YES
1.0439425460054768,1.2565174129474936,26.187877867771462,0.7036370677922668,6.0,71.0,3.356776125624051,2,189.00353625749884,21.43772807533233,389.7240721811144,15.021698989405335,22.362559234053332,NO
0.5671435831500993,1.056705896884723,8.352177499861131,0.6119687630441211,10.0,84.0,3.212421468567944,9,308.103572844128,18.793543432904524,382.09857239804256,4.877267124205412,50.07569292466181,NO
2.2870967375417206,0.17134083782359777,11.065096771802008,0.6208094317766388,-1.0,73.0,4.658474695434907,5,277.82099571009695,19.487116460210995,389.4824485348183,19.34490852418704,23.54976552530507,UNKNOWN
0.4636251050122736,1.866404697845419,7.453263991947201,1.398387034537763,8.0,29.0,6.102545703817102,6,287.5074383565179,20.265117240819066,397.0744978203275,6.881729521321486,23.073338309270877,NO
0.22386906338696044,1.620383479761879,7.216712762263584,0.984573076697552,7.0,69.0,3.6563013707917893,5,279.8852543698978,19.86489682289983,397.7162368411098,10.533922364531522,20.020914339581214,NO
4.92528114067844,0.35249096485750286,19.479282486746865,0.8473041630021799,6.0,101.0,2.201095140072626,24,666.0491744367425,20.351164158785263,375.79328637442086,5.098564808346424,52.262617048857216,NO
0.7086949987054991,40.7452953535047,7.255865720289784,2.0688609656474863,9.0,49.0,5.125398110989972,6,254.390868163063,18.63890834900621,390.69896312628936,7.827010754197874,33.65417901476638,YES
1.260051183416433,1.780811501956018,5.5662515404734485,0.8074483058779163,8.0,74.0,3.555926237797544,6,296.42715355650597,17.42422612264362,396.0276637458435,6.806856275736719,25.471416773313525,NO
0.8441147732897729,0.6837796062868461,11.153682430913111,0.8267189960433191,7.0,8.0,5.352136370119615,5,305.2851678924969,19.56521688245572,391.0733886078944,6.301871013156015,23.316207355646696,NO
1.337702052435778,0.3691265216207847,19.978155362475633,1.094659935426956,6.0,93.0,2.6024967019190357,5,403.28326701030164,15.388660613248328,339.3078801832903,6.016463098998065,27.163140976030864,YES
1.498726102035665,1.953641489658799,11.750090769529663,0.8842210411202249,6.0,93.0,4.370907951424731,5,277.9781943662404,19.98971074148113,393.63012832398476,18.3310477932452,24.35692090502434,YES
1.0488066170916694,0.4685418647034119,8.225857554831833,1.0846143294679589,7.0,64.0,5.22386375418067,5,308.77281977491396,21.321982468766983,398.12051578200607,8.712064966518268,22.163779888045102,NO
1.6245494942909016,0.18051861166112834,6.928019097333515,1.599095329056635,7.0,90.0,3.2892174012596866,8,307.03768402111115,17.945714166955483,393.025731947944,9.822813355640562,27.186108948723827,YES
1.2712599825125086,30.81214773778278,5.294205036874259,0.9938232581127617,7.0,44.0,7.074895907660631,6,300.6580194810904,16.822617583394383,384.70762076652346,7.6018165399236945,24.07447990074727,NO
4.074571886270316,0.4022231221128056,19.78318109210894,2.072969133647131,6.0,101.0,1.5762303509574769,6,404.60021771595194,15.238990336694837,170.01322104653224,18.78717712510005,16.9735213777119,NO
2.8437743478492106,1.3840685663772574,10.31802272647817,0.7179438791984021,8.0,83.0,4.8971068944638745,5,305.01952423550756,19.41815503791203,399.0482005759616,6.673578630914405,25.00494662306963,NO
1.5408084265313453,1.4950344060736023,6.513969151122003,1.021802195564013,7.0,61.0,5.960074566206079,5,225.77910969845905,21.947793517995073,396.0829891244889,11.423236057021878,20.108492371158285,NO
3.3603496664692045,1.1021660910647355,8.887930091454882,1.390559639139651,7.0,93.0,5.707787025107746,5,307.32765668709027,22.60116649377173,398.0272076348868,20.256722529245806,16.121994238623962,NO
1.0168590498162913,0.7317074710276485,10.061557219586721,0.8071193447854095,8.0,87.0,4.616025618849703,5,304.41047091732446,18.65132566689312,396.93357670882506,10.930382985110926,24.922588431539374,NO
10.23849056571807,0.10572770513582937,19.857507006524443,1.2758540427959928,8.0,100.0,2.7331860301711552,26,666.5854354398008,21.05876612714908,397.14333602894726,21.81528047964087,14.419899936946239,NO
0.9834647237809552,80.26182452758658,2.8001710077713042,2.220860856689757,7.0,30.0,8.417388122030461,5,280.01003633130676,17.624357672507198,391.9916960907456,7.564293912598595,25.07753474960315,NO
5.461363494992637,0.5070908479524121,18.648069832767828,1.4370672546384928,6.0,54.0,3.307254476804337,25,666.5185995035429,20.591317675105998,388.30299370347547,12.355097277626863,21.004613221292036,NO
0.8296363894241029,21.46962300691981,5.568364403327772,0.8130525540515565,8.0,82.0,2.8195238040418675,5,264.30882732046825,14.106489629096268,393.2179777139999,10.45102802713382,34.40399828450581,NO
0.9366040446295574,25.28685073533323,4.944486509393802,1.2267911424184785,8.0,33.0,5.630497807717808,6,281.2638435845156,19.404102436073753,398.4422177838011,6.771510471525488,25.085211766192558,NO
0.6827986889357771,30.943126345120675,6.217082763351469,2.194609932022195,6.0,9.0,7.6261064018668,6,300.05316294162026,17.355542369425088,374.87574986486,7.012236412704999,23.71451179286178,NO
0.28803563233916474,1.2006551122611944,6.6177889929809215,0.4995844856281012,7.0,62.0,3.6363378025677986,7,279.92123977578086,19.969799774484372,378.0927629397206,12.514671661020014,20.36214290274739,NO
2.544968883201529,0.4591644577922704,20.094413842627752,2.07978943363944,7.0,96.0,3.137876329710465,5,403.31866381083563,15.791442323470317,330.56180994697723,13.300796798810257,22.43942527686885,NO
0.7947203380510333,40.505742331002736,6.897958394076563,1.430870433068833,8.0,51.0,5.5909177223438205,5,254.25796349623167,19.288029813583165,391.2136818644006,6.14259463937576,33.52640583743057,YES
1.9625763407956218,0.05204141773175972,19.94880449175694,1.7350584570130265,6.0,93.0,2.113876942737065,6,404.01298463171196,14.838019627603787,339.33399704009537,6.213977625985937,27.807675773933784,YES
1.5397204017004205,21.15348193130419,4.100798210570175,1.5133740933201891,10.0,86.0,2.769078959450212,7,264.15631346068653,14.731287745659179,384.69361642604457,15.85944302207697,30.750561678748173,NO
3.38412381128781,0.14573312760962054,9.0547312249026,3.240141143407196,8.0,101.0,4.640461884797254,6,308.5666062969539,21.10939182532035,378.0378750374045,13.591681191144097,15.12502518390693,NO
0.7272449317147689,22.039964545691177,8.37405148377047,1.751441147411257,7.0,18.0,4.581102967276411,3,223.23468257639504,19.21812293761477,396.9265939702707,6.766281376220982,26.79814744058249,NO
7.639237993656863,1.0804522422156142,18.791261934361856,1.5375675621093348,7.0,97.0,2.8285282445108777,25,666.4910078751278,20.70601722321706,396.96241227114064,19.925200322523693,12.679383637728005,NO
1.835942475455718,0.7670186764466715,9.088165451911031,0.7939167386046565,7.0,93.0,5.211675064708549,4,307.6972808259659,21.078388458331112,396.94811188090364,20.469083227040542,15.767806032728654,NO
1.4887827423707753,0.7029503852840439,11.900896754914468,1.5441323318679527,8.0,7.0,6.076364347871125,5,305.69217236800023,20.135427687494204,384.64910223412005,7.827611476912166,24.81788927797935,NO
10.565764647140636,0.88733044060415,18.111659969609583,1.2652334114001267,7.0,94.0,2.3904931343501827,24,668.0863545330503,20.892278189238798,397.6965187990555,23.37772120394445,13.181324550897072,NO
0.9899448693624642,25.54748749067644,6.0993404740926485,1.8838802556006398,7.0,45.0,8.388386050732972,10,285.51614499743323,20.628838459157162,397.26201852741303,9.572479189239282,27.147844182801983,NO
0.43204198651715026,28.87373211865058,15.905641305878786,0.9045286579880178,7.0,78.0,4.117183861843921,4,270.93020346500236,19.402330498596108,397.77530873977446,11.989290892204652,20.76279987729764,NO
0.6452046216550318,21.730844083851306,7.492965056849774,2.9968615018239912,6.0,43.0,5.798552901984506,4,223.75246662186458,19.431433938291516,389.26236774327606,14.070772436534108,21.54903122705905,NO
1.7137188837794575,60.7974474193393,4.130624688384273,1.4846081976673289,8.0,20.0,6.923986956178444,1,266.22688481382403,16.615206723241023,377.98589592677905,5.340522748735996,30.30029466327319,NO
9.646164260375937,0.2160549538407414,19.182778476998138,0.8436935606197175,7.0,-2.0,3.5428777368539937,24,666.5003176636112,21.492808048790977,397.15415268750866,15.463445275906889,14.56855429322686,NO
0.6057373669838753,100.89309608362642,2.629214061429212,1.2319938331178693,-1.0,42.0,9.315730538016124,6,256.4768360951078,15.36206462070852,393.38754836469445,3.995023644387084,34.80581406932534,NO
2.8798317785178207,0.2083136494053012,19.896209456389602,1.7459903667460948,5.0,98.0,3.984951483594182,6,403.9750631173376,15.521868165066987,392.86737869495755,30.416011225324294,15.01317891417634,NO
1.2226936192848945,0.7360105504331076,13.19609754432753,1.1853212142934346,7.0,77.0,3.220590091516431,2,273.45189394006167,21.182758620762506,397.97007300214216,10.360680982609072,21.60870415502212,NO
0.6215835862533041,12.807168478877765,8.406267995257565,0.8664297442512283,6.0,100.0,6.28428126338499,6,311.2707185359161,16.655811158673803,387.40729980859646,31.3375700495192,18.24630488390953,NO
0.34393409096535155,0.24169893082128827,22.046863774881814,1.948302795953608,6.0,94.0,2.0503127460843036,5,437.53714082821557,21.29149323501565,378.89653131918476,17.092066838703833,17.9241642302209,NO
0.7352094001108135,0.5577036085603129,28.600792144454207,1.3870986851526013,6.0,84.0,2.53646165870693,3,189.75844453450438,19.620312041933392,379.3285746086965,14.933432270504243,21.9356058968999,NO
1.5417811954572411,20.62719909019767,4.886261727935028,0.9091826179487883,8.0,53.0,4.0750291003031265,7,264.0632857997117,14.093289291975314,391.6502396812534,3.900188684648792,45.05448160172766,NO
3.586899739532286,0.36704904295214136,20.813616355745992,1.4923727428017513,8.0,94.0,1.8299439535368889,5,403.91361844787684,15.036125502769973,358.4900276019089,28.52368768838123,18.627895398676472,NO
1.1607562887655853,2.0468115122025385,11.18676848893254,1.6060830904135253,6.0,78.0,5.284023378819699,5,304.2574553898305,19.328804450158298,396.8699177126513,12.091653980483342,16.62206228934808,NO
1.0967495785937749,96.62128949620337,1.755301970199673,2.0167072656503424,9.0,14.0,7.9543747720538525,5,403.2250376675796,18.42519069289786,384.8506035210233,4.507737261918159,33.9698815205162,NO
0.07313295024571459,83.07264284700526,2.4891101577214307,0.7707790243925939,8.0,16.0,6.738712702376237,2,349.919863535932,14.776612586652556,395.53286008356866,3.7477171191133065,44.04810527008137,NO
0.7026907008240014,95.59638945531616,2.0778932457456443,1.8802406321251404,9.0,14.0,8.312675798709282,3,402.5116694126156,18.553152981780734,384.72113331252564,5.531470123057756,33.352213726462786,NO
1.9195309481631462,0.27960848989554427,20.5189638169809,1.0434997898249516,7.0,94.0,2.281840370994785,6,404.74020954141463,14.787199722928255,341.21232220147505,6.668761038640168,27.928248196049474,YES
5.291938394363072,2.2044267561173196,20.23966943445271,2.511936649092634,7.0,101.0,1.7341519954534992,6,403.7596675172395,15.887598550899291,397.1693750481128,27.007602406750937,16.226233155214114,NO
0.6669790674596373,1.253924275465045,8.652747793685855,2.0227356192436243,6.0,57.0,3.513568756424049,5,384.8937193992431,21.681206842304178,394.61989208656814,14.053017158341866,22.493519001601676,NO
0.709450292936717,1.237736941707022,5.977648160157272,1.4887724140400753,8.0,70.0,5.2761818792930475,5,279.4700345975247,21.082307629854,397.24941555468325,11.391272932802822,19.71751863806655,NO
0.5118561854668535,46.40239657043385,3.608153134933554,0.6015825020729829,7.0,23.0,6.507943537579745,7,398.4136602453044,15.976485465382991,378.06443910317086,6.083776000621015,37.36299031047252,NO
2.9334727142519883,1.0074287843080911,20.227004139151408,1.665298374433185,6.0,99.0,2.733056034620658,6,404.21973325487414,15.679395266613769,348.2713123586348,13.28381952012853,19.747183568343335,NO
0.739180475234396,0.4202750005226965,9.017938217817234,0.744370830287955,8.0,81.0,4.1415041164173605,5,384.2812437957042,21.695745162659307,395.6490261499966,9.771376691432245,27.829949669002442,NO
0.42798836125690093,90.16455225741066,5.935540443295556,2.1378571994702047,8.0,35.0,6.94787551037691,4,244.00527583769778,17.235739878419746,386.7435092496086,4.262239421874131,44.76215319389595,NO
1.1513333736190372,0.1871530576188262,22.98071470805139,1.3960708576929384,7.0,101.0,2.4958215716407115,4,437.5346592367602,22.00298796386564,397.13758222546954,12.98799605926788,20.514576876546858,NO
7.894649007414093,1.4923385912652989,18.8435778025093,2.2615253834976117,8.0,87.0,2.9493628355300245,25,666.6948376789035,20.787592674507884,2.6703144801803598,24.12351857984687,13.405723457588678,NO
1.438967345990492,61.26103150002137,3.5882327203131474,1.2582166160723662,8.0,12.0,6.769010856774262,1,265.1204264273345,16.38824799452574,393.4672707068296,5.984265370764468,31.62769771769748,NO
1.170165375428828,2.279218963861434,4.973554510060519,1.3715021818281226,8.0,84.0,2.9859266812145226,6,298.43312962379355,16.774470628745583,396.567047005198,9.896192753827696,24.391247091904745,NO
1.882185205506821,0.667319308687646,10.968887750309513,1.177177071141594,7.0,43.0,5.292442089676213,5,277.66137629386225,19.54984504187596,394.24419712411554,12.1921633173102,25.792269490055165,NO
0.140138461183878,81.3048808454273,3.9433876034586985,1.0997437912889518,6.0,21.0,9.596906892431825,1,315.5509673705056,17.006196270239982,396.38438389997543,9.335000269511678,22.048202577276754,NO
1.0844190424949014,20.16485827893072,5.026172255208851,1.7339323852874717,10.0,88.0,3.187179774803894,6,264.79225843091905,13.341700256914713,389.75033202495143,5.353829734852995,50.65592240894064,NO
5.542417500359659,0.07444779649984691,19.92269932725555,2.3808782504574832,6.0,89.0,3.3116073026166255,24,667.028974582966,20.215421866224077,10.709169549773094,20.651411171672567,13.539979171069216,NO
0.21593801133255452,0.13332335122558703,5.987160580094188,1.3080545401447576,8.0,76.0,3.3296584608738837,6,296.52164204793104,17.389234368706386,392.197434523601,6.964283312801168,30.437771985719134,NO
1.8945046617396404,2.211832919537813,5.419895981481946,1.5606007764231555,7.0,46.0,5.031958118541511,3,247.7173522030705,18.874229476618165,397.57227208299867,13.09190344859618,22.65329388000026,NO
0.7396602008296221,1.6330002921732882,9.13849114702148,1.843744523312094,6.0,70.0,5.609467542508655,5,307.6452879862643,21.914513026217175,391.8300901732898,11.889066693932117,20.470103833461557,NO
0.2727916053284528,75.65138490617777,5.007871308165299,0.6729577398818218,7.0,48.0,7.419045235140147,4,469.67226224957744,22.270898274065623,397.78779640574754,14.938206242502067,19.33940666755911,NO
9.326555556840288,0.06375380327590256,20.037467307419913,1.302164663847719,6.0,82.0,4.033983995538549,24,668.0424319219935,20.778747432682863,5.35023659879381,17.911529053579766,14.2361239402316,NO
0.8204128522576337,45.396474829600436,4.3766299915418445,0.9258733470826239,9.0,28.0,6.815953764269315,6,400.97172601549573,15.651419679083766,390.78583379358537,3.2564089400807834,37.17373009286859,NO
0.13391461651222908,0.9508724917082104,13.305360216340711,2.514796657225328,6.0,46.0,5.56265086249817,7,398.4741768083747,19.033026723803054,387.5253728064154,10.520881983043525,21.61210065178104,NO
1.1342011089687294,1.2252319397778009,11.774800508282276,0.9731641552884269,8.0,7.0,6.13482570751325,4,305.17862238913057,19.71430678174508,378.27859447295117,8.259430535779225,25.06153345507626,NO
8.792445933912246,1.9637380787475442,20.362406943565166,1.0762564005255113,6.0,95.0,2.8507731654976007,25,666.3860767574262,20.479448127622952,320.6004877083615,16.379197235650754,15.837128353790956,NO
1.2899437701282555,20.85247605370967,4.752379796707119,2.6890837434090926,7.0,64.0,3.7103532015822607,7,264.72787578931053,13.397229622790361,392.6726701178059,11.084097434390785,23.36497161549295,UNKNOWN
0.7602417364680117,0.866389485545408,7.711369890790122,0.5662045136108222,8.0,54.0,6.482336207816629,6,288.2757647253309,19.780398808878907,398.5634226825187,7.426773950582489,23.87732788443287,NO
1.0922627227471504,0.3729091905706215,11.374332184282736,0.7475700665769716,7.0,91.0,2.492195094266047,6,385.2998092978245,21.1073239431468,394.517448285008,12.478245002972242,21.329781499204124,NO
4.8823675517786285,0.8392667747156908,18.403330375737664,1.1916045638065524,6.0,89.0,2.7216795016320177,25,667.8357788349134,20.41452877380425,10.764084367865053,19.883704519582302,12.944034783588853,NO
1.9593907495958134,0.21336233783604278,20.57295018930994,2.5492836141191875,8.0,80.0,3.3861666066133678,5,403.69520038707094,15.571812572735379,227.63936063244142,13.229499989859912,23.995016057116533,NO
5.840630664740152,0.7903536459778585,18.97586251662369,1.7013219941265563,7.0,83.0,2.8706136251738856,24,667.1047995981089,20.585132921940044,379.09437061054194,19.94579038868239,23.575475554965628,NO
0.9613272765198893,81.23740767126016,2.356934576036932,0.955256391833677,8.0,35.0,8.5479210666016,2,329.1417857417501,13.770830269173718,397.7790532380349,4.688696388841121,34.91987386940693,NO
0.22526893441340434,30.449862126111977,5.65347712179136,0.9275717122630959,8.0,42.0,6.288345699062443,6,300.910437202871,17.76213678390898,384.23914422333235,7.605059152654534,24.49864979521315,NO
0.06995086002948475,0.33860656362986036,3.8211561284719653,1.6346094464325067,7.0,75.0,4.353908868069394,3,271.9613718379592,17.894711724163386,395.30256472334435,8.538329295010142,22.883683065371056,NO
0.67253402614514,0.5719304005500991,6.665203546380924,1.5986034873525377,6.0,62.0,4.098629157033377,5,279.29416750073705,21.098405723094316,379.73734222274413,12.128494430182208,20.434532066732533,NO
1.3329288822274417,1.3794889868993025,10.778593508289724,1.732589611645699,7.0,-2.0,2.3881844597948034,7,432.04480938666313,18.586938034046856,388.7778864064194,10.841646691024922,18.575293008405115,NO
1.5215027388520066,90.37201001827981,2.7592169820128696,0.8814167397820456,7.0,38.0,12.474764475035848,5,188.5128966790306,17.813377983914034,384.5740869849065,5.353870441692604,30.527820274816253,NO
0.8334667506846459,0.9988655307614474,4.716455015625126,0.7507177195579391,7.0,58.0,4.273739435588097,5,247.3481410080307,19.451847676819863,396.3341816344682,9.193657674839042,23.948261304458853,NO
2.217976234020145,13.187917977791944,6.507673320875645,0.9201541476353075,7.0,33.0,7.944707834640692,4,345.34980757091995,19.574502573971948,397.18888322197523,9.989858266966772,21.441819729046582,UNKNOWN
0.24024981596569975,23.103541734759855,5.960745328311387,1.442163138205799,9.0,7.0,9.688934841379616,8,331.4600937124323,20.136003439917623,386.55440042517085,3.585391056270093,30.64532051224314,NO
4.642069218055103,0.5287326793608018,18.968887188200718,1.0196614127374592,8.0,91.0,3.3277804010804832,25,666.5859904718249,21.72801858384938,396.3702151666262,13.157056296777567,20.183634006501855,NO
5.996780881660523,0.8922342962104928,18.997938046523423,1.2830233477345472,7.0,99.0,2.456944073041404,25,666.7748986072103,21.318013362693662,355.32063138966134,18.254238886902282,16.16918470148627,NO
0.1693755457547151,80.39014700363903,8.320555024755562,0.8799740521817219,8.0,-2.0,7.395165793563532,5,245.23526051307005,20.117342364462598,397.12493544431817,3.345070115523498,29.8156447830906,NO
3.053014024418969,1.7698739059347424,8.863307267280321,0.8572256722122532,7.0,94.0,5.643870969398783,5,308.50999728827213,21.879176111867505,361.7092250351722,23.51320127242562,13.137419994472637,NO
0.5080894587002086,0.5800922290094696,13.22094458036429,0.5336437650319635,7.0,47.0,4.73128551738004,6,398.0667695813901,19.383227265774078,387.8297821928295,10.345294389174505,21.273141182402515,NO
0.8373390052086799,0.7005111623102558,3.0849822253511676,1.1905138839065443,8.0,77.0,6.4651421796307,3,277.1556257063356,18.353369579908282,397.6582460602606,5.524473839461785,40.708976585748154,NO
11.790197020732498,0.803815360699723,18.476764440367376,2.2300521092812846,7.0,101.0,1.974002481687731,25,666.1222014908044,20.50684053964991,366.8648748796216,11.129185266302876,51.682695702371845,NO
0.35108724768777555,80.18302347372557,5.879197071766761,0.4831552034803056,8.0,29.0,5.586139174207348,4,246.961559179569,20.135090461988973,397.52672915553006,4.761711943353977,37.73273846196549,NO
1.386134592810651,0.9661789548706217,8.679951856742086,1.1330433469732442,7.0,90.0,4.48587820642467,4,307.0885487291439,23.120750863698397,380.6172396171878,12.877314529900554,21.89039684291444,NO
0.828225926142255,20.994086635584644,4.61378667874657,1.279743145526938,9.0,87.0,3.556982908405587,6,264.8210648281779,13.26085194016107,390.0842977594345,5.307062462210601,50.53235406419619,NO
0.9339710937918556,25.378467080216637,6.51722635986297,0.6975548374256182,6.0,34.0,5.431601698783073,5,282.0231434933567,19.401914480571968,397.8782257766014,6.819623795919522,26.123964601201276,NO
1.3579054647652513,0.4728378070890718,8.548439025650072,0.6803551862881597,6.0,99.0,4.011018425480989,4,307.78743951264187,21.658479308788277,378.4654398827167,21.895000576186877,14.356819148650645,NO
0.7591571186964594,0.6377848606636727,6.963983831976925,1.2376682866851376,9.0,71.0,3.820720275733932,8,309.3446118278693,17.836069343425365,379.341196552469,4.195907597976842,49.14988258946595,NO
0.7714074250452789,0.5426629217853075,22.926984052500597,1.2069341803729428,7.0,100.0,2.668961352426129,4,437.50799972011765,21.49760519316148,397.29328953930326,16.378452411533207,18.53868738261139,NO
0.35967563640487843,0.7809223451191486,11.022900078209101,0.6288697578048635,7.0,99.0,2.6614900840060045,6,433.235134708951,18.380719093594553,398.90050959777955,17.860319713323726,19.41594944771808,NO
5.571610652411249,0.49416361125191594,18.659442289535434,2.1028739568915746,6.0,96.0,3.262276980886858,26,666.2169146593294,20.991339069892337,332.810188619249,21.38904499498567,20.742957397641582,NO
1.499613529710878,0.9940590754617451,12.848977907541956,1.1877538446140672,7.0,53.0,5.242114984503852,5,277.20764373472394,19.07905691390889,395.33670484293623,11.160522833679911,25.078802298761445,NO
0.4644716911133322,1.487740773943471,27.824720343376356,1.1652947191823577,6.0,99.0,2.964882116541479,6,712.5452820452314,21.441677877643134,345.31630752049114,26.125143523170316,7.073199944751673,NO
6.842297188489061,0.5808187801835936,18.170031701218527,1.8491971921602595,8.0,91.0,3.9772870417850505,26,668.0722732663328,21.03002290093018,394.3477847080793,10.485564378749832,21.43157313105008,NO
0.4814430234633439,1.297227268367433,13.957742329595538,0.6346572031763856,9.0,51.0,6.0037472126150675,4,290.93958797179215,17.08419271355168,393.5240664382548,8.070221808331189,27.601192727309012,NO
0.20292480419005188,0.4522420790651489,12.9011565093078,1.504438681114902,6.0,7.0,5.27362175966607,6,398.1982483624396,18.914230048959844,394.9559672703263,7.252924468238066,25.34402631003,NO
1.3414445423901546,0.3138204156131526,6.477544020794236,1.8756693525056463,7.0,36.0,6.371733604358031,5,224.25311159798977,20.983620251330652,397.0395930681893,8.43881037437468,22.34544271195744,NO
0.900451963853893,0.7386421458127597,3.7657544753342123,2.0156192587123907,7.0,63.0,3.0883843489586247,4,194.1089872001128,19.72004729056146,397.3600064520888,9.79034610098415,37.319605973824416,NO
10.119427232983444,1.5056950831362796,20.46700024481084,1.2784495154977873,7.0,99.0,1.9417685143849028,25,666.0154933196649,22.566859663757597,397.65834783701797,22.31637519784678,14.542372314516244,NO
6.501931661896408,0.8647915645906293,18.314511142648794,2.989345011200029,8.0,93.0,3.5942459806319706,25,666.7617064343203,22.42540136355982,387.09989431124967,17.621690314241857,16.600230857738467,NO
3.324703163743431,0.12770833983037977,21.110815957169347,0.7177452157113406,6.0,43.0,4.4742799807887845,24,666.8880437758626,20.3127771591219,371.1545638058948,14.58439209062656,21.392644373093074,NO
1.8381435879800123,0.19893877333017587,20.254244348273062,2.5707676579487395,7.0,97.0,3.8286712801815113,5,403.4434023301743,15.401120370449112,321.6650848223415,16.342596223247533,17.530678069167617,YES
0.823647167636959,24.288844815279827,6.573670696077519,1.08255241718315,9.0,20.0,8.12215054731949,8,330.08666803082957,19.328322381765773,394.10416734740033,6.678213123339341,27.811488502995008,NO
1.0184090104900754,1.5333908869412038,5.923951869621069,1.0624602910462309,7.0,57.0,6.012398325387709,3,247.02645739852514,18.959021853996695,393.53914923515754,7.743182560178134,27.49395253365174,NO
0.26489513243102936,0.10626842054098198,13.90808290366736,0.7968697577199828,8.0,88.0,5.025180205621229,6,276.32196416017075,17.238345469209424,393.07883102316987,11.709107952872209,29.6922303246295,NO
0.33993475494208464,22.63483876674764,6.436654091587649,1.9479638325419697,7.0,36.0,8.570085552306784,7,330.35004800688364,21.211203290958416,390.29326542931875,9.561526106012634,24.74610120255208,NO
0.46699176251517494,100.86103985229747,3.2289455098580495,0.488688678338196,-1.0,41.0,8.786722708665586,7,256.2819719461581,16.014752138718734,393.42547390230686,4.395824505515051,32.01215194411384,NO
1.5703894419601203,1.7246155407406722,8.44744575755178,0.6210114463499543,7.0,21.0,5.18323829721008,10,307.06183264830076,19.244010063779424,381.5196772095227,4.397256587406046,32.08596550015949,NO
8.64345817030118,0.23763951771383293,19.433429105643214,0.8440935055320578,8.0,94.0,2.7317100624019583,26,666.176087625981,21.362692435936143,0.5838277675783745,18.116955796715615,13.62440685303198,NO
0.4820247422861678,40.410509111423714,2.163118775984082,1.1116198538755517,7.0,45.0,8.884431909186032,1,335.42887896398224,21.566651101729622,398.76481070945016,6.7150265085755905,24.512517260328515,NO
0.502977166342802,0.5438266039020508,13.677401427204972,1.5981518430661557,7.0,96.0,2.8485478278069816,7,432.2114088185895,18.260816445078163,397.3370219487541,18.66173836519009,18.807653060946514,NO
0.8978911770706604,46.927436914438466,5.182993069267823,0.5320825915851894,7.0,27.0,7.4788088651212545,5,398.77600029384126,15.264473493180395,391.815108188575,3.330758912754526,38.058040795701025,NO
5.091863293458835,1.2374174792186678,19.01206972055764,1.5678321329988516,6.0,90.0,3.8642064125701117,24,666.1848100627125,20.57581519939687,391.8269383172024,15.541721007056545,18.745704631078542,NO
7.412287033664158,0.6184405920944351,18.335214751182072,0.8882613069920957,8.0,90.0,2.9512616026868304,24,666.7997012467489,20.987921792632697,100.5320319138813,16.391501690891467,15.522542656889613,UNKNOWN
8.15463174775443,0.7979355897878115,18.302490994445638,2.186698364487747,6.0,99.0,1.7040110152284353,25,668.0921060375156,20.557814395771274,394.6829360575079,20.004691944525934,9.229190584076074,NO
4.839527039777648,0.499153104193374,20.088734155703374,0.9459935389047168,6.0,102.0,2.1240422149552964,6,403.6483725347725,16.484743484998752,397.35373270809737,27.809667555586604,14.80673262393188,YES
0.10743686786618559,45.26333691154671,4.6393975847921265,0.8116827101601316,8.0,26.0,6.582729511385982,5,398.89182150126425,16.78465929111727,391.88866204851126,4.242868929225998,36.6115737950566,NO
0.11045737359550492,53.88754544173908,5.646886164899419,1.0401840578605013,7.0,32.0,8.1763150203736,7,293.70416881793113,17.588323369266018,397.14863055067656,8.644352846491712,24.76843887825045,NO
1.6967195898457168,0.5289389315396804,4.594949981717196,2.0634472456528234,8.0,84.0,3.1095075775179244,5,296.2368094711604,17.471190345289003,396.5279803962279,9.442925108723415,23.97297022245906,NO
0.9568662536932814,1.2728886605920937,23.599943807703625,2.497004903484187,-1.0,97.0,4.549818099013258,5,437.9168107620289,23.175275628024004,389.251095115899,15.971480309106536,19.405770643090474,NO
7.010514021316509,1.0261321393896323,19.35215524580567,1.4691194868130606,7.0,85.0,4.227933944143525,24,666.3051491239552,21.103848366865307,397.3053380044108,15.182715625542231,20.552532188707264,NO
5.290667313788386,0.2567386270421624,19.02685255126192,0.7397201570831927,7.0,94.0,2.9177935056119058,25,666.7788681012314,21.047226584363326,396.2298578833681,18.80418292596899,18.38495355873893,NO
0.38650445494720326,0.5752040997018839,11.992356302051926,1.8743097313891792,6.0,89.0,5.442171702607786,5,278.4625142766209,19.87228015700668,397.366309097587,24.55559770620999,19.42352713211613,YES
0.6895816809721725,91.7897642593543,3.3513808636589335,1.6642869632430943,8.0,22.0,7.887780098333923,2,286.17156572021594,16.76402256923566,396.17020285451895,8.494693935521205,34.74041787258536,NO
0.351508350185633,0.10879886370752072,6.003565855282282,0.5339387979380948,6.0,69.0,4.392239652526816,7,279.64765752093473,20.056994778000327,397.7279875561379,10.55418369928922,19.398388553334215,NO
0.3187534702719577,0.8200657260149703,10.130947069296543,0.6612152409284715,6.0,54.0,3.185352942289368,7,391.1912401685999,19.86242241925088,396.9981785514526,12.390390510251832,23.23862903119735,NO
2.4206232923167232,20.196161964266143,5.728296842981892,0.7532855933432173,8.0,101.0,3.273347271101178,6,264.08859244974343,13.4162107219618,392.67659535860383,8.054554075214153,30.371818160641897,NO
1.3037167194416979,0.8517162629223407,9.01353061244009,0.5624722055979208,7.0,101.0,4.540793017447751,7,307.7416905497868,22.011308298305647,395.87695134169593,20.070627880911314,15.487802312397422,NO
9.866315075574613,0.8948372415396849,18.479093867341955,1.0581003160187796,6.0,72.0,3.765663678359183,24,666.3385566489254,20.91482902420723,5.02745330685186,18.17608569855014,13.891415867415212,NO
1.6801630898883395,0.8463702749038757,2.9836697346162375,0.8833147219305386,8.0,59.0,4.090315208205736,3,278.7522525303669,18.546208563360707,359.3046918913111,7.972974825919881,28.448310603186986,NO
1.6055024614927629,0.7474810822356822,7.176331163037912,1.5751882164473803,8.0,63.0,6.0719490307700505,3,243.66254512491153,17.94920737546699,393.19116242923724,5.494442759781716,34.821378583675425,NO
0.34912469380637545,75.85474718392257,4.2789799693990975,0.41669747186515194,7.0,48.0,8.107506281285055,5,470.83262822324036,21.648333381303978,397.351654356863,17.867207215698986,19.785863779397292,NO
3.0674986174009717,0.5294566755937569,20.06729488686822,0.9499771511663843,9.0,98.0,2.384227687512845,5,403.31389129797924,16.376014523252643,369.64664558883794,4.078102565098515,51.218099460365416,NO
5.579245002335185,0.6211537511589541,18.768300424293617,1.0501040551054655,7.0,100.0,3.213963870068323,25,666.9976295325013,20.420523368639603,356.91284694238084,19.4958059272404,15.52456462816345,NO
5.384969601551772,1.388363605131144,18.756617843082253,0.8975219519901716,6.0,102.0,2.6678383226366345,25,666.7665649625618,22.604531578369357,377.71024220813683,3.5812804519750037,50.848956402628026,NO
1.5429831030669399,45.45812436681981,3.8278063653740304,0.9900549670178942,8.0,28.0,7.340246268982114,5,398.7583344454083,16.107598668959273,390.72618075137655,4.255982565599596,36.40210222989486,NO
4.970686762299759,1.7765814113511704,18.692500786082782,0.7611568908962769,7.0,84.0,4.213356196635449,25,666.3960630645431,21.593942291023186,398.56624662552514,16.926198458049896,21.024285692449133,NO
6.119469736622209,1.4772133415180007,18.728943129942117,0.9231748870211351,7.0,97.0,2.4346746214718316,25,666.2223982592143,20.651807583483954,397.1043956558949,21.961191923334987,13.084506929852578,NO
8.887683594082967,2.772914600361062,20.132231732468323,1.4381642261511005,6.0,99.0,1.9551638965731581,25,667.9725094947271,20.515613934543076,397.615405552375,22.6718332820542,11.98874192144405,NO
1.314217584454464,0.16608704043501618,6.14112189432906,1.5129026241357146,6.0,42.0,3.971390287429221,6,279.50606587616807,20.149387713296317,397.17434474011003,10.066518092302406,22.479214084650266,NO
0.9408355666617172,2.2680768830669207,8.095387508088528,1.4547805955445878,8.0,79.0,5.236511641972287,2,242.90966356870905,19.461294900842294,396.99362855229305,9.8084151885147,22.980261919697263,NO
6.591606234242377,0.0638482559186048,18.282789178443107,0.7844087031096172,8.0,91.0,3.4844058295518785,25,667.4535068308265,20.385035945942548,394.366507479098,13.172835661593878,21.120490353188103,NO
0.38730068776851484,0.9286247454934544,3.9137878582740226,0.5106885763428398,7.0,75.0,5.3223420472920475,3,271.2662324796157,18.12692637957091,393.57309731709597,8.853171286180064,22.2435397638601,NO
2.5460013083429596,0.18496855213865715,19.73697395957043,1.9581520439937374,8.0,100.0,3.844984236300906,7,404.21051500029404,15.05317338188698,367.44582853700547,7.751098494814721,24.445343200487404,NO
1.3317385941538644,28.473777795373362,16.109037337874895,0.608907845303717,7.0,30.0,4.399207453180564,5,270.6279822711291,18.610507831763766,398.2173819399271,6.494441946356203,25.68920737566191,NO
8.551228618288853,0.8183550925677173,18.157912377789476,1.687914719231113,8.0,86.0,2.4183075177103106,26,666.4440875559643,21.395439336793952,83.69589890512627,20.285304298119744,16.440917325998463,NO
0.713527211102305,22.053255546450526,7.010663893987366,1.4658461394491724,7.0,9.0,10.529799966168092,7,331.0164097796825,19.64641840531827,378.14762635323814,4.95711805086086,25.70252461781708,NO
1.1674753675980576,20.70725030039949,4.21948466949032,1.058640466112293,8.0,96.0,2.655209929634154,6,264.6049780119632,14.266887013790083,394.89886132042034,11.445032273637725,31.862472654185044,NO
1.072348100655014,81.32501055803347,7.213911521020041,1.0401518948190251,8.0,29.0,5.741001041861347,5,246.96049565897934,20.520103930772105,397.27989760214274,3.759360253092716,39.06054906173022,NO
0.1026490871346359,1.4023345729022054,5.284067490782202,0.7603943734092031,8.0,39.0,7.060722503517608,5,224.48689802596073,21.225792865847986,389.7537487368717,7.261236445696853,20.73695614786054,NO
1.1618420955009052,23.59440960305014,5.978904252733871,0.8061862165420086,-1.0,9.0,9.815041943036388,7,330.8366789886524,19.579099232749424,397.10971045100234,4.9899768433816805,43.04669366300794,NO
10.391214005853218,0.1441774335755908,19.19652140961091,1.9038312724645832,6.0,95.0,2.69511012863238,26,666.177900816163,20.618066076176067,397.67928647286413,24.766831437570435,13.038187210197135,NO
1.587342941775268,20.705176403422552,5.235407449328964,2.814100735803427,7.0,95.0,2.8312513836327953,5,264.8652679917488,13.578734672093454,393.5665579366892,11.332100163716131,31.56687800300504,NO
1.890944256347678,75.8538106323585,5.072218825648997,0.8417089255029457,7.0,49.0,8.222230467333869,4,471.59354792826156,21.944527088650897,397.2568126980021,15.380641836196263,19.29211867077252,NO
8.17786381612911,1.4552036564718356,18.725328767802733,2.175151486366385,7.0,66.0,4.0802838543541275,24,666.443309789942,20.950525282054272,397.7563027641131,13.791954603004488,22.526280125022293,NO
1.5363252690130484,0.12800398481753145,8.834835780759501,0.635402013058975,7.0,86.0,4.3269265803732315,5,385.8687349852469,22.396798577074726,72.01938514677776,11.022463625015922,19.285076159785394,NO
1.1190687558934538,0.8910315007431678,8.340532377770423,1.3857056088122808,7.0,86.0,4.681449112995486,5,307.3777084230349,21.0211533900245,380.1487005833063,11.077032107253064,19.573965861840218,NO
0.08525141455585539,0.0787330760594358,3.706449272891837,1.2983080263491595,8.0,56.0,6.097935998160509,4,222.45502812420472,18.808973848642033,397.69999751897984,6.767156268313622,38.520752128898835,NO
0.7521041535135002,2.59611778958273,10.042612683577891,1.2862544207015034,6.0,93.0,2.5791416668881473,6,384.87330702247806,21.466361236064014,395.7501704457477,18.83461433555621,19.94075122455793,NO
0.5730219033344104,0.15442197207398226,10.860138421526777,1.1911240459127093,7.0,34.0,5.043889485800046,5,278.6221097016487,19.481790702505513,388.71704483690087,9.419703860484242,29.633967287349464,NO
2.021050981725293,84.1887473087123,2.0738638277534265,0.8989071536951376,8.0,16.0,7.331766697741011,3,348.4514155215671,15.465312061521248,395.66975150549393,3.834056481146191,43.34017514703309,NO
1.5960476934228085,2.0122022991055855,8.459704497931604,0.5061176329058988,9.0,40.0,5.3667168485195855,7,287.4338918470333,19.871218407178088,398.82210280632864,7.757082686102075,25.439175046641207,NO
1.9493013192300284,60.82790326609345,2.2060624901006127,0.7050835564554729,8.0,19.0,11.080941610557442,4,411.75350030188224,19.555772173803696,393.5101052444055,7.925609623702257,20.28501011892771,NO
0.5985956736618513,1.1363920116306518,10.21676127415618,1.9708438206373717,7.0,94.0,3.868395093921773,6,432.9823537119517,19.044471303656792,396.18681916927363,16.523163858599464,19.233908229290208,NO
2.6085632891264736,0.08755826552827879,12.332526135411163,2.0301940648538626,5.0,100.0,4.1095793117316095,5,277.838630870056,19.624031686811815,398.34015814399976,23.713106006819576,20.66164639606203,YES
6.002838468032373,1.698968016841044,18.63558747582441,1.9144988271879244,7.0,96.0,2.1752937926088105,25,666.2104400664053,20.40288033682968,397.9247915547108,19.496251098026956,13.131790182012097,NO
0.7177619989808501,0.9953010380830803,7.709199233271462,1.056771544373607,8.0,23.0,4.374310055777546,10,308.1911224826519,18.304933495295508,380.4437674033697,4.10248016579235,31.586523247338064,NO
0.7503695312294649,12.949734889054177,7.461711140631897,0.8625706545831082,7.0,22.0,6.5285992367045775,6,345.7992028949889,19.051798637566616,398.93086257203333,9.784529804247535,23.01282732651824,NO
2.346095777380012,2.1850337296126097,10.999961870988058,1.8231956132996148,-1.0,74.0,5.167724562125926,5,277.7222802715545,19.020769080185673,390.1177707463619,18.1005633519257,23.031230709503525,UNKNOWN
1.4285280476019733,0.6135460291545753,9.48173256110048,1.1533374367191471,7.0,83.0,5.328484059065586,5,308.5648679636685,22.51835638239335,387.2989311707153,14.791416318712692,17.68130951339526,NO
1.8633528540990643,30.323697946074233,5.144888075061031,1.504429853878735,7.0,54.0,6.847509996270755,6,300.9760545587194,18.165227096724166,391.5474462349228,11.431398402408165,22.29314847931229,NO
1.1062648676557398,13.479461735348698,8.750991932081064,1.7805661273698492,6.0,83.0,7.230517221335488,7,311.42894563786587,15.785952515127885,397.5568178535104,13.731837304430154,19.169488341051927,NO
1.5208980602647866,0.526226638672459,19.979785495851395,2.454724738091839,7.0,101.0,3.1352735590337932,6,403.6632557765221,15.270513398918995,354.55815033212707,7.827595043560757,25.954637038575445,NO
7.773487990610606,0.18157070891544616,18.467416981725865,1.5698589436461274,6.0,85.0,3.2574277464785837,25,667.6853274161082,21.735345585003554,397.9160781084962,15.095750258449613,21.36601122211599,NO
5.874140659135155,0.17985164773822365,19.56519147123704,0.7870931663352025,6.0,89.0,2.7144312505264097,25,666.6423445752631,22.007701270127203,100.53791324786923,17.24502194951453,14.895432661209812,UNKNOWN
1.7615227205207968,33.562512314047936,2.3322653708102155,0.5629652050361935,7.0,71.0,3.7972144120910696,7,222.6833531770534,19.53132805543351,397.3516310026306,8.71785994473229,28.785954082951957,NO
1.8665651295394654,25.428399009078877,5.228310892761322,0.8836170140703705,7.0,93.0,8.950373686547051,9,284.36167718976526,19.729422616937715,378.20662498041776,14.735068104410926,16.421340029459813,NO
0.143056256275877,0.47155198730892384,6.336325233025921,2.4188192303801848,6.0,60.0,5.756120775170096,6,225.22857092952552,20.680445545189684,398.2841005965332,9.53902930652204,18.803885738280552,NO
1.0880187298767388,0.1077916209172853,2.8625676883822613,0.6468830399423969,9.0,84.0,5.207805658793415,4,193.40677377881215,18.483539820958946,396.619030361306,8.347842244044568,40.09240836155495,NO
0.19263138735550334,0.2317616242418586,13.683276983275306,0.6253204263795105,8.0,6.0,4.443306343354011,5,399.0532451491634,19.30811323069674,395.51605852979486,8.277618620921203,24.860011150125136,NO
1.777236343707107,0.5299134239421834,9.392782408443956,1.1132749305386285,6.0,87.0,5.469571376812575,4,307.3388006001436,21.35136049858462,304.0687857939343,17.05717036040352,15.725979724477513,NO
1.4729030206424871,0.38790019341045195,22.52954518703211,0.7833641843312913,7.0,100.0,2.822391152812718,5,438.37871299179335,22.247429288364984,394.5616859782944,15.236591086673307,19.10597659917863,NO
0.47075647244043844,30.884189360501303,5.37218486155105,1.767874801099231,7.0,19.0,7.6547151140939045,6,301.3572702443908,16.803801296288277,380.64947276376245,6.924648767313381,24.395427740606994,NO
1.815555764579192,22.412047397042794,6.549729811962399,0.5560935967478678,8.0,37.0,9.41233051761246,8,330.39189737381196,20.17162525236756,390.2200133734281,9.335696261085198,26.236382788932314,NO
1.4539051161651717,0.4597057289299089,19.612706199162766,2.2606014617798276,7.0,102.0,2.190870668818363,5,403.74305035172233,16.33877109068826,364.32353120652834,8.028164535537087,24.021449264737146,NO
0.785516566347481,75.37001058935222,3.0423033044554506,1.6043459658049277,7.0,22.0,7.627410188650963,3,252.0885610532411,19.997900572332657,396.0162225301951,5.695119019268855,30.959424837950735,NO
1.0272547884524992,0.1090185537954997,10.115316864844392,1.5534386466028198,6.0,97.0,2.5555174066890882,6,384.1513788463622,21.344791896024308,394.16426794480793,16.69023458503771,20.826321914267844,NO
2.2526931528286798,0.9354650471167071,10.841835389165398,0.6658868127339069,7.0,78.0,4.11219326735334,5,304.8192431989609,18.407887669688417,396.657959001321,12.218479169126082,17.45412206234551,NO
0.3246223116846609,41.78241299033601,6.522456144545168,1.8256455706655752,7.0,33.0,4.638832011190098,4,254.736469689996,18.16322143692056,398.62122301951916,9.454173258621722,31.049685995420873,NO
0.4838437198964079,25.399991234818234,5.222072203472632,1.0632878927820115,8.0,34.0,7.18148125484525,4,281.73589414453176,19.15411865555518,397.18101396129043,6.456360779480621,28.232139246502083,NO
1.5046382107392002,0.20447860098950582,9.978688650459887,2.2067776429734587,8.0,89.0,4.206646307766902,4,304.28751059485745,19.514199531795054,396.67643719737083,9.504214879225897,25.087570949622794,NO
6.172824558389985,0.7022353580936191,18.289533121981584,1.1767520154524733,8.0,78.0,3.543173102052345,25,666.4320295371139,21.101528407140975,395.3626578195479,7.501465455933481,25.924123337840193,NO
10.689920749669247,0.4022025926876384,19.050192333191617,2.5473484878185046,7.0,99.0,2.3947463789761545,25,668.1141483808897,20.24621732563863,396.9747216830744,18.878224367882112,14.119878273454002,NO
0.6400783069364211,1.7807116625264983,7.558293470771084,2.314462418064836,8.0,78.0,4.40556326692548,9,307.3990293168166,18.74545946515062,376.7304089305887,6.816380779392344,32.0965619747279,NO
1.3725692681837365,0.41692866501687365,8.379590157533475,1.2229890040155964,7.0,57.0,5.511384323154801,4,307.5088123562965,22.567125798063273,396.6174816091076,9.969127353822568,20.78254552487589,NO
1.8810364651568956,0.6725681995653207,4.088668089110067,0.6192634237920801,8.0,59.0,3.9510090978186896,3,277.3917861778209,19.831464620666264,358.0275992399435,6.666863050111498,30.413823630008327,NO
0.5589551764518892,1.3561226113321387,6.147229596502518,1.280474911333108,6.0,38.0,7.565736034928822,5,224.10019419655606,20.594195476066687,389.92378912360203,6.061555595678065,22.80270825011267,NO
3.0234686424379027,0.06161875373978511,11.26540735711095,0.843968113697072,7.0,101.0,4.655059692163812,5,277.12605704634916,19.043204112765515,397.3631232311328,24.197593206023512,20.573473458596244,YES
1.5717855117421242,0.9020463091597054,7.160796748526757,0.5750799641529442,8.0,80.0,4.052580812802807,9,307.5333527826739,18.98059554249269,373.1771999777557,6.8363049532750315,32.498093965426705,NO
0.6914658222760531,1.3725470713570975,2.8856621731603433,0.9378206333093992,8.0,-2.0,5.187201128690346,3,193.08607408367158,19.40664045510637,387.1700781978925,13.839518185909805,29.614156784214117,NO
1.0922142866158226,0.019227831577288683,8.295806443888457,1.2921391952597903,6.0,35.0,5.723247221542562,3,233.3418315741309,19.578473846256873,397.2821979538787,15.083280776703035,20.0040020013947,NO
1.2250234138505676,1.2514273579010646,8.805149432580407,1.932994599128632,6.0,72.0,4.74504272904944,5,307.777177924508,22.280950443609832,391.0287721648427,12.736927920263422,18.429982788295995,NO
0.5016244475467847,34.3069806728051,6.399682980384171,2.17180122461669,7.0,41.0,5.69441506857737,7,329.47740666640277,16.139304349786286,396.41564232525303,9.575694698199916,22.008670647100615,UNKNOWN
2.0455439380708405,28.034510505250033,16.289517587493656,2.4531320035791477,7.0,55.0,4.582254412842492,5,270.1787356945616,18.504878113264642,395.4054360511082,8.485977920845722,23.511683002866302,NO
1.4667716932756014,28.620892222241533,5.178835801944664,1.966574795660875,7.0,48.0,5.55389724472622,5,282.0945044706798,19.00989978763298,391.36386560974734,8.228584466680594,24.18958947259459,NO
1.4711193915809977,0.2711449098425773,29.177849297231745,1.3559550227128452,6.0,99.0,2.269765962563639,6,712.0179119955097,20.678244759677806,344.89032308730214,24.605148959392114,7.247274671110956,NO
0.5555117096899157,1.1658582594503242,12.409508678209676,0.7205717804771874,7.0,33.0,4.935729363648118,4,277.9751355256177,18.916559496406972,386.23811540726206,11.20348189799478,29.036873846249744,NO
1.782753014751017,0.5477099744216857,10.305311048821691,1.3876508616216876,6.0,96.0,3.6672403906526028,7,432.30072350024625,17.996591234075467,397.49914667658305,17.271430977501844,18.83080907727287,NO
0.766100174421711,20.171352068825527,7.667198778623968,2.176559476237253,7.0,59.0,4.260066421640551,5,223.67875987369885,19.016550647089584,395.2550212388213,8.005706345722611,24.44524301596,NO
0.5790367399003413,61.583947801968144,2.6176281836003943,1.8340468014074909,6.0,19.0,11.758141525453281,7,411.84791968668617,19.179381947374868,393.13309609896675,7.9547943891666275,21.51086888680783,NO
6.820546416137876,0.11155315046372469,18.514137919686867,2.158977390647223,6.0,86.0,3.0716682670932283,24,666.9650094743916,21.437922623065084,397.49242710705175,16.381525500677455,21.498114003319,NO
0.6304082261483284,28.05013083665828,16.00202672511819,0.6316665844872034,7.0,77.0,6.3178218874402186,4,270.02342608276865,18.8643512166582,398.3852261828857,12.52563362187641,20.652076811669996,NO
1.8940310349261695,2.0720546643643902,20.346154815066374,0.9384476964488638,7.0,100.0,2.604494543812021,6,403.8364643731766,15.133761401054489,354.4687883009745,7.263616667328557,24.542596758920645,NO
1.9808004157386696,0.6108351947505294,7.300409252563272,1.1410676737442662,6.0,92.0,3.8230536372139516,8,308.1749450709378,18.560239042155455,395.52123606896345,22.613352568387196,23.477961015204308,YES
0.7592181533229674,0.7376880287108536,10.109962954229658,1.4481961947782174,6.0,-2.0,2.8572349194482585,7,434.4766084662279,18.326157331114366,389.4169472101707,11.302598816809237,20.29434322608723,NO
0.8600565766649974,0.9175901181605931,5.989834859447656,1.5080873229902854,7.0,39.0,6.827949430512573,6,224.20215670502742,20.814420162236097,390.50291826520225,7.481380564797465,21.01743737695567,NO
10.21848114455988,0.9624528744592163,19.22448155544063,0.801990200881961,7.0,97.0,2.804965547673099,24,666.4051826152541,20.70366805534328,388.9564018944648,16.560588430519093,13.187669618167666,NO
2.0363592878769565,0.27945825533365937,6.812829106624782,1.5870117696239288,8.0,87.0,3.4744286694265134,9,307.52319760443277,18.038887035912374,387.7345470839166,3.2664271048070486,38.025796697614254,NO
1.1313421867873343,20.347608710611322,4.599893659776719,0.9647385081243399,8.0,92.0,2.369056678556552,6,264.8380170042707,15.055213987756744,389.0432304824823,8.197293771095145,36.98528531956792,NO
0.3474581189875725,1.6135719687804824,3.1369606966531216,1.468848933828308,7.0,-2.0,4.095595870113839,4,193.50644933790144,17.983827834317488,388.56998155570784,13.38080880491058,30.042681474578924,NO
1.0644443288151684,25.60233086075578,5.260240431374541,0.8078090655497208,8.0,72.0,7.13782511310797,4,281.5955479547744,21.58018013962421,395.7021208420992,8.994222701737549,24.500896886534587,NO
2.716799063178681,0.13113769518414028,20.37679053903631,1.372217329977639,8.0,97.0,2.827685977542673,5,404.4665488103243,15.918063705900906,298.0402329343043,12.88144278410547,25.207000619444216,NO
1.1686040391733628,0.8141723704840601,10.711203436668136,0.9128099889748913,7.0,78.0,4.460294758097689,4,304.4973160832734,19.15767033576185,396.98410344315505,13.257300189412835,16.42788910113582,NO
0.36404018199581656,26.361885843451546,5.239567306653584,3.9319757440631897,6.0,29.0,8.113356939061728,9,284.5321359953155,19.884356626087957,391.33193120991046,7.166863851223508,23.721738444049066,NO
1.754729988099681,20.27913537365387,4.357920590423674,1.8658722378007007,8.0,85.0,4.64075487415528,7,265.0802454566444,13.715694682512499,384.4363975009483,14.843188263368873,31.038826309019342,NO
1.2450281691987066,20.09900397856602,4.75000268512876,0.989495770405744,9.0,92.0,3.407429000762126,5,264.88266450377307,13.281697527411074,389.57587032098553,6.339691270592385,49.14912117689274,NO
1.3275983275272405,25.164959647466826,5.272221975358367,0.9608316547629943,7.0,30.0,8.57089005457332,8,285.22613124478175,19.842792051523016,391.2061789759002,7.457445389625188,24.001704579290024,NO
0.3880801576462628,0.18599905150013188,11.569985053104284,1.1987926791174925,6.0,-2.0,4.09972480635664,7,432.56216571900336,18.313890013088823,391.66067215215367,14.126423872769102,21.119582047014198,NO
1.66147371809137,1.4087425153281574,12.075190472015127,0.5849219569339886,6.0,8.0,6.185738978943946,4,305.5602113523883,20.089114681330376,377.7758065266829,7.937603241652531,24.948827061713533,NO
0.14141158782176677,0.7021896982425863,2.97952575740309,2.057899022726366,8.0,93.0,3.146683888028719,4,193.9127014117776,19.446201304812387,394.62189544550216,5.8492193733255,39.0179298898672,NO
2.3550120285846874,28.518965917761612,16.119633595830102,1.0234654976187865,6.0,31.0,4.3262593006477,4,272.18891777771194,19.364613742033125,396.77374191425895,7.068281481545846,26.068979778895812,NO
2.00152117885166,1.179608665181575,21.11685691788452,1.3891817552675692,9.0,91.0,2.540232237296182,6,403.297838388843,15.578231425160938,374.5334132837242,2.110916996587862,51.23760448912245,NO
1.0897866325462624,0.8175978646495364,9.255940349690698,0.9226755190090195,6.0,94.0,5.838627559642047,6,308.9712483758841,22.315300241492018,395.9203331741218,17.33357489620362,15.637033224240705,NO
5.530236589808551,0.38612451611985177,18.30723979570417,1.648875865627084,8.0,99.0,3.208053132062587,24,666.3058598585667,20.604408903579852,356.0483201757294,18.875665456445184,15.868809305303808,NO
0.25815048459934453,40.189719148124745,7.1792736356979825,0.8589290206418452,10.0,50.0,4.92760315731827,4,254.29555579321385,17.96159453630324,389.7743396093602,8.514459877700041,33.766779392465516,YES
0.7371904881133486,0.15645396039252057,4.329173942509622,0.6967997523705082,7.0,69.0,3.11094712982663,6,297.223875248099,16.92705222548217,394.1949056249492,11.282883649157851,23.75179887611881,UNKNOWN
6.622902220807942,0.3020724581215143,18.924818645985923,0.9775217159385603,7.0,96.0,1.7855694020385964,25,666.1024412987964,20.643550081214048,397.88618773469915,20.605207543718976,12.964192285529982,NO
1.4222186274159545,0.07726211008755622,4.7500628504822915,0.5658308334643511,6.0,49.0,8.61734325173592,4,352.0376454466312,20.03204954319126,386.4685434643229,12.403312802147543,17.600927700547423,NO
10.030394140923605,0.02324957745665129,19.72281069300123,1.2744011356362064,7.0,96.0,2.2400510022424114,25,667.4024970279547,21.09202189708483,63.007851148958736,24.28482665276659,10.311582755767555,NO
0.936507024862892,35.16974285369064,7.5009336651687555,0.582767520328701,7.0,25.0,7.111620073138635,2,305.0608866874191,17.90332567819105,362.63621055666795,9.573179564307338,20.678011639054652,NO
1.0598339356091289,23.07057490089945,6.711096816219117,1.1275404497232842,8.0,18.0,8.520110076242993,9,332.36713269137675,19.983145961703624,395.2739922538968,6.941500044528001,27.18762639498804,NO
0.2631440065248073,30.714618980146714,5.321509796698075,0.5995734008349991,7.0,65.0,8.054757102564821,6,300.89613958177796,17.02546042739511,394.9532129063267,13.922439916515684,21.277581601081724,NO
4.192309163060515,0.022759028320348058,18.371332852269607,1.3036928556247118,6.0,41.0,4.374867282932008,25,667.2586008738755,21.868894445066314,394.4464549911498,11.478088035026637,22.177025124754145,NO
0.9166778866999203,0.40735011819379713,14.366861571761364,1.2972479990813084,6.0,38.0,5.416896737777078,6,399.4778769420119,19.13371011448858,397.28008599872925,10.196178882388153,20.31564216124667,NO
2.5238241665312655,0.8546486106568104,20.126911342127435,1.32501008329718,5.0,89.0,2.568008357746863,5,403.65789116331257,14.875466823931417,344.6965876013429,14.42489607089663,16.558432699968183,YES
0.7728375976115657,0.7145415320072921,6.566157344655493,0.6016284357391825,6.0,31.0,4.1100564808148095,6,279.49663980404165,19.74113031350789,393.50660155638786,10.134098345470152,25.51177242612955,NO
0.9012650227791705,21.177219808109395,5.6417249618068475,0.8186148737981436,8.0,53.0,4.202607818361552,6,265.4918007019133,13.477008505394046,391.13880684425106,3.25981078561737,44.54502437424572,NO
7.715959771517373,0.9935844377970396,19.525625961855635,2.0178867216489724,8.0,97.0,2.191959155912352,24,666.7153402651563,20.465671702446617,321.05028645389393,16.29671450178836,14.711683172753215,NO
1.1407447111706979,0.82996728907419,2.840728253919771,1.5895483426746235,7.0,59.0,6.9370703713018225,4,223.67885389932897,19.719230678177958,394.33498501143174,5.503301715900061,29.264684323133356,NO
1.9856607420757786,0.1295403353999439,9.746476368740616,0.7260807003537731,7.0,83.0,4.365614771384444,5,307.69344575867785,22.534153599615127,387.7476526828973,15.05211712334489,17.612065571237043,NO
0.5615058773201439,12.534517802177351,8.549714497089148,1.2071636993916233,6.0,84.0,7.315355512516121,5,311.58130268117037,15.817057460545213,398.36251982995987,14.817057103226013,19.165667761231965,NO
1.6887084694937515,0.7501406555213931,4.839241689695906,1.0544760694981228,8.0,87.0,4.151587601887199,3,270.36785855343203,17.85878418366359,397.8588118706108,6.301673001552177,24.228081600091592,NO
7.716267713132619,0.0045930928288974915,19.83509509099615,2.121025283235072,6.0,98.0,2.307807929211412,24,667.6272757716649,20.332552752228597,395.4093693426461,17.67111018343205,16.858422788982146,NO
1.030159816935062,1.0742717280785057,6.463939565413656,1.9016263823962234,8.0,73.0,6.098254812010442,9,307.96183488483933,17.41776245067128,390.5938453922494,6.459033049780351,32.75898106158042,NO
0.4933826255267859,1.2557977152665893,2.679457059121483,2.0476915621782013,7.0,90.0,3.027569834239096,3,193.07096309765217,17.973065189108443,391.9168540033516,16.27343215751995,27.384668828447687,NO
0.4544298021022181,0.6020389814840871,10.76388220337575,0.7229934079147844,6.0,89.0,5.36236689868664,4,277.33798599926627,19.61287572552056,397.0480143927145,24.75955170317188,20.348554294058275,YES
1.2220921704982701,0.8667629569610197,9.32118388407314,2.823444009801566,6.0,91.0,5.817794024083732,5,307.46581369302174,21.158839044674828,377.057757089927,15.717891886333291,17.886334740167534,NO
10.07399341714675,1.1929050311383804,19.88438420898046,2.364007637482496,8.0,92.0,1.203480326257745,24,667.6517338515296,21.663504941586282,347.98826014391716,8.883706692754592,50.731085802190165,YES
2.1676620846396073,70.69804344290726,3.0024152956508265,0.9108408155816677,7.0,21.0,8.474535786433572,5,361.10057781552877,16.224739790714462,368.64120530772095,7.305081585838166,22.50996355070959,NO
1.0266406831857995,1.2843027152656543,10.9064150121882,0.638826282238727,8.0,83.0,3.5456521310166784,4,304.9252747994361,18.70056038643338,394.4170041634852,8.207596523065378,22.203052317013608,NO
2.2534191475636383,1.6806255498333038,11.299310690950326,1.0168873944121608,6.0,43.0,3.980154803792506,5,277.03980426838973,18.67443909110113,393.7919795689631,9.851314632130032,25.805702228807906,NO
0.8808034637409164,33.906354787821975,2.218629365939456,2.066787373843201,8.0,41.0,5.797433881496831,9,223.26210580005346,18.83473655248722,394.7049041668262,7.066052463593898,36.954244944152805,NO
0.9427553322780794,20.93996640209181,4.859594652414037,1.398764781070423,7.0,93.0,2.1709831197010616,7,264.86209310043716,14.023115534900747,388.0409594534854,8.274937053024367,37.37422195688531,NO
2.0755879746704267,12.796265356994985,8.859894945197333,1.0791561920010584,7.0,95.0,6.517583688261462,5,311.98889993945505,15.353085202179251,392.95072224773656,20.883867992441314,15.959722019661175,NO
0.20738560318458393,75.48344216940023,3.1540633728656817,0.9734176406425998,9.0,22.0,6.586721123724646,4,252.90063908981438,19.028200628312867,396.8173036852172,5.660102359969114,31.62769756720988,NO
1.5324965247966709,20.677644263874683,4.741487673259595,0.6710573655910534,7.0,101.0,3.9845192377503835,5,264.1605986134803,13.708123081685617,392.91414118061573,8.5701723718159,30.19004656344198,NO
6.134773373762581,0.24587551830306312,19.83051115272037,1.8972862674460855,7.0,77.0,3.611307946145564,25,666.0477049637078,21.487715219185446,396.06452660596057,9.842471833432377,25.557037633052026,NO
0.9521682487831039,0.8593188705981143,7.729724876218601,0.9743152958019015,7.0,40.0,5.388229806201734,6,288.8021487222634,22.195508925726962,398.1468242699331,6.522713842137756,25.516458797523672,NO
0.1385600880762229,40.685782017353795,1.6499987128034368,1.0664315021378319,7.0,46.0,9.664300156230727,3,335.28965438617644,21.158432249112725,396.9449269191632,6.0707719310364,22.929910711371132,NO
0.624753622897593,90.03321233335942,3.2624617364293753,0.9348709769287379,9.0,23.0,10.236827569813006,7,226.3328275119656,19.146243695151338,396.25622726109015,5.693793032795355,35.613735304464086,NO
8.953757151561463,0.5342464643529462,18.908260178947465,1.7581706918658446,7.0,67.0,3.3426618523410827,25,666.5195976552912,20.270173436972822,398.40389682362854,13.53368295301826,22.64734831183603,NO
1.4761522832083507,1.0930933082894068,20.172921174805193,1.1221497540477876,6.0,96.0,2.1339563335385177,6,403.8392830390492,15.72882017316637,321.43635041639567,15.141327909505335,18.10853243914802,YES
0.1471066171340026,0.19210060457133254,4.667730379250795,0.6102038139766781,7.0,70.0,3.7963587397588565,2,276.4320548916614,18.37470716686719,392.2261779901636,11.5965333879939,21.574068103995216,NO
0.34652787784346895,20.898603224613534,7.372155780553696,1.8952331188845957,7.0,62.0,4.529570239513744,4,224.07800187136357,18.82123062962983,391.53557134164106,14.789284875246196,21.29908800383239,YES
0.2621209247356029,95.30511110095158,3.4098730490876727,1.9581190225507035,9.0,33.0,6.3914556529087285,4,224.25725423172946,15.33200041905425,390.64275566084393,3.8674834498614485,51.43597288972765,NO
1.6259521356293012,1.30420220253536,3.887270545297614,2.158652540611291,9.0,93.0,3.036051349647236,3,193.63273797697067,19.202701280009965,395.36639824971445,5.891428917402811,39.13247501819825,NO
0.1585823222828664,0.8748217949966385,5.511303554573855,1.3358014778641438,6.0,46.0,5.837128509403228,5,224.4188171336866,20.722178954689827,397.7917443031401,11.314195790955432,20.637300984276422,NO
10.479725806392869,0.32677273072760693,19.35298227733211,1.682549553105685,9.0,98.0,3.238604307537141,26,667.4128735127927,20.854827674434727,386.32170863162617,19.876531638322913,18.017929838409515,NO
3.3615925316656297,0.5998608137778638,20.785323411143327,0.8971386729307678,9.0,92.0,4.7530474609358055,6,403.5142858212986,15.498669411349207,374.46110168977674,2.070183759140573,51.373359765201116,NO
1.0274262326395356,1.300806837345593,7.180398703937372,1.3739590091461396,7.0,24.0,3.50568661510362,9,308.0709747543089,18.372626109766056,381.0465301351705,4.061726869848366,33.26603287622212,NO
1.1603877779681462,1.0082434641414748,3.1698089128253453,1.5362097400717727,11.0,77.0,6.753488888517733,4,277.5362644237916,18.81821972059927,397.3909263012418,6.301970842962952,39.08380643833011,NO
0.40247000368200875,48.75273199083947,4.103818085569349,1.7198240315098916,8.0,26.0,6.669469755878881,5,398.8434343107228,15.82982052278101,390.99940654949455,4.474982255490838,37.27522624740588,NO
1.2993246184484166,30.68534805580235,6.259307278374331,1.484669399986777,7.0,10.0,7.931197718451134,7,300.83173315869965,16.6160306688953,375.1756578499736,6.295923252384648,24.460587907699068,NO
4.611223822747964,2.1492644257744313,19.589339489970254,1.6662371995542398,9.0,84.0,2.845174850028657,24,667.249135775394,21.595464791966243,355.59166383583647,5.321479895939617,21.973136390559574,YES
4.2979400857466805,0.28795562125529944,19.03600163723024,1.600814887261317,7.0,91.0,3.6244790836194754,25,666.8780959510482,21.345922227249574,396.5908221145499,14.384357376179295,21.601405488148387,NO
1.4347447189686293,25.856654178692654,6.127995015676844,1.6883439121413568,6.0,68.0,7.667573315434786,9,284.51536125450815,20.43396375427166,395.91050682968796,14.818329995460248,20.6316577545695,NO
2.2722562997169753,19.447493491230027,2.6020066276374307,2.3259509866608,7.0,65.0,4.331355098413994,3,297.8641222463584,15.620730643500245,397.20419393599025,5.492739273065397,24.977203633707635,NO
0.3700595728508734,1.7919175378682617,3.345772796716654,0.5562548870927069,6.0,27.0,5.513735779249046,4,430.140907629379,17.65447109469103,383.23386908892945,10.816414353336496,19.368847778605293,NO
0.5776923824674174,20.02472039316647,3.8368867198964725,1.7043669418167553,9.0,66.0,4.922619308842772,5,217.78515680503128,15.116720159714884,387.6761751829671,4.371726093727964,46.03204656044269,NO
1.6005708867941468,0.2879671960203484,19.593844036388035,2.0103706370495713,7.0,96.0,2.3191724541073064,5,404.4254104162405,15.021964540509945,322.3125665163595,15.529266492909665,17.31954468326088,YES
0.8584435815312302,0.9690800047005559,2.6334534628601305,0.5702476317455417,7.0,59.0,6.120665957602345,3,222.34957789426034,19.105190369724117,395.48300705783043,6.409150694022452,29.26825039639641,NO
7.404460765939828,0.6684336780161889,18.523468171462394,1.1547861053556843,8.0,85.0,3.195267895453091,24,666.4090933334672,20.3139798602821,396.9712158475351,14.564084605751546,19.900221322671868,NO
0.5328328122512576,46.12873602884046,5.741994871015306,2.1642567405622986,8.0,31.0,6.982328827938745,6,398.3411684506716,16.757347213307558,390.63774173579077,6.652382306398252,32.494790852297925,NO
0.8836584022277583,0.43649245245091123,8.621762869845348,0.5990152509146087,8.0,38.0,4.055077785069643,5,307.43928603343034,23.65850853021967,289.41165740375595,14.123199297249677,21.00233084702307,NO
2.1175941300823964,0.29970559893606546,10.041391505068763,1.9419712257904709,8.0,53.0,3.029835886230159,5,304.51510557503696,19.430782297425274,396.99521678320957,6.679427019504347,22.72417534216896,NO
1.6444170084790468,0.13620417844908606,6.587041536525467,1.9167052717692687,8.0,73.0,5.424093490075349,8,308.05716305590215,17.504267553975055,391.11383389861595,5.078425194076869,31.812248906680516,NO
1.4427174621145433,14.083583426915187,9.37332619937766,1.3769775760213716,6.0,67.0,5.840695413072889,6,312.340072991575,15.304596303659071,396.0096368922476,13.336858227856307,23.473306108926867,NO
0.4496863700133389,0.679885903227693,4.168146806991018,0.8032566796721978,7.0,84.0,2.7805421736939837,5,296.9672074616725,18.566338970228426,395.90249456670256,11.421144402374209,23.865811736315536,NO
3.535932909550417,0.028846470667526977,18.49798654039235,0.8925155899893235,7.0,42.0,4.5593676635712646,25,666.6433066193999,20.304796822311012,370.83742678572065,14.713836698085263,21.501654820129556,NO
0.8166555106614479,26.242214255495895,6.202861377229482,0.7198607257761025,7.0,30.0,8.281662618171476,10,284.7870329926645,20.558592299218446,391.8941223563799,7.58327950112655,24.245217690066042,NO
2.156741297927992,0.93929986033487,11.040205281812408,1.4681048964969434,7.0,68.0,4.118381789091189,5,304.8395256144027,19.81375299561359,395.9967697319479,10.924290454636054,24.4661748963932,NO
1.9054240352378842,0.1309477643525427,22.622807966661647,1.394556160692194,7.0,99.0,3.5147403731842854,4,437.294170781008,21.358980897797366,396.41734954018773,13.737310803443172,19.432051612067358,NO
3.4157446944536556,0.06971895911630989,22.39112922139509,1.4573008939421124,6.0,98.0,1.6688795001044088,5,403.0961153655867,14.896489473444213,373.3587537889728,14.182738458501403,21.67787529407078,NO
9.931121800573806,1.760156671347767,19.0356853993658,2.1640612715907115,7.0,99.0,2.174283167310203,26,666.1530419258578,21.663633732717113,393.73741573150494,21.18122052611912,9.37533443840751,NO
0.9054187790860382,0.23925124236755585,7.200146743738388,0.636958624288757,7.0,81.0,3.403491906113956,9,307.4230216898991,17.886775078754294,398.46477980911,7.907903128619275,31.054596007265452,NO
0.83830580837525,2.284923152381732,13.126071937282239,1.2605706099288656,7.0,77.0,4.25370588718681,5,399.12264199633756,18.857259596509028,373.96772485577804,13.024567100711485,21.212711856940256,NO
2.0282112927366676,1.3500110922435853,3.384724074754425,1.1784031027194768,8.0,99.0,3.383140736097113,5,193.14328346462113,18.62834936694486,398.34563758214887,7.387823859441458,33.551095371808266,NO
6.047832778557762,0.13736892570501655,18.29100278098323,1.627136344408898,8.0,68.0,2.6691201741755552,25,666.7889119912581,20.940453408116205,375.6406304930087,12.493452072306976,30.544871392155287,NO
0.6808198695091056,31.169260499464897,5.261312893912386,1.7346653858082386,7.0,42.0,7.425525615358964,7,300.62573474496446,17.238714144200753,383.9592546471633,7.722516661834764,23.99223875728238,NO
2.801178831498131,0.6587610074085087,22.263281649707814,2.8487150455108683,-1.0,96.0,3.5469043347114777,5,438.02193853639716,21.268032683154452,388.69617276952124,16.72829527963641,19.111938050577667,NO
0.3412050621017548,1.3939330292497376,5.201298779605693,2.3174692745385785,6.0,75.0,4.919441052120623,6,297.5505355933771,17.29333617729232,396.7065219552364,7.475181564425851,25.008312365410987,NO
1.3337581596731067,0.1354729726775799,10.229635775932632,1.4148769243953607,9.0,88.0,4.727026222266248,4,304.1034666574371,18.79566036785646,396.6605845593168,11.200868339369004,25.051473817981744,NO
1.240701577081748,1.6483494263510166,9.607199465819313,0.9810508480126228,7.0,93.0,2.990795851022047,6,385.32229210989084,21.833295888035178,391.5666948938346,16.005537144859062,20.428028571845747,NO
1.1227404289449614,20.665100222073328,7.9935868761929765,1.7457999028463274,7.0,17.0,4.7442555280160645,5,223.4956298893634,18.983868251658894,398.24021815918263,6.666707471172402,25.96689802790798,NO
0.35906558457594784,0.3300774511848872,10.63979446992967,1.5231100409044087,6.0,10.0,4.499196324098298,5,277.14980933142306,18.800561519616913,349.52115355990634,30.40677381449439,24.003444294174404,NO
0.3027944157598953,1.8293465010051029,8.785860416721485,1.0674197666512415,7.0,96.0,6.011300026758415,3,233.37128266476375,19.402835846747955,397.80224139928043,30.829323729617716,14.719017755045861,NO
6.204403609398718,1.460486532710387,19.16042577564253,0.713021976585505,7.0,98.0,2.7385866405766213,25,667.5467468986847,21.100708453976342,356.8341820327796,18.625086606655678,16.49652084036625,NO
0.8024069405309507,25.34732649011426,5.702733763778864,1.9376577371408714,6.0,47.0,7.139346957034016,8,286.3066752543266,19.78819733666035,397.04975948681033,10.055419173922909,20.359629337257374,NO
9.486568011050174,0.8028298158566902,18.995510179885475,1.072354397089544,8.0,101.0,3.0133141085239807,24,667.5032245194985,20.86341215970083,397.70834650422984,24.012564627369894,13.612363722829443,NO
0.8350049017147126,61.91559721666934,4.180250307509196,1.1643151236713891,8.0,37.0,12.22914585115867,5,411.8296942655207,18.63113418665848,371.2391016013675,7.028370259546339,24.969927974059992,UNKNOWN
1.3402129458112158,0.5781331266899792,8.481573937720862,1.332255363464855,8.0,78.0,3.8311764439398703,9,307.1082336148014,17.651283370450045,376.3487061553722,5.598335122284737,31.948584962743666,NO
1.5902511894321159,0.4302463252006529,11.318917750999171,0.5228702584927888,7.0,72.0,4.324679164267604,6,384.38949535061823,21.26753174813357,398.08300523279735,7.699132146180422,27.36233886274988,NO
1.0792279366224087,0.4733739811490597,27.796620049068494,1.9463504567652086,6.0,100.0,3.017533335123498,5,712.0278107946588,22.700138631151244,390.4913234691932,18.750514869678224,14.176544280250049,NO
1.6692384185228586,0.9584247390088801,8.720566133509873,0.9107095810298205,8.0,55.0,4.494233905843008,6,384.45920240391007,20.942327875037517,393.5753845943034,14.208749011838949,22.54672499743276,NO
0.3488979886111112,40.06824922778276,6.8383846948764555,0.8916663215249967,8.0,33.0,4.70582850680598,4,255.2921567885039,17.73397348257144,398.15467082029994,4.414563297472894,33.68199116125643,YES
0.24967418687250448,80.1444476866995,5.017977656982142,2.3234888932270437,7.0,24.0,5.562048611863641,4,245.04807006861256,19.88746262397399,397.2992941895786,5.340496426101906,27.996439014537412,NO
2.5818691616885125,0.28342590947140245,19.723836098907945,0.7563150138732033,8.0,93.0,3.2914697608150396,6,403.80443046086265,15.772557364420427,396.2700717946506,11.704824412308165,23.219295461014255,NO
0.9826742872032159,13.840928065222533,6.24285862497312,1.3299463051989568,8.0,23.0,7.7532441144608155,4,345.08338884403685,21.443583861097416,396.6739723169508,8.2476356019219,22.920818301486122,NO
0.1955989946125551,12.552738300578499,8.950363712854163,0.8285329581883374,6.0,88.0,7.532488639353442,7,311.8793791488481,16.053868384273237,387.1847741070079,17.279344280664475,19.699953494946424,NO
0.8301396258066536,0.3680503682658914,26.79805900049957,1.275275737482751,6.0,94.0,2.897099262322151,2,189.05663190947314,19.851812647035352,378.41477556934075,18.230552836420312,20.620710562122014,NO
0.4586528650720393,0.6422327398873579,5.267170345173449,1.3731368747446742,7.0,33.0,3.6190852423679702,5,296.2358187705272,17.40208596571307,392.2997135128369,6.434518503578649,29.819372242835318,NO
0.49563584612958056,0.6256066623482582,23.136412525538926,1.3347885054877207,7.0,100.0,2.109301980096304,4,437.2243045957536,21.3380404160097,397.4326023380512,15.61783373282372,18.877553518334192,NO
1.4651567845580253,95.94126347531753,3.4382300347287753,0.8164568337298135,8.0,14.0,8.203531182499562,3,402.95415577223844,17.473153611359564,385.0319915877967,4.915554621699502,33.114587222657015,NO
0.35424650867923707,1.6556743666273286,5.814519462093802,1.9914582122875317,7.0,60.0,6.765888604192394,7,225.26233438848323,22.103231098544207,395.1424504042229,11.274234894082095,19.271088076280492,NO
0.5224075405134441,0.35894114248077025,8.550034219121677,1.6728593773073768,7.0,53.0,5.293569098324002,6,288.69348163658367,20.540224533574477,397.8552121618071,7.519971534505283,25.551657810118712,NO
8.421336814031589,0.4753297495023588,19.127724762839055,1.730009502357475,6.0,86.0,4.167995935534451,24,666.4447612393901,20.591984579999924,272.50342086539735,16.245099993342254,16.276327949437565,NO
0.6288963294371841,45.20879195910493,4.335289660321946,0.5512929859876547,7.0,30.0,6.0979859834815215,5,398.2332081135677,16.51722547327569,384.29003101953737,5.040145244730342,31.649805742110495,NO
3.166183100496382,0.7820491105023158,20.503929570696688,1.0594731204234922,8.0,93.0,2.660191675756312,6,404.301204779752,15.5564003475769,395.2471201656647,12.314666846542826,23.014369124200933,NO
11.233678397779629,1.239448526374817,19.351158977738695,0.8163607112231559,8.0,96.0,2.1871739620182513,24,666.933260954466,20.76832630070627,61.05056026374099,24.438189011442816,11.992039117611652,NO
7.353705690358714,0.7236150710085301,18.366252272076977,1.1963017346589409,7.0,96.0,3.460338946822281,25,667.0486596064715,21.774508570943944,318.4790021700199,18.241555992082187,16.48075598412939,NO
9.133568242525095,0.17224542765542109,19.740686673192087,2.5173618625163403,8.0,90.0,1.1652961299733444,25,667.2125177303722,20.72615671544813,349.3205352732074,10.348699148880124,50.84145148836565,YES
0.6773113472793303,83.05113025633327,2.779682789641368,1.425363941662447,8.0,40.0,7.431788883150073,2,348.38871214771785,15.680838345650425,393.9419901256515,7.967657321557472,25.06338120782698,NO
5.022391306307467,0.016357501156232714,19.10257232445771,0.9636223991282616,6.0,92.0,3.314924621655847,24,666.4196783463422,20.917852307589758,351.79629391215286,15.356878013549885,21.74170727553161,NO
3.1094509350112127,1.0044864327976366,6.869890341666706,1.5687806399861999,7.0,39.0,6.9637443332293865,6,224.02821506966487,21.436370349963614,390.74652557444176,6.872951511445166,24.021464173290134,NO
1.9622692895670524,0.2568853172308462,20.25581312460116,1.1629408577850973,8.0,91.0,3.536874214907181,5,403.2629492369731,15.958898707356292,375.07230308112855,3.4639743382553845,50.36358346403408,NO
0.11729544521247627,18.38308812057057,1.660637289772882,0.707342370527333,7.0,60.0,10.580494756157286,4,216.13687480636057,19.57651529517757,395.5809808227895,8.75748631560022,33.410717396587394,NO
9.033636819217525,0.2549629207204996,18.67296365568644,1.1017612001224553,6.0,71.0,2.5218689832049677,25,666.0470855489009,21.04660837558909,3.693573111571678,17.867877525346238,13.724360401792683,NO
0.6814648638822934,40.552868019276275,3.156855736044519,1.0994667795705353,8.0,45.0,9.017983773916125,1,335.05930961730695,20.127538007111873,397.950633726455,6.272065426483346,23.814266001284814,NO
1.3355779905051806,30.211180679388125,5.353839767559732,1.1123796575976168,7.0,19.0,6.562266856904907,6,300.2438389940443,17.638966585714005,379.5518500448623,8.842339359121736,24.141419833459903,NO
4.706011002644223,0.39798955371809136,18.52692522696613,1.0667484277598906,7.0,41.0,5.396856058751553,25,667.5228220113885,20.701449098735885,393.7467370906036,11.165825699681887,22.890742587936597,NO
1.6590701680004205,0.3956171566012159,11.686615275582028,1.5144960335995548,7.0,7.0,6.140196027277858,4,306.138082059456,21.602864111200503,383.82791826677385,8.548217723529147,25.973222768543522,NO
1.6672863596570555,2.5736462394960493,22.94446683008326,0.653569241269585,6.0,97.0,2.171604245910817,6,438.69350476685565,21.535415446624498,392.27936842741354,17.39930070770305,16.493701447109277,NO
2.9006977967008023,1.2493979028062652,10.027519180446015,1.1010383833263364,6.0,73.0,3.2527588085386796,7,391.6789163521949,19.224268491380606,396.9415492929519,22.189990820580576,20.31986550832811,NO
1.1262853453922321,0.1724255419634002,28.17648796004694,1.9558942868865141,5.0,99.0,3.8022255835973597,5,711.2998903295386,20.226044889291845,318.9890686589147,30.154988758245235,9.578368022366842,NO
0.41112034348004045,0.5351038299653723,8.48913178663541,3.6757084204359143,6.0,74.0,5.233599001643778,6,287.16110612043855,20.790038280867712,391.6653075343799,12.686462457980637,18.801577882520913,NO
10.640532050637741,1.8771699858112625,19.44337598697036,1.8319912593582819,6.0,91.0,2.322264024978299,25,666.5346943057193,21.508891518396624,347.898466014066,9.063479361133934,50.982780702456104,YES
2.2516751811132307,1.1238874490760635,22.011355222269653,1.198469146063116,6.0,99.0,1.729057295214583,4,438.82359862357174,21.306072114092927,398.36396786431953,20.138717374143734,19.33938437807098,NO
0.21617781785489534,1.0213178734911588,8.441203407022966,2.225447666647042,7.0,55.0,4.7302731591900775,6,287.9306525481354,20.391032922951496,398.74596144113576,8.488775308636438,23.340198698820164,NO
0.9794387422564292,22.93313776159472,6.818102651309548,0.8225423438272291,7.0,19.0,8.58161418168816,9,330.3140761928345,19.441695356783473,394.73021933830245,6.817537057043128,26.23487636172113,NO
0.21826835935632083,41.19124731150365,6.804088465405484,1.4663077026533573,7.0,30.0,5.200544914993501,5,254.2839074741626,17.9977600552661,393.8564103303705,4.779841806416384,33.64746619041189,YES
0.5285052651981818,0.9606101069486597,22.116925482551295,2.9519037168999427,6.0,94.0,2.0847430220384333,4,437.3305909025045,21.75064244194694,379.13355420768903,17.17319671612068,18.096388875890597,NO
1.7723864925264237,1.403979426864336,8.603274855611975,0.7792021486516749,6.0,100.0,4.390319290492952,4,307.74654181350866,22.471742006850274,379.6688237288697,13.982861183950979,16.451401678288065,NO
0.22656226434965754,22.114040515354684,6.107484157878259,1.2581368879011392,7.0,18.0,8.067128789376346,8,330.2630529517101,20.346958874505646,393.9035436784236,6.84846736683468,26.445017667023208,NO
1.0918255517049442,34.16404561633194,7.21299914387745,0.9040528786603242,8.0,18.0,5.501237858519597,8,329.73852572164276,16.581928921032237,390.8575633753371,4.875808573119613,34.13258877505911,NO
1.2445596355289668,0.1626905281419395,10.697697283913907,0.6107279084675213,8.0,53.0,5.067719066878075,5,279.5482775479869,18.85025681225944,395.5371233438222,11.86732267090922,26.98160134097597,NO
9.457275567856517,0.8663680328566835,18.338396409885792,1.225289822323202,6.0,99.0,1.8183502755097753,25,666.3210317379306,20.268129759676206,393.5120865665936,20.256929439245898,9.765969771135381,NO
0.1058543076376004,0.6692863277759927,6.5677802369183595,2.712254714791088,6.0,40.0,4.853172559158836,6,224.99074408115726,21.28446760871374,396.59263420511354,9.88297500309275,21.194957556343766,NO
3.554492775117924,0.8621281483210228,18.257424040545168,1.0322377425889213,10.0,83.0,2.0990909659662207,27,666.8102986174714,21.330489728168878,356.25135018951136,5.936755477281819,22.4259963846845,YES
0.9484539032446806,0.6119323688727201,12.262160225326994,2.4574931736060495,8.0,90.0,2.8818432014216038,2,273.48909544728264,21.048660227884692,393.4702898158771,6.801012116317912,23.07300641754,NO
0.5794112723608167,0.7177418681137924,7.152025592629297,0.9887796656129084,8.0,87.0,5.942500713910965,9,308.14654998935623,17.728775778188222,388.81421731587255,4.297793016236094,37.72098501663483,NO
0.2077737149778761,0.8279266123616186,3.592340517834021,1.577022210185702,9.0,37.0,5.661916878429545,3,276.3727550863592,18.531391786881336,393.77466276231655,4.158290060135642,44.06481230676665,NO
0.2627545704578076,40.219205216338985,6.483361677810048,3.014455849646502,8.0,49.0,6.032516435093889,5,254.07935277425395,18.702630416428413,390.34347942864423,6.3883509916159245,34.470918834137564,YES
0.8035338039754363,0.30629373151034367,6.244170798210589,1.3179599744048387,8.0,72.0,5.35370558433217,10,308.3331117579492,19.710117231011296,390.30766346005805,5.49269930266731,33.27245911062665,NO
0.29256272055311516,0.7265932248275146,11.654123338190137,0.9653858314602766,7.0,79.0,5.234659737325541,5,304.5856769500599,18.769006389351333,396.4925665904077,12.05046003306672,18.77633373380247,NO
0.6446937182638552,1.524154387435755,3.6607713450683343,0.8147902435897783,8.0,-2.0,3.686982438208184,3,194.04134039446848,19.05162205882771,387.77162684482954,14.811156237057887,31.105981222910017,NO
2.2076783544367142,54.20021953092264,6.306921724010282,0.5232593876927562,7.0,24.0,8.584831768800848,6,293.8253376459062,17.77784481967716,372.83396681536203,10.337834180396591,26.395369954595143,NO
0.8024988624722156,0.5039699418003576,28.239385609402465,0.9865678286947069,8.0,100.0,3.683629946640929,5,711.268514471401,21.336601804705165,390.3214649533055,19.673153588161867,14.43281177568119,NO
0.22929840239576998,1.2213012422761844,4.972202847260498,0.6878105960904681,7.0,70.0,4.017425384875857,3,276.4831143476666,18.95800783991412,392.60162569495685,12.769261884784873,21.807409504001573,NO
0.6342833587415454,20.301826743944886,4.551610942626613,0.6704569703860779,9.0,87.0,2.5373636972018563,6,264.7147715049959,13.695830610575179,390.5867677607945,6.0324020044375075,50.40623858537963,NO
0.4055346837525082,80.71098804032367,1.7665022679022988,0.7560146140063139,8.0,39.0,8.013398551163704,2,329.8585103141234,15.098326438910728,392.2809607000866,7.913653795800899,36.283524053857576,NO
1.9711631764526407,1.3466010131636261,13.157172198597337,1.3179249124184724,8.0,54.0,5.903882172311837,5,399.45042875525525,19.713705923714052,386.550605582691,13.058512475884433,22.06183480844626,NO
3.2200846351604695,0.43478996235280115,19.6377941788909,1.1380563202404033,6.0,101.0,1.4633555731500745,5,403.1738101390296,15.7924150678393,174.61768376587236,29.92917763559166,15.327958819368535,NO
7.461023888697929,1.3062234514965485,18.792883743286797,0.9186311778255414,7.0,84.0,3.764224787595342,24,667.5948379481846,21.09426437258326,397.7438464197009,16.802911140696217,21.287030910326333,NO
1.8522936739704907,2.419121543377109,19.641401065350028,1.8484867825581504,8.0,93.0,2.4884290566792107,7,403.03075915605353,16.253485383561546,338.98084110021153,6.628046811058176,27.292478123028314,YES
9.720519219906505,1.2152162041148764,18.550841608745028,2.973820912645712,8.0,66.0,4.635915021721461,25,667.5964967219397,21.00007359589815,397.6519336776395,13.971702773711346,21.480395978239986,NO
0.9401691763737493,0.7971516330614925,4.958187778536435,0.6007175058418496,6.0,49.0,8.912176459626204,3,352.2186651745228,19.19571445205255,386.5661902616846,10.79910078261669,17.861348713800798,NO
0.09121987200165972,34.92780304947878,4.340837322444131,2.025789367762297,8.0,58.0,4.093054451346891,8,222.9155834007903,20.438838945519798,394.745856995219,9.853363216511866,29.35403128773252,NO
0.2597841582260275,1.022214658030482,14.097878714511932,0.5504052736793205,7.0,59.0,6.527191314100247,5,289.2731520321208,16.049328901372657,397.19877038280646,16.634976188168753,20.53524366924352,UNKNOWN
2.614822644633552,1.0732764448129473,13.311208153294185,0.46597145118887584,8.0,76.0,4.19767041113629,6,399.4541423782199,19.09668305161003,374.80915085361556,12.67782751054671,21.394088315903094,NO
1.1609325517539508,0.9437211333561685,11.064234829090502,0.5576357782035998,6.0,94.0,2.382732571472974,6,433.2829611094822,17.93169096221356,397.24956386121767,16.59774324234148,19.719832736011,NO
0.18508998413691347,0.24077295162202914,6.506009511717597,0.727708731568052,6.0,32.0,5.544149608743472,5,279.2306130896291,19.49204045483938,393.5684779653834,11.138946380078341,24.99033288129046,NO
0.3757727646838037,26.795886109726467,5.705111367557173,1.5522589643252784,8.0,71.0,5.408914869060563,5,281.94569605489585,19.607384023818142,395.8059360636504,7.791352711641909,24.706339809804167,NO
4.794722535938742,0.675322015207202,18.456246257815554,1.9166532707314032,8.0,68.0,3.440826535438848,25,666.5003673963741,22.25643898616652,375.26951842546714,12.495327565052467,30.851991908831472,NO
0.4713954905022285,2.3123783603778336,7.021566160659369,1.151467981464475,7.0,7.0,5.777113803517045,5,234.1976256119139,18.044545804204844,396.60496210194685,8.08980353611022,24.90086774071096,NO
0.49967340414541883,1.8399851543018786,8.901474137503943,0.9500411076240052,8.0,91.0,3.257291196259837,6,384.10062525138477,23.424431296383112,392.1946691906385,16.821775611783288,20.22785847151161,NO
3.481278941852727,1.6274429842865992,20.496837963536144,0.9672838896143213,6.0,95.0,3.1423631801492276,5,403.9189102296787,15.109741154973966,90.07063937193847,16.677256117974384,13.270510325752603,NO
0.673580661858769,1.390869210969275,22.42816125376739,3.030024012271723,7.0,96.0,2.7973820911135077,5,437.60246460982995,22.580835583545785,393.0856958946515,17.63137094526449,18.340688679531286,NO
8.677242325769294,0.458436463874315,18.956396191001826,0.922011575794017,8.0,93.0,2.7746083718439016,24,666.9913094067039,20.63882932372394,1.308704222225816,18.114646825945012,14.268675410047688,NO
1.485764473305622,0.3088689239965711,9.370941122588757,1.4545959345616783,6.0,30.0,7.024345466238673,5,308.0256525988364,21.827613347658147,387.7820555846563,7.254882746462972,23.499804936238395,NO
2.1124525664091265,1.2167871138214459,10.268790762726793,0.7412915423111849,7.0,87.0,3.49469431552904,5,384.03130664322816,21.8421057305238,70.93963962830396,11.144211654547812,18.74756773510082,NO
9.708965864267215,0.5636959775898585,19.065966139113783,0.7367543460494554,6.0,100.0,1.8210830995195582,24,666.826138944187,20.60069523503619,397.3756841976394,24.044945780700676,11.995300420337436,NO
0.8458462558433046,0.14393674164193407,10.239853481516441,1.3859345807091545,8.0,-2.0,3.2320472047689046,7,432.21519405382793,18.672385556372877,389.2644370558332,10.723134193498492,18.843315629975958,NO
1.484155117309949,75.80406431441979,5.081386508496609,0.5618955244927861,6.0,48.0,9.175557783117771,4,469.514290529237,22.14356033705048,398.98857529306815,15.814822844853532,19.51647237041567,NO
1.3596503023640474,1.0389928897826903,9.15924997410839,0.7697127868884837,7.0,86.0,3.3886439804592983,6,385.3573061454408,22.686771060904185,72.88187476721532,10.694704069219876,20.179250739410268,NO
4.5738707982753875,1.8527233744919727,19.311451162734063,0.7505096405402294,7.0,42.0,4.157777443073771,25,666.4322712087846,20.586063080934917,393.50396048651186,10.806588706290098,22.926958149074352,NO
0.580325456556464,22.065496689909775,6.162292294744082,1.3739183691160155,7.0,35.0,9.651729079208756,7,330.52371264046496,20.80852630910014,390.63375401966067,9.429620664896357,24.701430091859546,NO
2.056637589925428,1.1106194739270645,19.985162607278916,0.7573775357933556,8.0,100.0,4.032960348174753,7,403.0158778674855,15.93417268048614,389.94718109113086,1.9787531634023154,52.39082075442254,YES
0.20100863668507885,1.3077764414834419,3.507529747617552,1.1972758779210706,7.0,67.0,3.216540458737301,4,270.58016369604235,18.255000891152385,392.4230042844637,9.832873075726603,23.117764884984826,NO
0.08743961752560486,80.90774300644684,1.3799795954596414,0.8719815415123541,8.0,34.0,6.398943551713961,5,256.0962972404709,14.477478469182618,394.4755738243791,3.0531041564874193,50.79757585387403,NO
0.35359633803750345,12.757084628310924,6.210378318260737,0.4728125265018637,7.0,34.0,8.491422831942874,4,345.27423445542195,19.059375505869117,397.814199416581,8.968559852184196,23.434730186119467,UNKNOWN
0.7332690133892116,0.12208015840162674,12.285036186657985,1.0365526768084299,7.0,8.0,5.359361117264936,4,306.2482507170254,19.49713693505733,384.1645943982866,7.800081724383232,25.604321143552795,NO
1.386324919396234,2.5031365827536187,13.905505680658667,1.924025167396321,6.0,95.0,4.061394497351015,6,276.79911950481124,18.747898896282443,398.6156995039777,19.251048976299078,22.25320759700326,YES
11.056606815802885,0.4787533722649555,18.92133791927024,2.5806986519169985,6.0,78.0,1.8520381219813573,24,666.8264916707674,20.974772364061696,338.847719475813,30.544884219780272,7.442192340751273,NO
9.224894551066294,1.936529606420197,19.36247435911219,1.2570500394818969,5.0,99.0,1.9372924622347563,25,666.1532944866809,21.473646630401745,398.73428508244444,20.968985035203627,12.157870093805432,NO
3.340864188884712,0.008113914741168746,21.378354710867576,0.8909801674432556,7.0,102.0,1.8801222899268528,6,404.04189535257177,15.61343415546217,169.85793511365208,18.65765904734105,15.7194723996619,NO
1.9377219570616901,0.09050558946687173,8.151166518445487,1.654899681648576,8.0,88.0,4.646060740407689,7,307.0938369150713,22.061014222810286,382.4051225690121,11.983123016395338,21.0282114893399,NO
9.56344373029597,2.0756473285326216,18.954604521730626,1.0900563379635204,7.0,91.0,1.5717532148782873,26,666.0151578737726,20.55430692700889,348.0550624588759,10.380335717373912,50.08985272366569,YES
0.8979605064990166,0.1803983793286087,8.412132534560179,0.5990677126266362,7.0,67.0,4.062352861489788,9,308.45533488646595,19.009020097669797,360.99204022354195,8.343083512042812,31.187007981732357,YES
0.06445686240574362,53.05054325873704,5.461835894057015,0.7442059753792292,8.0,23.0,8.464783082091138,6,294.3007654525816,16.970057389816397,372.6119831682667,10.011341201741146,27.17451022951138,NO
0.15486393839410456,40.098221063561,3.3288662331121,1.264218703510723,7.0,45.0,9.95613039607701,2,336.2074419887027,20.571258300136762,398.5584953322579,7.198889001507466,23.12321418583715,NO
1.1130889363755911,0.33355370752331187,7.145090226728735,0.8632078577242557,6.0,92.0,4.059434782161724,9,307.39999573951314,18.14960435166232,396.82816575981263,22.043598474022392,23.076077389417204,YES
1.3686544460700238,0.5458549172706735,20.23925961657924,1.1240687714073108,7.0,98.0,4.404433290197339,5,403.8973188185806,15.982090001765576,363.4625575651372,5.302314877482827,42.37277702790238,NO
0.8870894522689332,1.4834050535117256,7.184753495146779,1.014999994943405,7.0,87.0,6.986269291118704,5,234.1949238755878,17.96099394238557,393.8519820095832,20.840167650733015,16.968455755449703,NO
0.49101567264268947,0.7682043129856763,4.044821584956219,1.814440878534376,7.0,96.0,2.9962062366066236,5,193.72606964959175,18.510794151532412,397.2037661887266,7.430923879390064,34.019102670556705,NO
9.9044719695044,0.8391834123713011,19.32712696440925,0.9508252947813977,7.0,96.0,2.860341692814435,25,666.3124243317134,21.757745583710992,8.322668075566941,18.800986437430968,15.698314527256159,NO
0.5554501403946734,0.4254639664441406,10.955073511590017,0.9515893151220971,7.0,7.0,5.567758938148283,5,306.2500464250235,20.067725346364803,385.21794710584095,8.007639085751183,24.646258716690713,NO
2.7728399600674294,1.3043280296038557,9.09844101377453,0.6843512039381063,7.0,31.0,4.956298981076059,5,308.44623856398886,21.560420992934095,387.2339013776478,7.174076355151625,23.68114391388009,NO
0.629297007891255,22.207619066080127,7.605248551890917,1.91147980726759,7.0,16.0,4.89286410135766,3,223.08942794812614,19.578777730603424,397.1213959577408,8.486228337459913,25.742935744391954,NO
0.6539669993878787,25.50667417250002,5.435090435258063,0.8862716561119199,7.0,48.0,5.982921113136206,5,281.82273141163114,19.388412007092615,391.00590549544887,8.775228356354678,25.054294462275596,NO
0.16243891548800102,0.5418742133815176,3.7262008351430724,1.1142142142876945,8.0,76.0,3.766918366321707,2,270.93727232271186,17.98771895806645,395.75256422333786,8.300532093719925,22.22294147700365,NO
0.15544773714399654,1.0139739136195045,12.045716699117788,0.44864085991884994,8.0,7.0,5.48374554120978,5,307.38827919099333,19.214698904724994,384.2966324007492,6.96621253593699,24.22561511406602,NO
2.376757691745821,0.26043142795618335,7.6534203586110205,0.9719663159989466,6.0,44.0,6.734939954846513,5,287.44340172940133,20.08129069086248,397.03343121081247,12.820274864475994,22.737094271492417,NO
0.48709704778257334,0.2934251921984658,7.813224619170006,0.6402371314093016,7.0,3.0,6.541476677719146,3,233.79540242729792,19.79140694700951,386.0079110332194,6.12467335606693,26.99889627861884,NO
7.02160793771595,1.4426617771660997,20.104508435993562,1.4243689078482489,7.0,97.0,2.1661584018358746,25,666.5138447503134,20.87282957714548,318.2036452610778,18.034624062418786,15.028812612259904,NO
1.0415472126750753,0.4403219260804687,9.919340994329154,2.4267256885991637,6.0,73.0,4.271948332605617,4,305.02156639118147,20.303836518087984,397.63919082495994,16.444921690017615,20.956736913560807,NO
1.4363665960777714,0.48174295547184937,8.957655907351826,0.893245823285421,8.0,93.0,3.4821721499464475,5,385.36844930209077,21.299121543952218,397.06513057030276,19.805149783275656,19.55397971273723,NO
0.40894877129641216,90.52178171457919,4.274542920312832,1.1208376986360584,8.0,35.0,7.186725207594258,4,244.14067688864074,16.849735207285683,386.6421902260247,3.2504031715390593,44.545978387548786,NO
0.7627809958706175,0.6035987976698821,7.747980162454011,2.2248324943149718,7.0,35.0,5.442572183775476,3,234.239725215601,17.91451168394205,398.35937567453857,14.581543873299498,20.376248404701915,NO
4.630115696383413,1.6475101481496275,18.593825518314702,0.9123824492035022,5.0,93.0,1.8853558756603817,25,667.5611398474275,20.77785196657681,316.6452365869283,14.331884981977803,22.105417054962995,NO
4.856673465942813,1.5448004164119022,19.376964439440574,2.3946873407090328,7.0,93.0,3.2905935939019164,25,666.7588128076728,21.417761482509455,391.7626522728911,13.980874537279199,21.821624207684685,YES
0.8140902226529234,1.5101497620909816,8.529151267321748,0.6085448631029086,6.0,55.0,4.947594220072937,6,287.38175686030695,20.633894211010663,399.0361458460096,8.468197648471692,23.32859803795856,NO
1.157851306380937,0.0864929691870933,26.592454812522178,0.754484344994402,7.0,89.0,2.1638753636148893,2,188.59841293342217,19.17623572527828,386.3810116936918,15.525993236788779,23.496515034107833,NO
1.0816336788741379,1.2951758233615112,11.683791578372928,0.6427686459281782,6.0,10.0,3.717508852760397,5,277.50881371342734,20.06572053452719,351.02366376718106,29.831324373825645,24.621818837926956,NO
2.0435076337603095,0.2470059073394321,7.73140955956909,1.8858548140691078,6.0,46.0,7.020073787772768,6,224.3868766047848,20.513484419545865,398.1153012571766,9.89694209069542,19.968542126032094,NO
0.6352097883400754,0.6721830357782392,7.481895746383411,1.963793697315433,6.0,96.0,6.497302322391829,3,234.79985483095953,20.347649457908823,398.012028756705,31.33714497769577,14.76229222501005,NO
0.7448232981581006,20.4571702461447,4.646290813865517,0.9452609762844055,8.0,101.0,2.4693973258112676,7,264.2447618724708,14.466440372207499,393.19810888960086,7.120855502223294,30.285133233234454,NO
1.6451686574648807,0.9284889191821524,11.604928527053195,1.4584818814508214,7.0,24.0,4.63931925456413,4,278.71254237278015,18.98851327414634,399.2450620053119,11.670090942396945,22.882322750258037,NO
0.4342817082661421,45.350984119297394,3.5063109995186164,0.49720132488204577,7.0,30.0,4.966792646119572,6,398.5467539215802,15.856385944936699,383.556235274035,6.40489111025085,29.967939529111543,NO
1.0696431738722336,0.1984949599948931,8.691111873964871,0.688786533763026,7.0,30.0,5.615806188077043,5,307.89995906703837,22.411643700848693,388.56531545333536,9.163919739683513,23.22626747769,NO
5.704021412494713,1.5580879378887085,19.323607979124944,2.000255011993877,6.0,100.0,3.52853367903342,24,668.1814175786242,20.334159814340126,396.2592416542595,17.424493757161628,18.659925117262286,NO
2.562038999583957,20.314103890292532,4.665913637500427,1.144251661485153,10.0,88.0,2.834441219953437,6,264.6797580011409,13.119419183920467,392.4040908792929,6.392566073701088,50.64648713352704,NO
1.9706326034506347,90.3217652685618,2.60978103118991,1.8762779718996774,7.0,37.0,13.3692206413462,7,187.5034101254825,17.484826830512592,384.5076735105309,4.919413140938531,30.167508609243374,NO
0.4701732687929725,100.67156503497692,1.960311127124278,1.3778218349719755,-1.0,41.0,8.808892145506777,6,256.2017510906281,15.904574589428616,394.43344169526455,6.279854123900323,34.0857130698639,NO
0.5153660524513174,0.44325404595771406,22.77701081095165,0.7910990227821926,8.0,100.0,2.3615816578602176,6,438.5380370434389,21.919918652205045,394.97802915115756,15.494950821117866,18.176931591726493,NO
0.8745069378669352,2.3054738105194437,28.09671417551023,0.7741365294504877,6.0,93.0,2.7868764811624436,4,711.9558754002069,20.71911240244315,395.8940580395186,18.162590929477684,16.474855182079573,NO
2.0462179763501513,2.109528875523664,10.87410041388551,1.5762988921886445,6.0,31.0,5.15580833161443,4,308.01502317378316,21.19864265918493,387.6487819013754,7.3391494851498935,23.829964953009988,NO
0.21513707588405925,0.09503064632872642,11.15067609148174,0.7720472108322192,7.0,73.0,3.7128846128724504,7,432.8208559740534,18.44814572575928,394.99084989672053,12.779003926767137,22.258152991240735,NO
0.535744801397654,47.426165715374445,4.869110348597817,1.5753142344638322,8.0,39.0,5.878972624343913,5,399.3342189921901,15.415977089069916,398.4446821336363,6.380295819421949,34.99423984848344,NO
1.924142667534946,80.3146932614439,3.371786973328265,0.9024548567736301,9.0,18.0,7.925518515342928,5,337.99222686368404,17.68235823596338,397.4497154417531,6.677989161839291,25.16622068938355,NO
0.26178597294473394,0.20808204690266252,10.908694233182363,1.2475167385698844,8.0,89.0,2.9992920347747236,7,432.5343164910835,18.480832725817816,345.05286416977424,16.768600260711064,18.62153827064711,NO
2.0514079180578584,1.1527342382144903,8.140095095390757,0.886041006199008,6.0,95.0,5.4388601022627165,5,307.258205097842,21.069294484963244,360.22030716767284,23.54947359220145,12.731017695802443,NO
0.9220158812889183,0.8444969535034735,8.08905560398191,0.7309228818113156,8.0,16.0,6.498412958829935,5,288.56612596370576,20.94029658394576,393.8975201275498,5.611905597738289,26.924612457486912,NO
2.0227056475727165,0.7285235444766763,3.2661484074553817,1.7932713047787272,7.0,95.0,3.0740289497145676,4,193.33079978003911,19.294785213039972,394.82169682274076,5.1639044662015285,39.8935147401964,NO
0.9517340248874114,0.531859555876224,4.954682978915423,1.3209610753215717,6.0,69.0,3.356406517337553,5,296.98468996105277,17.567159156729893,393.66515817409146,10.037045224875877,23.15423491275845,UNKNOWN
0.6426177086993609,1.1738871132843234,4.6925154420143365,0.6036948130335862,8.0,58.0,5.342611171844023,3,247.14749054739647,19.817500687526167,392.9152073880606,7.432688960916319,28.383616583411005,NO
0.33037469307490736,12.517945900901179,8.364417200756728,1.6195765166650373,7.0,94.0,7.28249956307419,6,311.15213402685583,15.4873226090071,393.78142339339854,20.73090102583348,15.310054784512488,NO
0.5591563083673509,0.01064496576127264,3.960491810892284,1.6569360944719356,9.0,54.0,4.183318050959272,3,193.07244395209955,19.635682276639546,393.90993389765583,6.091636168447631,50.15314120435083,NO
0.888495322904407,0.5348471546838788,8.558252190034104,0.934539703692169,10.0,83.0,3.328994332868842,9,307.04887439830475,18.450506487639636,382.27256469710795,5.318083429586998,50.667597989851366,NO
7.5858736812480565,0.8124127639147021,19.197099558485736,1.65781883636106,7.0,97.0,3.670594864464503,25,666.0533515178037,20.638528906760087,397.732627980031,19.587997869327044,13.105150937540282,NO
2.0321565393113286,0.5737496979686254,20.307982598862896,1.2695654565615653,6.0,95.0,3.826496008768596,5,404.22427186553955,15.365164111432591,293.43859557897974,14.903750831046802,18.590509214216745,NO
0.7977483402760911,1.2774233234995938,6.030456118994891,2.4613288743858335,6.0,31.0,4.030835935323187,6,280.9401645055997,19.25521423252112,394.1856360489183,10.480221434454247,25.089027475781418,NO
1.6540585938498724,0.04183499539392755,8.261463702988756,0.9601737775622226,8.0,98.0,5.129082385669578,4,308.37610162073213,21.31187409054863,249.49232842301814,21.241443050135643,14.30736263706882,NO
3.9768031613651615,0.9518496456725,19.974705307596153,1.940464560328968,6.0,96.0,2.3281669787690618,25,666.8125875181896,20.82419227976368,381.8230372626669,11.581412614625059,21.829087875729826,NO
2.452821943286927,0.7987365118363786,8.431622675682185,2.0311561539747007,7.0,37.0,4.886414431288907,5,307.82118731920826,22.258590264544903,289.3932075696908,13.602851255853357,21.144233715985045,NO
6.190166242268758,1.6338615993158276,18.154839426850046,0.9505752083443487,7.0,94.0,3.3969767861131217,25,666.8506970995527,20.75112480654604,391.92037811642086,14.258399821344296,21.740302888321985,YES
1.7931696662297623,0.7738327310782914,8.078931184469551,2.5638208074026174,7.0,7.0,7.1679526973235195,4,233.24423520610628,18.49122816580411,394.6449988715539,8.454911642862067,25.97782915174167,NO
10.211350565568601,0.8579760709379552,19.1594272708945,1.92640039092147,6.0,100.0,1.7076331579973645,25,668.6958435501551,21.030839925734718,376.78394460072735,21.452624181794935,15.586845847263666,NO
0.3583337991834455,86.4092706188838,1.4847489198203212,0.70711841151338,7.0,36.0,9.22968897848177,2,313.02695745879043,17.50586817252768,397.4602365621791,6.031806869292577,25.05385309420844,NO
6.918489293046472,0.3946502783778472,18.466124447366155,1.7502973302877578,7.0,75.0,2.812036071904967,25,666.8237605250754,20.699840403003282,98.53711392872485,12.26385660755196,17.619205245588574,NO
0.6290458686175692,34.24086825167435,8.01912973161991,0.43426462401077986,8.0,19.0,5.794702231223052,7,329.61371813193404,16.815222030149627,390.8761187263037,5.918581577645178,34.216564864746296,NO
0.4400038493213217,0.04753016018663755,10.336575032183019,1.7029738298039891,7.0,68.0,3.6991050292546626,5,304.80191990905064,18.40853846867926,396.1355808703635,10.710835681064195,23.232105953605767,NO
1.2842861082570454,28.09582007789265,15.101406118843343,1.7553180483698423,7.0,30.0,3.7600877961476176,5,270.332329853965,19.358654710620858,396.7048435014692,6.617789950683956,26.41485211423675,NO
1.2322321120089972,0.9944018560502111,28.561734490622065,0.9484390381124195,7.0,99.0,1.7793757426740122,5,712.5093564823977,20.17246091930777,344.38828604150723,24.285084935366754,7.728633715730545,NO
0.9803829873771019,1.0800186004418046,10.752150200573897,0.7716353726399695,7.0,94.0,6.543533054179518,4,308.4566298242139,21.129855403654002,395.7914485547182,16.72958209359566,16.757680033516756,NO
1.8241186794416782,80.4408119344395,6.283970076244155,0.8163283973617466,8.0,24.0,5.5886019856268385,5,246.23189076885632,19.306211120302287,397.67574777596514,5.001666773556132,28.51665155747889,NO
6.96789334626304,0.6919340644064063,18.870516885650574,0.9174943035240468,7.0,97.0,2.8356011657179847,24,667.2905735890565,20.250732130341415,397.3813042906002,20.19994634618005,13.086706450317338,NO
1.1384143780299247,1.78197995731196,8.8858382118099,1.1659687105306293,7.0,57.0,4.808348377367898,4,308.0229417175246,21.13777991824951,395.9151703469677,9.30444902681955,21.06554543913976,NO
0.9466532049559175,1.4910610077777176,12.2857211709067,2.8425882131163487,6.0,78.0,4.227926519074672,2,274.1560949831495,22.10981120507587,397.1994666969938,10.035107123680163,21.077292168666833,NO
0.8261080651974674,33.48766477886447,2.6969478407435172,1.1217125611449008,7.0,60.0,3.3919483187387662,8,222.27947215728335,20.012942989941976,393.55607457656885,8.937548052596362,28.48926640412993,NO
1.272519560240908,22.145989310757866,6.305040681611477,2.276398616355895,7.0,49.0,9.950618255811396,9,330.92719294239294,19.670944950034066,375.12908222913876,11.182441283464147,25.034897139268573,NO
2.9612672416914605,0.8099912929214248,22.829124578738778,0.6682891796900666,7.0,100.0,1.8467026981328125,5,437.2329884524848,23.39831255230442,398.1058609309624,16.44187433311027,18.769988402377034,NO
6.385168380278367,0.335338806445461,18.128914212638026,1.13921275893563,6.0,101.0,2.2949911224874104,25,666.2650486177512,20.337612217749626,376.5758076611157,4.127487088119849,50.50385298565672,NO
1.5730731465491663,12.659846628078771,8.902803209430042,1.9645387994794188,7.0,67.0,6.267747367600523,5,311.4274737922664,15.990662912414496,395.7117255512861,13.28491350316994,23.55540749878537,NO
1.4625390796625777,21.23296782839666,3.5078548093458677,0.579644019963052,8.0,50.0,6.049999199552008,5,216.3281024793973,16.558040308935908,377.3566029807427,3.031357006274944,47.23267791870221,YES
0.655028447894437,0.5503774626600259,2.5246084169700476,1.725164994291592,7.0,56.0,6.334508500664284,3,223.521598616212,18.824893960812663,398.5331159240938,6.552409134777342,37.26077216160619,NO
0.7167740582755756,0.01788865894110033,5.515639417962115,1.6977569321404609,8.0,60.0,5.625749073190101,5,225.00946962715048,20.71134900132301,395.54535249777723,11.548715590268237,19.401030195483997,NO
1.265214785661368,20.90766811714407,4.630245426151493,0.9004660025537763,8.0,53.0,3.5866294975693944,8,265.4872744383557,13.606851906171677,390.46462992177914,4.603515462370003,44.663561837040305,NO
7.956399310354914,0.5648193601736335,19.141357900876187,0.6968411851549192,-1.0,99.0,3.3236574820247458,25,666.531942077216,20.936640469675098,393.24577039277716,3.894495795104784,51.25209329934484,YES
1.8027462709877864,0.03012860669339012,7.679140118854953,0.6280389781124173,8.0,82.0,4.513486336441962,9,307.68803739737996,17.565830836324498,397.577096799704,7.636455978333196,30.41499480415422,NO
0.4882596313297112,0.14416998355344865,11.776850292659855,1.4665509001202788,7.0,59.0,4.741709578853398,5,304.25353877000475,18.956066896167638,396.58174594917074,12.972690079055957,21.51828799797514,NO
4.4661877298649815,0.9247372111775811,18.439768947606908,0.8784004468411383,8.0,81.0,3.2950978921126093,25,666.0460731024867,22.22892360561267,392.22132847913065,13.41030512104251,22.72250471017379,NO
0.6646401032082857,0.37058412050996764,9.628233724949451,1.3097509184312965,7.0,80.0,3.6261660328139196,6,384.4098309595355,20.954062417689652,396.14333598314187,9.825289857077927,29.165950080415016,NO
0.35636522246035995,0.5232689917635982,3.2084616495916323,0.5881578447737603,9.0,37.0,4.031588051184691,2,276.5303754047482,18.148772398581468,394.66562569858786,4.730417294820869,44.11904742912656,NO
0.81293174515579,1.2637241934416086,10.21387957040191,1.0300286253914392,6.0,72.0,4.417052473445141,6,304.4910322109508,20.246976489405426,397.7860009346427,16.79601054966552,21.86572327792706,NO
1.8964315979235495,0.37264149476847475,6.31277249519181,2.5704538331849665,7.0,79.0,3.3074007292879832,8,309.6184623633234,17.47749509438995,391.28316073101684,10.028794432164768,30.20754290497719,YES
2.165550964813683,1.121927517220562,14.41016090191399,1.16157048577436,8.0,93.0,4.794055064021878,6,276.7600540720285,18.26264797623344,395.1330329781149,10.795181496287409,24.08035716391049,YES
0.4084146973243666,0.7526164688067503,13.521583499112465,0.5126581515211007,8.0,46.0,5.160846082369389,5,398.8981113638318,21.050204103679647,384.15729985322037,10.023593253680435,22.27050029895829,NO
1.6278733239806114,31.348043370425533,5.949983605555523,1.0058761945849188,6.0,54.0,7.82491670806308,7,300.2188557088473,18.069993022130678,373.7273969004003,12.030124228910395,23.69233190657705,NO
0.7622094467271068,45.129695916075825,4.324188882869283,1.6734955003469913,8.0,23.0,8.470575167756031,5,399.4587624448755,15.269410721170479,377.9572393141251,5.248924579184886,37.48012541780186,NO
1.1129602645912033,21.937553368703703,6.757324430106943,1.941079975244926,8.0,63.0,8.4315526246043,4,244.38626405561246,17.082256790061912,394.83744134166693,10.404241750695991,20.96329756621595,NO
0.05193892613137474,0.6390643423264271,7.905044990376606,0.6459246537815175,8.0,63.0,5.836838399312355,2,242.35806026329797,19.845754813221923,393.57736202017475,4.076541774914386,35.203058353726156,NO
0.8217705226079632,0.22239817095017564,6.726713093727364,0.969532001618026,9.0,79.0,3.2759682940954074,8,307.24376740998105,18.64186418117916,386.218768477121,5.01720323326153,44.96549421886652,NO
1.0364640870889277,0.6207058332756336,8.67583757428142,0.7717555817640271,7.0,71.0,4.706636723366148,6,307.3240683142017,21.93527217885315,392.068424156266,13.141368385023304,18.683868875246294,NO
1.2167278857489703,1.2081064428079096,22.82946311158041,0.6247859287726721,7.0,99.0,2.76904977327142,5,437.89547376370916,21.766488530651614,395.73216601201324,17.20726277483213,19.013615254717408,NO
1.508770689600043,36.28501057864325,7.526288576419516,1.8230354976104342,7.0,24.0,7.20653362515015,1,304.37231023063424,17.029061238470888,363.4130292767948,8.203580217987183,20.412645807495373,NO
0.8434391728729215,61.01051664829394,3.536979268873492,0.9303263858160435,7.0,20.0,7.896087443538745,1,265.7788611629116,16.985193562848668,377.891151469578,5.6690377633722715,30.286393400288272,NO
0.33182340204857985,0.8085413924202857,11.060576874701646,1.650019849470767,6.0,43.0,4.043640854515521,7,391.4488379900681,19.95399869171393,396.9372875812797,14.26496263076955,25.204797022300298,NO
0.29913319699110597,23.45517961144344,6.1178840177159275,0.6676266373871894,8.0,50.0,9.993198243671198,7,331.3921867870804,20.231086018233224,376.1233221866175,9.819220533967506,24.635888081504813,NO
1.3156855075475393,1.9150374756251172,23.258739555333186,1.0838037776107734,7.0,99.0,3.2669416634324424,5,437.75514835987406,23.534280073749457,397.6669582768736,16.171196965702467,18.633712527495916,NO
0.9184042050165597,1.6165224661717232,10.072804458217078,1.004122564887945,7.0,83.0,4.072831402694787,4,305.06222359296197,18.680740679103863,393.9950907969556,8.762954731963717,22.52015810826446,NO
5.245639616133232,0.4452563210880588,18.696926088654997,1.1498624881454589,8.0,89.0,3.6612376301947895,26,666.1163214418797,20.28546970695051,353.25132679386655,15.497086227038197,16.807507094301933,YES
8.274693603812308,0.2498302103372246,18.89206241965407,1.660325073618438,6.0,67.0,3.77914404755708,24,666.1696771632854,20.643492027011014,398.08848462181385,13.407816242569503,21.6111447741063,NO
0.19981814091889138,0.2547770101693718,10.85848956434742,1.9065656321664477,6.0,89.0,3.988170335445608,6,432.32157876565515,18.241080352062465,345.25776581062354,16.75647011605218,18.955806569691568,NO
1.090735277527291,1.6924037066067563,1.9176530821525926,2.308042700418037,8.0,60.0,6.358981998881152,2,422.42617404460685,16.18900434760582,390.85380690464746,9.33671144884087,16.790860761538116,NO
0.5711020104959805,0.40485300248752404,4.608320506372904,0.7597224636336557,6.0,33.0,6.215432709598515,5,430.0555382297444,18.477807264685197,370.0994032606833,9.482190996872818,21.29993339716926,NO
3.870044623331267,0.47726069003027743,18.288777984914848,1.2751213539934776,8.0,75.0,3.280962455597669,26,667.5251990225191,21.314119506621026,394.0429738438715,15.906092329811486,25.210495353250238,NO
1.6360651667263963,17.768766704982564,3.118010824214664,1.3417296919176795,8.0,60.0,9.409301393856486,4,216.0313401613129,19.635872375701517,394.60079683354076,8.294875502622716,33.48837324669365,NO
0.5783171266850882,0.0008848867744038119,28.803908200446145,0.8070313285271687,6.0,99.0,2.6199992830060315,5,713.6559236546303,20.977944202859437,344.7853240144957,24.894664148795318,8.16743029310117,NO
10.07336104447641,0.8608129745974004,18.14941463367527,1.4253832721520294,7.0,100.0,2.984677007050003,25,666.084338700885,21.11594337267128,387.48335636767956,18.952583763343174,16.72299461080091,NO
1.1044095482158447,45.69399851843347,3.9835427086896416,1.0096421673742595,8.0,41.0,3.8936829819543344,5,398.05446807265946,15.471005229130979,395.3583861819317,6.823556164220145,32.503817576448064,NO
8.427527461633549,0.2835965447897781,19.129314117651994,0.9018486102388493,7.0,85.0,3.7283747152803537,24,666.7472919998488,20.758600167996377,272.26633715316297,16.78738096752256,16.164415121217317,NO
2.65878799436465,0.1471590785786979,21.064649209128046,3.5983953389371597,7.0,80.0,3.868974436037929,6,403.5741773460645,15.121286641700014,227.869410632231,12.202502961878789,23.899555777695966,NO
5.148032462335207,0.9115919759314758,19.308074304214582,2.29473750841049,7.0,86.0,3.9315811828808096,24,666.7316568876615,20.716363937526133,22.883167678198912,17.834899394184554,20.15717450573473,NO
10.524152263814704,1.475753340973215,19.153247052304696,1.0623516475377062,6.0,79.0,2.3059123285301903,26,666.6273752003993,20.433525486518,339.6138931296422,30.95906852265343,6.437723436506451,NO
1.2628397877769595,0.2012469931219459,19.66179314032106,1.5937193771458547,5.0,90.0,2.4708700184813734,6,404.75991483132395,14.715643883863196,343.84295162653893,12.868553707902858,16.000337787293752,YES
9.707471723991835,0.4518893718862756,18.717982823262222,1.0830541937398301,7.0,101.0,2.126958385968282,24,667.4812941472834,21.40008571625322,376.99346431477824,21.2119196326913,12.648833182215979,NO
2.4935517355716867,0.4651323641529144,23.302078770680833,1.2022959372381616,7.0,98.0,2.2145331758707116,5,438.8212509670008,23.256197581277807,394.7642094999848,17.073353516731856,19.241034951853123,NO
1.4536314113351807,12.730715292339092,6.9065974009959445,0.9189482951380337,8.0,37.0,6.6004541151909075,6,346.1818149019002,20.4537832631466,398.3676962570693,13.318940152585716,17.78842671358248,NO
0.7233102566816241,1.05921352467908,11.721376762372119,2.035771378418758,6.0,100.0,4.436235123063725,4,277.0232644045906,19.97214154398015,399.3032741483322,23.358786437397146,20.99739997932231,YES
1.5069044480268277,81.09769977776291,3.324418919816945,1.5260488015928257,7.0,37.0,7.996166525433432,2,330.46283031155053,12.707636589760376,355.2524623361368,9.936631441095471,31.099291008116193,NO
0.19605527807686363,0.5707677379463432,9.811536824936512,1.6987615202524777,6.0,15.0,6.439055398395982,6,287.34850114233745,19.700984688331065,393.71724978764445,5.324533755846211,26.639036150167108,NO
0.27555389955537596,30.144163805225226,4.941866594449136,0.6904639228251377,7.0,43.0,6.320037884526391,8,301.4952369443296,17.323390000019888,384.916473768888,8.87684600272628,24.17163482192093,NO
0.5185326719553603,0.029822219102045595,10.867891728866294,1.2715051103965145,6.0,100.0,4.530355757696007,4,277.97196706673634,19.54508064990116,397.45508907125554,23.78331339894249,21.268594215604836,YES
1.6794378404338952,40.113353959075155,7.6462400306035345,1.4411152701375298,8.0,50.0,5.846626115624587,6,254.14247863834075,17.796996991211067,389.60982378126005,6.876606671876878,33.62947820625471,YES
4.523060038502107,0.37310471134534234,18.219403875538525,1.2589720747856739,6.0,90.0,2.8961789808505523,24,666.4131787191575,21.053611703872395,354.226038338588,14.856676480717006,17.29942602426479,YES
1.623131150134232,0.5939037663909708,12.359321576515695,1.110489698284466,7.0,10.0,6.152981830087932,5,277.2020687586477,18.687350303603452,350.06056341605415,31.481903559261315,24.582287991049505,NO
0.8503611478104383,0.37564205861281447,7.558824760878197,3.0989217467780614,7.0,80.0,5.280247954478031,2,243.91253789935206,19.001475454792352,397.6309048937554,9.684861674345102,22.549552041947607,NO
1.684795549771923,82.57653301888728,2.9029045689084194,2.3441893119449904,9.0,17.0,6.72894734383656,2,348.94363593190036,14.796405393337524,396.1002047882634,3.445508730380165,42.85388528491609,NO
0.8176727390657897,22.84568237293532,6.595327538754402,2.133497711047215,8.0,7.0,9.337221390640503,8,330.0386137264247,20.134524582534436,386.4355308869462,3.9468191852607393,29.678120467463177,NO
0.12696892367177443,34.258892472852494,2.4139981732182467,0.5626625130572793,8.0,42.0,5.354728746010932,8,222.19943665331914,18.822074173176457,394.8636563226922,7.256321122724682,36.4032521968479,NO
0.036093873202577474,92.35321861137685,1.7798256415759837,0.6475140799665048,8.0,22.0,8.899136283193828,5,226.1374224771295,18.534405114487072,397.2473707574229,6.498119012528549,37.15425866050174,NO
0.9017903880046726,33.67987986333343,3.7970015447005787,1.3427597635308883,9.0,72.0,4.563693022077575,8,222.06631338689033,18.64945081937978,397.2549632306937,8.598251060627597,29.13809547570799,NO
0.2834243930676341,1.8194243015349674,10.712866629053869,1.2090679127112216,7.0,83.0,3.1105172424034486,7,432.47268894836554,17.975717237823428,396.1696457993524,11.257538666842313,22.838236169669614,NO
0.9499084173270276,0.26223327984645634,6.2094280998243185,1.1632528935532176,7.0,22.0,4.8548882603271,10,307.0275546421556,17.40042883828008,383.08982070936713,5.110566916390662,33.0972303676479,NO
0.7231675855698285,0.1725182012844307,10.352432399557879,0.9763916459615594,7.0,88.0,3.211154638526666,6,432.07964640531515,20.051827621567963,345.9468079406633,16.22449269801493,18.831983578674716,NO
0.49813744022329237,76.98812306348125,4.312117797804522,1.0752779945181605,8.0,24.0,5.488088716720979,4,252.0604699526265,19.585375868652328,395.8201167505226,4.56808265472309,32.310442508525135,NO
0.8812228405389636,0.596779772036201,22.494373430163286,1.8262257120124614,7.0,101.0,3.8560411792416285,5,438.18053482980963,21.760887578773616,397.4463036642797,17.100484851880633,18.2901699731353,NO
6.237511577532854,0.1993674011829965,18.29344483195239,2.474370847356866,7.0,90.0,3.195170419421893,25,667.0325948269215,21.101921115996085,393.9292991269315,12.11686126747104,20.87276413560103,NO
2.379242412078236,0.2367718730858814,20.027835704971594,1.669156413658797,8.0,95.0,2.809589662805057,6,403.8188338891397,15.387619369068739,292.41695804602176,14.990113882576802,17.960778296524882,NO
0.35444695227100875,1.15017722867509,12.209879077216723,0.7809711226342428,8.0,44.0,5.3310346865208995,5,277.51874396372034,18.766955418294067,395.4036477128973,10.069569630074112,25.183117831477745,NO
0.8019672581108519,21.408787883625006,4.637995338489986,1.6220526479597208,7.0,82.0,2.531042351238105,5,264.5124761306538,13.331036667324835,393.6183332576498,10.651589779351811,33.936816652012276,NO
1.1897564724397518,25.73154256616276,6.19283775761415,0.9003375037999761,7.0,69.0,7.4114049607982775,9,285.7631018525623,21.3116380026612,397.73114258780146,6.827758179733576,23.515943039012516,NO
8.63947748838113,0.9028045917032071,19.268889009611197,0.8448136645219659,7.0,85.0,4.421528895158985,25,666.4087545858416,20.841532974155854,272.7987473001428,16.70071112604158,16.245208561430914,NO
0.834602224258078,20.34510276966996,7.305717644625059,1.2210449355343045,8.0,53.0,4.57726935905067,5,223.9310247817509,19.14387259977042,391.0021024456755,7.31576756029705,35.56442939617021,YES
0.9300134077432172,33.76517803624504,2.3146985361605856,0.6193344464240292,8.0,74.0,3.22535026505931,8,222.50326431021398,19.472391087784626,398.70376348555106,7.15208352417375,33.63041057327151,NO
0.8300897501488449,45.20629167599532,3.9977142277847224,1.0524648718131802,7.0,31.0,7.690145137954509,6,398.6793062847538,15.527472490509608,391.6840112930365,5.018328695705176,30.63605810784567,NO
9.03426059440848,0.33491144002868595,19.435479709182633,1.5241978385690096,8.0,-2.0,2.6018619422681954,25,666.6713532892396,21.78964131711788,398.3078624446285,16.033872750555552,14.181508177947162,NO
1.2107801145967572,20.415976020896736,7.5441378996074135,1.1221984215029759,8.0,52.0,4.372111263051029,4,223.28745614757395,19.043871910426045,392.2838284487867,7.455939677047814,35.31357531196626,YES
0.12298779778859888,22.398821249574947,6.855363981820559,1.2619253039196432,8.0,7.0,8.931035041424083,8,330.3799608469945,21.201408520746934,386.43919727800704,4.735952632514742,30.11830983786919,NO
1.3720312875742213,1.6729401964207489,13.048638821042374,1.3795107317733621,7.0,6.0,6.618629647278024,5,307.64864902212,21.122730184609335,377.3492480982846,9.748441083807595,24.56190507189776,NO
1.0980015925008546,21.170817977571385,4.517889517029575,2.9728811131540587,9.0,87.0,2.7170745130544884,5,264.3122339382127,13.213354103087699,391.2878842711804,6.323659685125714,50.25947705091131,NO
0.7950147897317018,40.94849160871973,6.802461983733654,1.7455211545948606,7.0,33.0,4.9254126479443645,4,254.10495135770577,18.84390690788734,397.34085379847,7.354625502886284,30.38513782486952,NO
3.9412406061352936,0.5044335422434076,18.852360811824106,0.9119032046783477,6.0,85.0,3.081096840817013,25,666.507458477566,20.89296898616278,22.369191644072306,17.190366792035594,20.213515437962783,NO
5.443930682812336,0.10399297120327937,21.507940170229748,1.9751783742787121,8.0,84.0,3.7640126882771625,6,403.4113625665536,16.12377086424217,88.33949526833072,15.898714401039507,15.794472485156565,YES
0.9473466044341285,1.1899003975342082,6.668482281315319,0.9074433585361059,9.0,74.0,3.938687592435361,9,307.34899297580756,18.178751915389,387.23589499082556,3.4918180645829517,42.858528865169724,NO
11.958592938407095,0.38754587684075764,19.60708695863761,2.326426662977829,7.0,100.0,2.773287279272728,25,667.7937051730438,20.220655090898223,397.76931844941805,21.447506512738638,14.415213886232756,NO
2.2666900784497,1.0313488769026138,5.328525817346225,3.15848483855562,8.0,38.0,5.119228377891426,6,224.8824045561969,20.783431415384094,397.3785601956371,8.796567790723223,21.458857618098676,NO
0.27859898900775476,55.85949532095049,2.2793126767993654,0.44781409484512125,8.0,34.0,7.424279537194164,2,300.68183586984816,15.962996630967488,394.773993734115,8.70607451033283,22.512321687341394,NO
0.3709306691535322,0.48839760796802856,9.954793963693833,2.5897256106436584,6.0,97.0,2.2849590665871555,8,384.87431822969023,22.298031129703023,395.4458249037587,16.918831392751173,21.174739607245815,NO
8.251113197084091,0.3911692556438215,18.413485185111966,1.207370094207299,6.0,85.0,3.1214534284280955,25,666.118604263969,21.47606297415576,4.900095812689008,24.690572628808308,13.481539770878518,NO
0.23004662453511848,25.992646697764055,7.415920207152687,1.1436052791504956,7.0,69.0,8.138478459188232,10,285.0862946438372,21.71177391262196,398.10929879328273,7.920525348648747,23.47142476986876,NO
1.1244773708197044,1.0512038123991263,9.917254738831653,0.9203113568517236,7.0,55.0,4.22319389978364,7,393.6243490980732,19.637065485456294,397.22025555677556,12.443177233911198,23.00535516517221,NO
11.849907720675466,0.23766542858382053,20.364921925163486,1.5972080881814208,7.0,101.0,1.6969165548321337,25,666.9742363298564,21.039509151500834,376.11830216369987,20.354739913657514,12.348612375693184,NO
9.850473854382516,1.2753844119082771,19.5888837661235,0.9298191175150288,7.0,99.0,2.4448240601327322,26,667.2268262147901,21.22161416711,386.6658415457366,19.56971708135597,17.354042606025548,NO
1.9547151324634937,30.761860412249113,5.38534063182745,0.539909332141936,7.0,66.0,6.944688736464263,7,300.118582148477,16.870436530385764,395.4788861559903,12.971374676682311,21.56460679563148,NO
0.7571792844146754,0.22245660484567148,5.031943003509966,0.6922550149069974,6.0,53.0,8.396289182415229,3,352.5360207592559,21.473754676242013,365.009871838556,13.420059950935956,17.442335522590632,NO
0.48842680352759593,21.19213567943224,6.04071668554265,1.949744781257786,7.0,23.0,6.832319432560868,6,244.28321117960388,17.683584484513407,397.2099551876194,9.304510157098557,24.202853287745498,NO
3.6771753382367725,1.5726133898820167,11.111591974745297,2.532689798769024,6.0,39.0,2.8245429992932247,5,304.65057031050475,18.835971043781328,352.67668909837533,13.1765999303304,16.69132485577768,NO
9.451062189425054,1.1937295517578281,19.428816616826925,2.1193258654990945,6.0,95.0,2.0525219033156272,25,667.4377574986596,20.565285561413887,399.0397209167382,23.758337941748835,13.852385399278345,NO
0.24411416183602022,30.712389110551005,5.041593018715384,0.4847106955681779,8.0,55.0,6.907113104279825,7,300.41737435790264,17.676713832247298,391.53919137005124,13.29069322081358,23.184439398884688,NO
0.9694052894448796,0.9576253638803164,13.445324300923232,1.367429607770305,6.0,46.0,4.796024312660512,5,400.20228999650874,20.25550602655124,383.428820810381,11.243672710843484,23.657522409233554,NO
6.411391210374523,0.5848346486935773,19.081179535738283,1.2123313832149591,6.0,53.0,3.869770047966121,24,666.4618872724262,20.75466537980091,388.5126973792475,11.498039048032137,22.523087773096695,NO
2.817733857280245,21.920623998562064,7.6038385967910385,1.185467923992524,7.0,59.0,6.148698314778807,4,224.31402829594794,19.46640527104785,395.99576516816717,9.485710050987132,24.420430058003113,NO
0.31232765344007724,0.06422734374371572,12.21398840547892,1.5074925789763673,8.0,90.0,2.618693469570716,3,273.8728752275423,22.29513308393932,393.5948660848376,6.677869689513203,23.41356782337598,NO
7.836108265265098,0.5989021869406081,18.52651274635319,1.948968255643961,7.0,84.0,3.0609081372750335,25,666.676950382587,20.70072544681963,397.11752006011363,15.10365805044669,21.19229564087528,NO
1.031092486593256,0.7421103976781266,10.229348949317398,0.6891628726879793,8.0,83.0,4.649174055361483,7,432.7548402419459,18.848660857804738,396.6367334828684,11.351416550908237,25.07247362529839,NO
0.8061235470585302,46.242731173817496,3.53561736277704,1.1410087892562355,7.0,29.0,6.071007539766418,6,398.0903191373857,15.285390224866983,384.45136252018943,4.856841955918843,30.558545018004832,NO
8.033783167034832,1.2673453943457362,18.214018181809333,4.208135174946968,6.0,96.0,3.595819558347322,24,666.0348262167488,20.730016639477174,320.3764655598408,17.475262867138895,15.089824151019409,NO
0.4401157020981935,22.422110784947897,6.157196542885209,0.5745865467895498,7.0,51.0,8.333289849179797,8,331.692520725343,19.548837452698933,375.07172740346454,9.888278384741437,24.833045533997478,NO
1.3084921816763055,0.026626194355851902,13.008893446013845,2.2201591124575786,7.0,47.0,4.1329282775919784,6,399.3406350107231,19.125423182570362,387.34098480147003,10.772924412543752,20.912979110096206,NO
11.329928900847825,0.06063609118233603,18.107197930307553,1.712116938507164,9.0,95.0,2.5083156699824265,24,667.5142002913212,20.374881469815744,7.442828106630886,18.900635647716907,17.408415608420533,NO
0.8672813048619797,0.31413676417982156,9.519868580225026,1.1008361486836387,6.0,86.0,5.882361749846939,5,307.1844900727788,21.597812146655947,304.42061640047797,17.885123076631405,13.924577310053126,NO
0.6016598978538916,0.7381512531816894,10.441255800340313,0.6774555138992772,8.0,67.0,2.6366646045704734,8,392.01868990340773,20.078269692208313,397.3491352529522,13.002286877118657,22.631903735210948,NO
1.1254572137067147,22.090449735791914,6.880181169795801,0.9247589731753023,-1.0,9.0,10.28026792643694,7,330.520378015288,19.738638669729806,398.1878085458168,4.298669934934586,43.826998512426115,NO
0.652091691440275,22.68866171315718,6.046954337148525,1.0438903898695484,7.0,9.0,9.269158012820808,8,330.5988305215561,19.692411115874524,377.65067739299366,3.84474322339222,25.42448639965875,NO
1.7702658980395096,0.47816820533541876,10.135257625088892,1.9106893142377572,6.0,91.0,4.858505765903307,4,308.6074186737575,21.67513618690706,378.1925258770997,15.461503771473373,18.188045531670163,NO
4.148978272478731,0.26339615257477156,20.726346358785516,1.088058607821826,6.0,101.0,2.5246995218923614,6,404.2141317399006,15.773127032054282,397.55257901751935,27.222221476676072,14.608385869468027,YES
0.47871580598572333,13.373892254026275,8.088447285192416,0.906603818675728,7.0,39.0,7.537634156162465,4,345.3308888594258,19.20753938481932,398.9199963756422,14.152969171510273,18.223461112139084,NO
2.177474454454936,1.1069971217420171,23.541894208566386,1.5254980657343635,6.0,97.0,3.1611875685618296,5,437.92030095443766,22.074745075652707,392.37414129001195,17.563778741095224,17.344677268716424,NO
1.7086261477164548,0.7658016641146721,8.825970120208641,0.5822553995415164,8.0,101.0,5.171969188290467,4,307.26211524890095,21.203802440556895,377.4498085389325,14.877858596358594,14.96728545497818,NO
3.0550593782305624,0.5860331036010294,20.959116137563008,1.1049881079528903,5.0,98.0,1.382983474756941,6,403.8444293262384,15.16190049228362,397.30512490246286,30.733614246409456,12.685572395315148,NO
0.24466508000964599,33.21742097673314,2.476845260281458,0.9310950219206546,10.0,73.0,3.754635997341929,8,222.99014740565624,18.76568193172653,397.3522285050408,7.961895922126971,33.45082962187133,NO
2.2304687661369664,0.9447525690098667,8.102060645865432,1.3660632941178896,6.0,29.0,5.89274500559561,5,288.3965454455897,20.548668481588326,398.40913191674605,6.688035911403448,23.102627779404163,NO
2.588129007054402,1.3968174877883524,8.462170839604843,0.8107252488435406,6.0,30.0,5.979122465878502,5,308.1851908893821,23.7686879165079,387.7244826907218,7.364119779162742,23.17538985303789,NO
0.5979069769390652,0.03735277767995414,9.384727248913089,0.8968726347953362,7.0,74.0,5.616599196758172,5,288.5930826171889,19.628384343475105,391.1555803922097,12.1386218655811,18.83344339016615,NO
0.47605934235099645,22.137068974737968,6.051770009025374,1.6682818919904592,6.0,47.0,7.222630266373274,5,243.6561486758781,18.069783108625426,396.28342653977785,13.676336785037268,20.005291573265154,UNKNOWN
0.6212642637762259,1.3532728952061543,13.99004287074351,1.7221941642188558,7.0,75.0,4.374713755279611,5,398.6205493427272,20.01117203401268,374.5795917132263,13.283828194039298,21.035851419117616,NO
0.7189781197883672,21.684682027702078,6.0888700955598445,0.6617962639188721,7.0,22.0,7.057810011579563,5,244.10923928743196,17.952124773860973,397.3162828327795,8.917679840442638,24.647286482094426,NO
3.472881474544989,25.421641775115535,5.317409210820593,0.5169942942823106,7.0,95.0,6.935636818928066,9,284.2947653653911,19.956699763869228,378.5329821675921,14.59690863018113,16.64893911617703,NO
1.476180886806301,0.5845431936147937,11.041915258612566,0.5522445192053016,7.0,8.0,5.692208686383675,5,306.66743509203604,19.207203056887696,384.05966914237376,8.171693652119997,24.25085591758519,NO
1.229391945600261,0.2441551854888852,6.98447319489262,0.9449847676450089,6.0,62.0,6.92443225355792,3,233.38904191070287,19.197857925440804,397.60491326284273,16.675023309305715,20.209207619217686,NO
0.13554573528154173,80.02285360011284,2.033944847775997,1.9710872293018529,9.0,38.0,7.641383223726552,3,330.1720261581656,13.15407830829591,355.2466834739673,9.075530283169325,32.127460243129455,NO
0.2269726440335325,41.188982490781505,6.78292968112134,1.8519965351478778,8.0,51.0,6.676236461443875,5,254.23189806513602,17.99172285883304,390.0808508572711,6.4077070609984546,33.84369566548405,YES
1.4063195458550577,13.326673311000347,8.679158562832772,1.4887892775219782,7.0,69.0,6.008571931906457,7,311.7002600905871,15.706708200491668,396.3329131564943,13.008020391246905,24.524130824817597,NO
2.2577996013622896,2.104319186827907,10.407318466218204,2.152089299396735,7.0,89.0,4.739578827686404,4,307.5973492069639,21.69704500442323,392.7995933116721,13.981192481336954,20.385592417686045,NO
4.70768994627192,1.4554003664562718,20.66047603472616,2.0151982599131175,7.0,68.0,2.8891797188800026,25,666.1645399879505,20.633041528005343,376.4173559631356,12.904695927309783,30.68166834366043,NO
0.44927877455837467,40.61451209977033,1.2576816864464542,1.5332670371596306,7.0,44.0,9.525262777748472,2,336.2975831793729,19.93683267075172,397.51287387087956,6.6960238513977055,23.470123998424075,NO
3.4009949573278226,0.5272185020303036,22.519247947370804,1.877979679133837,6.0,100.0,2.336171057981176,6,438.0551507837414,24.93672959447038,397.53215843663025,34.52335622562591,14.683765709786082,NO
5.882886073853044,0.5187800709215216,18.383537252334598,1.5575686623155267,9.0,98.0,3.1687327022595366,25,666.682666983834,20.658900935645473,376.810643123678,3.8251745141130766,51.022306783037145,YES
0.6778336570184644,81.06091249273858,2.6470283051248655,0.922394729074675,7.0,30.0,8.75438713280366,4,280.8347979294425,18.242285757596854,391.2501102214916,6.49847408149771,25.634421321921607,NO
0.7362719479793708,20.022899377816014,7.990060167501204,0.8526046780486256,7.0,16.0,6.307974191585361,4,224.70982249129563,19.66032964077345,397.97443453024306,6.6632280989391095,25.413919184241614,NO
6.363856216890753,0.5675758772970518,19.457361580215093,0.7143391039656396,6.0,101.0,1.8615001637742712,24,666.9181079598984,21.304064250638756,376.63399330310597,4.382880703339715,50.502120624557065,NO
0.5004359623862823,0.500305156614213,27.331273143703033,1.5510159526890241,7.0,96.0,2.1361245258299375,2,189.67867040465876,19.35641573630096,380.628245880878,19.560586855142635,19.452234927339017,NO
6.971259623807099,2.17259014350579,18.30463978312423,0.6872735096740423,-1.0,99.0,1.9045842713786996,25,666.1114354331214,21.67175974419488,392.48574869170864,3.3212111844929355,51.69160242015593,YES
2.0788558404722237,0.6957399990892528,11.105595721669324,2.854848665383406,7.0,60.0,4.454737925388739,5,304.7660656568157,19.20402906121169,397.2492450685454,13.095704881936657,21.617235686802786,NO
1.1793318747998753,0.9830163214545647,9.590645036568002,0.61731807393372,9.0,73.0,3.3084938854196855,5,384.81152908186357,22.020966949461762,395.86002458985337,7.688761596922831,27.15362901614854,NO
1.6661100003843021,34.650156861161996,7.1791166235808515,0.454883060850265,7.0,19.0,6.012742212464681,8,329.26510374469166,16.946097893086854,384.67222724649326,10.7245988065774,26.726713018061396,NO
6.201276617007116,0.217562799790985,18.740139321648133,1.9266705852771513,7.0,93.0,3.231377689084189,24,666.7244996457833,20.45279165889895,387.5783478744759,17.710390817460983,17.19416545827917,NO
0.46930850629132687,0.13706548933012813,3.581782845112364,1.1901586097722456,8.0,63.0,5.538877041336429,2,276.6795909428911,18.12562739222418,397.78569440950355,6.283598658284535,34.99288444114951,NO
5.955545029619478,1.2996476717381495,18.412845285830922,0.8297563578913907,7.0,99.0,2.7297286818682593,24,666.7392396458797,20.81293200864302,355.82399742726983,18.23630687607294,15.30297323969446,NO
0.9857945981822388,46.35974947814432,4.553807766454114,1.2451033195418053,7.0,39.0,4.900663227538422,7,398.55816025465003,15.793368694535292,397.2433311620314,7.6111542763245055,36.02857545376737,NO
3.341372610363828,1.8462871553777884,19.715246538844013,1.5769415881060422,7.0,98.0,2.8802777952067045,6,403.03433007692655,15.348143755820924,374.5718171535223,14.636164637835122,23.388811414544243,NO
3.6613592447148218,0.31263184759422097,20.815974296003557,1.4018061961504844,7.0,43.0,4.950537402282389,24,666.0397399637266,20.571976736142922,372.2360309842217,13.517516274361551,21.87721669525248,NO
1.6075509222752202,46.49207264869885,3.8932176432299217,2.1042564247991984,7.0,30.0,5.08822229625962,6,398.07888307109243,15.215277973474848,383.28264532458985,5.816650974010244,30.91046838487168,NO
6.8840160890900215,0.16674921648984037,19.61154757784493,2.402603950473363,6.0,83.0,3.1921509041668497,25,667.086499870761,20.76386367709958,378.4987008138556,18.809503767384893,23.26039685768017,NO
0.30724585377112323,0.8301277132602956,10.868445114628908,0.7671931271599608,7.0,10.0,4.8897526271252545,5,277.61896414786065,19.32726968745978,350.57693378719364,31.020100308725674,24.197593338811785,NO
0.9038315323916511,0.9331749753340777,8.906878560426486,1.124164845700765,7.0,98.0,2.783484920354083,6,385.3751600676261,21.385094383084173,394.87435938038885,17.024331875579602,19.722307439680172,NO
10.409163212349837,0.37834590334104845,18.353378132271324,0.9975622025112345,6.0,99.0,2.4651465759126836,25,667.6835945841063,20.373745010017274,398.1709499145383,20.45320172573347,14.211926917248343,NO
2.12887115623795,0.0968436803248066,20.01542097299064,1.594127071681001,8.0,91.0,1.9988624371322985,5,403.9192330585475,16.14548436829281,376.1055131955102,2.01016521641872,50.41346142339576,NO
1.1691318736005851,30.03061428246904,5.096791489014195,3.3371949067390303,7.0,65.0,7.331981941978814,6,300.199418253757,18.330449762001564,395.2106155772012,12.807091142038955,20.760459231512886,NO
6.298850994440633,0.37982339626282735,19.17656919790932,1.260489541628722,8.0,99.0,5.064928038018081,24,666.540036332314,22.136396975191687,355.7795241386236,17.836443565605027,16.154907248633197,NO
1.2489728898617454,0.6641308804357469,22.05477090244932,2.328072285741075,7.0,94.0,2.188586432488278,4,437.1446325485382,23.25707403522749,388.53654213231766,24.715594480408605,14.608093461592214,NO
1.9729998728836793,0.3534685497900963,15.746171986808335,1.0678103551970823,8.0,52.0,6.670387081878434,5,289.16678270687413,16.54751589741928,394.2611390497881,7.928385180277069,27.314827369709192,NO
0.9910095197583824,0.0635548298133819,10.309177190751006,1.5529715675590845,7.0,68.0,4.459056989128047,5,304.784370094466,19.694977319766565,397.2776177356692,11.650511560565517,23.95110574020085,NO
5.935091845678839,0.6485439576807773,19.046731883085528,1.1191668551036367,7.0,91.0,4.028971788363526,24,667.2578116055845,21.070918772570177,396.9810435420837,13.205547536778466,20.156590320214917,NO
1.990445383458256,20.06856115536224,4.5937423485129445,1.8464506695726688,8.0,95.0,3.0024363871152646,5,264.7323589314888,15.015080578511085,393.75354014012174,11.526865236259727,31.68012579422356,NO
0.5560667249241242,0.6340987188196539,3.551258634868833,0.5143927455487345,8.0,87.0,4.487601828120217,3,270.78854107416583,19.092562074796824,397.766763143635,6.806282317655828,26.12319278212922,NO
1.1503818687211202,0.7026226908193306,9.700968530001985,0.6884378017558586,6.0,73.0,3.4497719508193887,7,391.14866877418615,19.991654777357077,398.682636441398,23.0910601566053,20.80928990484413,NO
0.2674574415797411,23.171283112811626,6.762958189237593,0.8923960189954423,8.0,18.0,8.394991159412886,9,330.82681704491705,21.57982656868557,394.9273268043587,7.077856345379733,26.207547210518833,NO
1.3103454872502205,0.4204688849972989,10.92227439644928,1.9167371203989916,6.0,53.0,5.308290436662311,4,278.77669659243577,18.81317243499511,395.2917735845051,11.163320545958523,25.229927210031217,NO
2.1049885052179644,26.145740024338398,5.844961366891365,2.1560692852752386,6.0,30.0,9.00922325428882,8,284.90374359741935,20.147284275264433,391.3755281657408,8.609458160082536,23.33039100886999,NO
1.5530802091758582,82.4208084439044,6.396590517335994,1.3243044471711165,7.0,28.0,5.878869227183183,4,245.86016485718588,19.781089296346437,397.0385213396639,4.613714094848865,37.8477433217642,NO
1.4173709891738557,20.496671607848324,5.608041321568836,2.183560864019375,7.0,85.0,3.338343064221011,5,266.51054665833357,14.342077922811551,384.49725710118435,14.991257918965609,30.872228334557615,NO
2.033906784025387,0.8868241388723294,11.23502772043244,0.8547018425003212,9.0,82.0,4.156920401495116,6,432.8162518085344,19.768205699050338,397.2792721770558,11.38835844810979,23.585782623955424,NO
1.0420417985151489,0.5253451406580026,10.44382763195047,0.7533228878287394,7.0,66.0,2.4109162000706714,6,392.2244442720477,20.011351423071527,397.0813831965959,13.506047943172257,22.35057519646168,NO
2.233039846299767,1.4089942361239787,22.603562809769187,1.2269313731024776,7.0,101.0,3.4320654327898596,6,403.9611257781164,16.836781246460895,354.37164805114986,7.214030695247097,24.745526548151197,NO
3.163533247114941,1.2074351257795648,19.871906929419747,2.4516311669819295,7.0,95.0,2.66766683788254,7,403.43978634735845,15.128640018014616,88.96308789578316,16.187417816253575,13.894729741663244,NO
0.9222979550221435,2.731475208952154,9.498200483481483,0.8901983005544747,8.0,86.0,3.272150225108659,5,384.76189671155316,21.386552500129316,388.8571450577151,14.507512168064657,20.779439844566436,NO
2.129822665702893,0.143338078790252,6.727311096621662,1.932218434102293,8.0,88.0,4.854129909293791,9,308.17230050071123,17.953533177846737,388.76867092373385,3.6115110462856332,37.763791199002966,NO
1.3904795779996937,1.141163106497251,6.392025263292407,2.733479511392842,7.0,92.0,3.1864513295730914,8,307.63456535127426,18.027160295050713,395.64703412419476,23.234672922332813,22.393066061959853,YES
0.3743322179865147,0.23773158490066118,4.737486550447188,2.103375557502673,8.0,64.0,4.571057077199884,3,270.85436513660613,18.084955499498317,397.01739327455346,5.790893913681256,29.21460840533788,NO
1.8335697501114696,1.0599440172032235,19.782505521665517,1.7549641503966895,7.0,97.0,4.19808692369887,6,403.9506131508541,16.19039895322096,292.45269948594085,14.84648439700014,18.708247915431837,NO
1.5285998122285203,1.7663105290034409,26.390197148915632,1.0222937123510243,6.0,70.0,3.8127116752741452,3,188.3824453482331,19.428663161358674,389.2931561113812,14.951957013949155,22.227621744925607,NO
2.990837380319931,0.020890977611764523,20.73366454984683,1.6212985238090856,7.0,96.0,2.8854034756069837,5,403.9299079696743,16.17865298511362,293.168886456832,15.501956594487234,18.52548539158706,NO
1.342801780125249,0.14162460460329404,3.9686577487666606,0.7011540088223416,6.0,74.0,3.9893974860036177,2,270.56903622714236,17.818072930527606,393.93670965754296,8.212604342180178,22.342828682000754,NO
0.6397123631435166,0.5521765190043987,7.322057069937851,1.3607390433265605,7.0,34.0,5.516324891118744,3,233.4033382289502,19.2052701345521,398.00167402071713,10.258165010653196,20.66336162266119,NO
0.5763440237402158,1.5128383320560954,8.10053097358458,0.6519852541428479,5.0,96.0,6.832215244743931,4,233.72558007186697,17.972834590950086,397.0476469425217,31.069524021032517,15.124712817153558,NO
3.4833537011542903,0.04361507234874604,19.887518868731508,1.458030788880738,10.0,94.0,2.906655212843863,6,404.2431225765942,15.171945863956356,390.6526473028146,4.333080208260598,50.86632209501414,YES
7.815877211443643,0.7762823528087509,18.65269477748117,0.7735086803756516,7.0,84.0,3.1392170949239246,25,667.0328277318159,21.451124546955732,272.67148997998714,16.864662457854394,15.332116868010154,NO
1.7802925346521052,0.4409323791493305,9.18118493725136,2.1651336071172347,6.0,99.0,4.191157038277647,4,308.4194577027666,21.836736629266717,376.628097444727,21.133458014052707,14.620526484306012,NO
4.8135133361444025,0.25390422662367085,18.593201202201598,1.2945806716293418,8.0,68.0,5.350871862895416,25,668.5712803586928,20.529203380129292,376.19811234849186,13.138706683312252,31.067698050946134,NO
0.4116846584909904,0.3632752862651583,8.576997964948868,0.6934489899045875,7.0,86.0,2.401697648580641,6,384.65659224441947,21.05560128133122,387.9137476350198,15.578587317051154,20.52071203623417,NO
1.8673663088304637,0.06552396807274774,3.467429124261674,0.7862353198215413,7.0,92.0,3.0859973482495873,3,193.07738013005218,18.918925127215484,391.4467667150689,15.456079909841739,26.956540643670763,NO
2.4244751824314266,95.4978214867437,3.643756334918688,0.8903171782769452,9.0,32.0,5.934473221454811,4,224.3247585713797,15.873167585211785,391.11380547430537,2.9748189386439137,50.84834548823881,NO
1.0234800657085736,20.930472932067904,5.085349223349561,2.068211241014816,8.0,91.0,2.4730262551664928,7,264.03149763701987,13.33437752804095,389.70816918947247,8.163508934810704,44.10795950489109,NO
0.4434059869420093,0.12491147504056337,8.559471574317236,0.85759679902635,8.0,53.0,5.604935005904377,7,287.59569079135383,19.99525894278992,398.0777538394167,8.448704968292859,24.1445661909129,NO
0.4539283352623342,91.514186074071,2.071848816005639,0.493711246955982,7.0,37.0,12.41732363394743,6,187.394307655781,17.609324743920283,387.6605201567953,4.62052671668021,30.500246054614315,NO
10.02340839798546,0.6740131429107924,18.830118553701197,1.989122150254764,6.0,95.0,2.3859457834366236,25,666.042159217478,20.461256525479598,397.40125449112446,23.03641959336093,13.533759033900399,NO
0.12274853804175752,0.42134087199429504,2.8439803849927876,0.658935977003465,9.0,84.0,4.285153890741644,4,193.45962178386534,20.23269003732631,399.38774226862114,7.59727289852856,40.81363386823891,NO
2.8250148526344545,0.6280545291478665,18.278343891662836,1.28617439282328,7.0,42.0,4.842427999353379,25,666.9130586171178,20.940107460543825,371.59649772217335,14.079925656604692,21.00478827511648,NO
4.571929296662973,0.7221148210946569,20.008822994902122,1.9094439222859516,6.0,101.0,1.6434086568773274,6,403.3843834334003,15.496984775386721,397.675424804251,27.102812699419523,16.297983174697222,NO
0.39939100001503935,0.031284720002164035,27.561728872431246,1.854815828591713,8.0,89.0,2.7714083078004177,3,188.14074367361903,19.48513595673753,385.7594086253078,15.038126103477909,22.13685259137851,NO
1.3740057474631564,0.23285229685509526,11.339293015105241,1.065339536987361,8.0,93.0,4.509786000264682,5,277.05914659891846,21.306042576826737,393.9322309659203,18.090020079550808,24.238495136820603,YES
1.3233093999591912,0.6714173529640801,9.031466328263974,0.6772105471586356,7.0,30.0,4.932417238109273,5,307.8328518426428,21.065459849471555,387.1541367747617,7.091200388047462,23.274477984883188,NO
9.67634064366524,1.1632959444716153,18.272941023621442,0.8778595749956882,6.0,72.0,2.2169704141033972,24,666.5250865677638,21.958750776125527,4.227991441662935,17.79414325677736,12.400418256098675,NO
3.095314533340856,0.7041066694037955,20.02037825516879,1.1885810118903144,7.0,97.0,1.9686119953577093,6,403.62432439247266,16.232268206074668,352.49170449904716,22.275676243896402,15.724101562755784,NO
0.3910332961880419,0.5641731382280865,11.948746628709532,1.5274063053549143,7.0,81.0,4.675378637047082,1,273.2363674327996,22.20780610481967,396.9463182042307,8.631747840876638,11.949508837908242,NO
1.132837930506987,80.03274507832445,4.282564413348712,0.6690279424321859,7.0,32.0,7.427170531424981,4,337.50944878924224,17.00672450676673,396.955855446538,10.374409902634476,22.342066380838872,NO
0.9777673826408568,28.064125899776734,15.524602476547901,0.9282180512481711,7.0,54.0,4.973332067847885,6,271.4341312052539,19.519370502154626,396.16283608548014,8.302210099985762,23.40729010411581,NO
3.5502813331608856,1.2754376311576352,20.956348986700235,2.7314254077573663,7.0,92.0,2.602270995037668,5,403.7321146040566,15.207226335131459,395.64121113497544,12.75797237510058,23.638041284458673,NO
6.37841028990032,1.3741654145756494,18.616563729922508,0.7591920584526806,8.0,96.0,2.2684061210156985,24,667.4684230138854,20.48881086969595,397.44229225596104,20.612861008415454,13.43133234122221,NO
2.3343242760622562,22.584512701965377,6.19478854634693,0.6565341518361515,6.0,71.0,8.996261682589044,7,331.2825855241686,19.65611919046781,390.32403011480534,19.453482116904915,19.790679470860997,NO
0.8223430199068458,0.413436504788628,22.882934476288334,1.3801724984484611,8.0,-2.0,3.1987055493239533,4,437.60637243750307,22.32088696434507,385.96956160080333,11.697641970268627,23.87495401401344,NO
0.9727680623747439,52.93608506474981,5.80186623472084,0.9802529981059179,8.0,23.0,8.424372281912296,7,293.2474814440037,17.055998050522078,371.812103260197,10.368880415988913,25.717556387426214,NO
3.9360102118783202,0.6099480923889375,20.29675832560439,3.2987428028547754,9.0,83.0,4.020303896744632,25,666.5114688989015,20.666332765234415,355.4146049542597,7.569876555313412,23.059269082860997,YES
1.6787446280858922,1.427208239476692,2.7453467599766004,1.7769865316013886,7.0,93.0,2.7261255781196954,4,194.7459375657054,19.051461392443084,395.38652602349623,4.933316545664457,38.08649281694704,NO
5.120418780797594,0.8270545081733733,18.233755660397488,0.8333292303166924,7.0,91.0,2.5996457391383485,25,666.1401448852891,20.235229759749316,255.37013442924487,16.86760067556757,17.510434281332167,NO
4.799239551564642,0.21975111445779827,19.957166722038718,1.2224451727073191,6.0,53.0,4.473363958567704,24,666.2725666007076,21.14280319018779,390.8710673270721,10.877903804354636,22.752241340159102,NO
0.6406573101978813,20.42265705684241,5.354232844033204,2.789201675430286,8.0,93.0,2.468216458559286,5,264.91787118286413,13.249032530735585,389.4782928717741,9.192920880818034,37.56501035040694,NO
1.0910769715273259,0.19414939129592498,4.168659543809584,2.5213982111002187,7.0,72.0,3.735943078565548,2,276.8614883077236,18.658388193388408,392.6101646379017,12.27313100349407,22.095687776778604,NO
0.1601402091988349,20.02755462653853,4.597015479892439,0.9683275032719576,9.0,50.0,5.976964035875017,5,217.63051345673293,15.92267934553733,377.9292919962444,3.1321978950310267,47.0494877739843,YES
0.6310424294990493,1.1211412800572502,3.256132629478355,2.6542439280388543,7.0,33.0,6.213740064999291,6,431.52897365113887,17.305922790161276,369.3108786892293,9.931440154922115,19.967805167447974,NO
0.5768846399478859,20.763106081830095,7.6211007179132055,0.9353395409371669,7.0,60.0,5.366164462741114,4,224.2297351705745,19.518491845325585,395.76978088598065,7.852403071201791,24.974284729411675,NO
2.1780534025962535,1.7516369652210728,10.98072996096111,1.2785959839146868,7.0,93.0,5.169977131144688,5,307.05231578555464,21.32362800522626,397.35522268846097,19.63198755726595,17.906054662668776,NO
1.5316243070807838,12.551579059878772,8.2182345330545,0.9571084484262158,7.0,22.0,7.102240884566091,5,346.580851541104,19.754187222811346,396.55856037142394,8.904497047694093,23.911400681310973,NO
0.16718945245778521,81.27624570955155,5.720053002849785,1.2894697905174322,9.0,24.0,5.262465664887527,5,245.2388207659857,19.360988731548847,397.1888251166278,5.559681830933372,28.563049207261404,NO
0.89871250329219,0.2769779138722613,12.107742202030526,0.7993688823139224,6.0,33.0,4.521773800268304,4,278.74140124938225,19.818049613078077,385.8721415423067,9.687597715239598,29.258130828052067,NO
3.0208297983797694,0.43258815248948124,8.57582085268045,0.6303655477856513,8.0,30.0,4.734933139493182,6,308.60291308696463,22.08753984134261,389.0266184576477,6.582298930262754,24.039419171821343,NO
1.2954965304643957,1.0878265070568496,22.687754655807467,1.3094874918530164,6.0,95.0,2.7090755423885247,5,438.23525343830465,21.656683059896988,398.79176048178874,19.90753423649687,14.890147456435695,NO
0.10412797990483717,30.633624536867977,5.041562487054814,0.7888309975888224,7.0,54.0,7.086926822771663,6,300.89043200933486,17.615841978188197,373.6633010166167,12.466172092465188,24.618132129099493,NO
0.5982162368662292,0.24722944334985753,7.166458822189078,1.1730624326291326,9.0,79.0,3.2191513562459093,9,307.3015207188038,18.047230252002574,385.44020636663424,4.366716672478864,46.37588492130934,NO
1.2513783945643808,85.19269602177998,4.570758381598968,1.0411493075102933,7.0,28.0,8.740985711257245,4,352.28613115234964,18.509525795491417,392.8841876645587,7.961005705026524,23.717344790941922,NO
0.737130881242517,0.34626066045490095,14.04463088266065,0.8396584019771216,6.0,59.0,6.993285715874991,5,289.13047643391155,16.635809065938336,398.0562357011627,16.878068420977634,21.502725701561097,UNKNOWN
0.305416639483647,1.2432723275101374,4.798978584786235,3.121913990381647,7.0,60.0,6.432007554099265,2,276.83289168538823,18.08278399753869,359.24196002640025,6.780290420010653,28.73264300239277,NO
0.9856119886382716,0.4006913741873775,3.8517305854085633,0.6910632328119006,9.0,18.0,6.105257669493706,4,430.32607948370014,17.606174885343837,375.6670559882255,7.518090331223281,22.683759165207185,NO
8.010218794946843,0.697987456580323,18.810253575689586,1.8604331140710095,6.0,67.0,3.468076808156697,25,667.6396135258756,21.055416114586592,396.90935321386746,13.280214332881997,21.732562898450976,NO
1.2427729613886265,0.26557045059532836,10.800517591288155,0.8043311837145906,6.0,10.0,3.8280815291070063,5,277.6925327605801,18.905476830954186,349.0213796603709,30.167289733674117,24.557094558187973,NO
0.8969646815508432,20.172046426562957,5.446319067235969,0.9440653184469294,8.0,101.0,2.951965028913153,6,265.1085755531617,14.02092065816011,393.0041351985626,7.5347896160770915,30.401512076853656,NO
5.214129336444976,2.0324703382612976,18.88109689160018,1.9035417639803367,6.0,88.0,3.025406534237428,26,666.0724380144763,20.81287365661293,376.18745040607297,9.35576511136488,25.406881586703715,NO
1.9519133632375651,21.162920088890917,6.881200790778562,0.9501513610922749,8.0,21.0,8.251557387484524,5,244.23473101927732,18.156407726392512,397.5575868320311,5.383850789454065,25.471010440955318,NO
8.291924451636337,0.45499863019807063,18.324233214463924,2.5482697790539284,6.0,102.0,2.3759110688326994,26,666.6991266571497,20.201129030543846,397.35277132080984,21.572608274457288,12.104539342595036,NO
2.027896964815601,0.017533041856802038,22.90492088671023,1.9564815676157399,6.0,99.0,3.4697567463601136,5,437.1883820463505,21.49056989102901,263.1831895337855,17.621076443607453,16.45654900262964,NO
0.17252530240906866,47.22359529791403,3.796039400900038,1.2343877598471245,8.0,22.0,7.040941214131859,6,398.0562252840574,17.136271266393265,377.996167731122,5.947412877579834,37.186605342891085,NO
2.282116171459764,0.6141310755173,10.447667835485243,1.4002281308082818,7.0,88.0,4.81554272231402,5,307.635873116344,22.141132123107823,380.3572734643461,12.406240865292267,22.908936848799335,NO
2.4677141646228224,0.35240101762204035,22.24415070507911,0.8648534305157198,7.0,100.0,2.567323006663827,5,403.5486923415786,14.762622255870038,355.1468652155886,6.922193866385821,24.68869135236137,NO
0.7993010595144897,1.714484685299069,10.160655936364407,0.7989400674917525,6.0,74.0,2.823461228296363,8,432.9717634694998,20.310213450714627,339.0683528757871,15.71210897094065,20.988904360599207,NO
2.1342786166053176,1.3512044345647154,21.546841898527035,0.811681829827845,8.0,98.0,2.6427211969259883,6,403.1293554143599,14.718672899492384,363.43894351288696,5.6891034590628,41.91394703028417,NO
9.351240690425776,0.25690089742397293,19.628317726629536,2.3050376871026117,7.0,99.0,1.8019794248799559,24,666.9191921245427,20.721089355258805,393.2590529445106,17.981118991369897,14.121537616687368,NO
0.755237132529014,0.7465646634064614,10.858128201285753,0.5711603817348698,8.0,74.0,3.3646531252105643,7,432.5097356480938,19.118614039271797,339.2351631056071,16.234787645680566,21.075847995058144,NO
0.7150530812008074,2.207016430312304,7.188804649168076,1.7845425511486799,7.0,7.0,5.765035336134949,3,233.46862482409864,18.119382783669565,384.41765545207613,6.172269031566062,25.310905072672625,NO
0.6277660267764433,0.044681178382446236,8.985068465986444,0.7459270329083316,7.0,55.0,4.651734408491494,6,385.37591650910866,21.963676621739367,394.2110793140323,14.111826100690008,22.447299364990727,NO
0.34921641588372365,2.237914720892232,2.49687970037502,1.9994014199378172,8.0,59.0,4.392674936198512,5,194.34351907158867,18.94169050195195,397.1422037400638,5.179304948066547,37.28337695878615,NO
0.2679892521944623,0.3735933834109284,6.332630939519732,1.7490525050883803,7.0,47.0,6.937046703089939,5,225.1390324734837,20.88452650643708,397.2220347381919,10.237482921541282,20.08279693375094,NO
1.6954320628506148,0.9320011766807086,8.731969047063336,0.9095143695806516,6.0,93.0,2.9744216444890967,5,384.34852886122076,21.67416132277682,391.2982139715915,16.212192163755496,20.452066207019467,NO
0.20342473038058823,75.7031894997817,4.107081032851866,0.952661384681172,6.0,48.0,7.458052221020998,3,470.54430794784446,21.838490183011597,398.0222072998414,15.944654055027979,19.324979451097654,NO
0.8344861524771452,0.5249337236630962,22.095443372846194,2.0586333812024833,6.0,98.0,3.237313249378589,5,437.0074543904962,21.63113641713082,395.3029853089636,19.229948993167742,18.43253040142322,NO
0.6147727671442779,96.19965053186937,3.105493933765372,1.45243935532833,10.0,32.0,6.199628576419927,6,225.16887058834286,15.237703404173587,392.89827657752295,3.4874795363323807,50.34411528278322,NO
0.39062352146947815,0.8997839133920129,4.522269174334208,0.7695439455379595,7.0,70.0,5.223111417907582,6,296.1299847631954,16.880674015620023,393.68870195817044,10.743451264826412,23.447254379780038,UNKNOWN
0.42875630469208764,13.093199571365684,8.010651347972127,0.5726722917159189,7.0,67.0,6.615932317297307,6,313.2803360458283,15.691631966273663,396.1532022906099,13.952978555640293,23.987405092506876,NO
0.5147590879305952,0.09770520801955306,2.9253385463785504,1.2164719585039114,8.0,64.0,3.5808310206043754,3,276.0069065947891,19.04879741289894,397.3337751837017,6.813880562973569,34.27250204002021,NO
1.0989104068226117,0.05803642216483554,12.550535149269361,0.8226340430394152,7.0,7.0,6.041960049155875,4,305.6182159282955,20.052634127794388,378.863982735217,8.357270215301154,24.04040668197983,NO
8.860105962321315,0.0688640370819326,18.253122969111015,0.7208291626522784,6.0,101.0,3.5543693011172763,25,667.2187804470831,21.237941219195672,398.2408802936389,22.3241560035612,12.285795698501047,NO
0.45020446380455403,95.28977149090146,1.7621456648685445,0.7420994626206991,7.0,15.0,7.909977470632886,4,402.1843676610616,17.81222095667286,384.74785386132874,4.668538387959007,33.51704107508913,NO
1.8937670168037841,0.7594051947813948,15.996431294992746,1.551535081303411,7.0,53.0,6.423489087814166,5,289.7581000432751,17.084430521006848,392.8648212589342,7.810248430720362,27.89868373798706,NO
0.9643490239563394,0.4834912967011204,2.6331705238662586,2.424562878884686,7.0,61.0,7.960646656491513,2,422.1747663976376,17.207743759539415,390.8276277824311,9.453041786369702,18.809091363601873,NO
0.8164120968586523,0.17380939291599773,6.807292002573371,1.0677720507925375,9.0,72.0,5.066082593956876,9,307.2143000896257,18.767607493717065,390.6409093497857,5.702822080079973,33.19664304632734,NO
0.6632331649321347,0.27967071164204355,6.275386284971079,2.1295422863619677,9.0,74.0,5.491301632859845,8,308.19334656831353,19.604899561088736,386.1728669266372,2.755321187143865,42.276626090750156,NO
1.0872917832383164,12.952896577490986,10.082667138378348,0.6074830358447628,8.0,97.0,6.854928216285853,6,312.88255086159853,15.676701784593499,399.0829545235984,20.115894333162416,28.442580988232805,NO
9.168013118920225,0.3411071118428102,18.351941719328206,1.2350124370548017,8.0,85.0,4.96043824971691,26,666.8622577252709,20.344616789734957,272.2710656788276,17.416643737850176,15.38182213975505,NO
4.3706734023888405,0.22431646404208966,18.302012455519833,1.8565586255674065,7.0,92.0,4.221104456469054,24,666.0963553930718,20.481083676300575,395.7783018946282,14.029328765366406,20.36777980676515,NO
0.3335090961110966,52.54799395858746,6.104292480980837,0.4150469333695127,6.0,46.0,7.412810408564846,7,294.9372415831108,16.981099214655423,397.8505122748771,7.806796594594935,22.83309876862855,NO
1.371976886892057,0.39616916102029665,4.5464737378718745,1.6574358066963621,6.0,89.0,3.5424383580910073,6,296.3680018637872,17.663028946271268,397.3595562310171,15.438929429527597,23.512524128000585,NO
0.14174419293025256,0.18166229171204712,6.881565814276499,1.6812937413821505,6.0,62.0,6.468602981990575,5,279.6660498599673,19.87354250416517,378.70043401536157,12.353709218468586,20.862844588638215,NO
1.542685828863102,34.96750541622148,6.1247862379105324,1.623623716294218,7.0,41.0,6.304314240289482,8,329.32693049803777,16.220447778586333,395.86047967086233,10.648176999823592,22.524004285034845,UNKNOWN
1.2106515731375436,20.683036069819003,4.14802915443769,2.223040040052086,8.0,93.0,2.240067124213741,5,265.09541124003675,13.716686763653511,388.9972401755048,9.604512138260413,36.83140766990499,NO
4.63559044495657,0.4607087013325332,19.169043945351824,1.2415204232373112,9.0,84.0,2.3494176529911415,25,666.2300636438501,21.174871456426697,355.27834865666284,7.3925543008198815,23.924770277183338,YES
1.2323154253006277,20.826948371975355,7.543960245136403,0.8047596430288217,7.0,60.0,5.207444766199067,4,223.74239683827736,20.80184576601101,395.4617170961134,8.381662352220326,26.136185365911295,NO
0.9839526434991932,0.49917745434044575,22.734202472958966,0.8747731143417445,6.0,99.0,2.787986554676269,5,437.21667159005716,22.263024452759883,397.870671166619,18.654916567925152,18.77069217293284,NO
0.4166862159335915,1.0725293005231291,4.536005260452599,2.058132267058266,7.0,59.0,5.3034713354432075,4,247.14505039881695,18.598279295194942,396.91093662151985,9.178978759786514,22.44393036327817,NO
5.038919933559933,0.29220715412856724,19.48479248779708,1.5109943719512606,6.0,90.0,2.6870990352884334,26,666.9504350604338,20.412138652118976,353.9330697215775,14.940446472713282,17.34132254758967,YES
2.010755476358326,0.40606176652906306,29.554649799469534,1.9671420814452538,7.0,85.0,3.148713168515509,4,711.7466269591173,20.272526798149556,397.2460132273318,13.436215007417958,21.747280492693243,NO
0.06744895646656904,1.2498228534053084,12.499988310529236,0.7257921460577301,8.0,77.0,3.7862781195777124,2,273.29937272379664,21.020976742869195,398.20000964392364,9.105974640384561,21.81954892346097,NO
1.1451082789854627,45.02126058567865,4.833454669064672,0.7197363901359344,7.0,24.0,8.5687529933458,7,399.6523937307799,17.416861452230833,378.37000850346357,6.65980704547229,37.76645300575211,NO
5.424059343119417,0.4474488845989083,20.770489317915047,1.4457613422090796,6.0,96.0,1.8840241717941086,5,403.39017599724895,14.820100810651358,391.9592200898241,30.66750372895045,15.218331039811963,NO
0.45563883477359735,22.148968501964433,6.603959298941495,1.6067489646998112,-1.0,9.0,9.861712195918367,9,330.23109417706786,19.621499741696617,397.4751199281481,3.9253277493763745,43.249463477680635,NO
5.824127022471003,0.8800893502906392,18.226380443215056,0.7085637285805153,8.0,77.0,5.1698949630250866,24,666.5112194094918,20.269352181562926,395.54114780272516,8.279780480021955,25.70112875895895,NO
2.1071615137239124,0.7758711367071025,8.925971735957038,0.8380766193404827,6.0,37.0,5.3056734953073175,4,308.6236212335449,22.381243009095755,290.0511262291076,11.778735617054727,21.07086674860068,NO
0.12470245099287258,0.9815619198207499,5.545769877429928,1.369629620423174,8.0,75.0,3.7206038853904273,6,296.3062563619995,17.13264200295619,393.2321299685492,8.224255252709476,30.3184384870472,NO
2.51548540921705,25.00618559559366,5.965124059282555,0.8150464048914592,7.0,30.0,8.8199407559968,8,284.3079016054402,20.233232320302637,391.72401422107765,8.418858620267715,23.711513331839974,NO
0.9359906160040454,22.70057137792029,6.451142105935102,2.3910428595709186,7.0,9.0,7.504688470772903,7,331.17181560951843,20.80168839680327,378.879427354055,5.019961638081311,25.013009538746466,NO
2.5994208960690317,1.5533527391243236,22.37685047414156,1.1108183063262622,9.0,97.0,3.448676650949604,5,404.9397196912401,16.059953358303915,388.8490473081598,3.5649813734165425,51.00568095241474,YES
0.9853525462924106,0.8262173813131973,10.580059545183333,2.9392519464049727,6.0,92.0,3.7176415732182724,5,384.8084146910061,22.297217945832024,391.98328512743365,16.527584226225873,19.9259279754825,NO
10.629957123535455,1.5136500374996251,18.13579176199872,3.520558156784159,8.0,100.0,2.0208643169339005,26,667.7212009950059,20.255190918466575,376.6181503491857,21.864499580844644,13.02629977948322,NO
0.5526532054786573,0.5173617682647759,10.471029158519599,0.9745912331127229,7.0,89.0,3.0398072945412395,7,433.4586080145821,18.48023241259861,346.3839947817018,16.365802845220898,19.306457828262854,NO
10.213328664142987,0.27583138542015134,19.646882397766824,2.1405557499703676,6.0,98.0,3.998530510794165,25,667.361727496831,21.189964765715146,388.8138394614889,17.500769851208922,12.876072175203989,NO
0.9513618445267812,1.7996405590562619,8.404556089293386,1.223071667955098,7.0,37.0,4.7990951781578675,4,307.5701520306206,22.39152318653987,290.14669303783734,11.914510565382203,20.719055175074345,NO
0.23599927937056875,21.23740026420646,8.041335587175602,1.7247332739324626,7.0,16.0,4.887500375099196,5,223.49545020111543,20.141923119271166,397.00869354335975,6.871035508820122,26.382756206556387,NO
7.246316888793682,0.589748270507328,18.697654157881853,0.7633728417497496,6.0,84.0,3.618513654016262,24,666.0720943388435,21.25486493358464,397.8875878722379,14.213280392726366,19.666407454737534,NO
0.24375278190212088,45.98723501245352,4.961343350803638,1.9609056695698321,7.0,32.0,7.207656846100822,6,398.3390508272452,16.065070125966475,391.65149801769235,5.020431433257676,31.22009730745051,NO
0.4395562664836049,28.042137788076968,15.429042387304209,0.5457202597061972,7.0,79.0,5.7319859527736,4,270.9016520188658,18.767968324664263,397.2197294876357,11.195816288693436,21.275055692644745,NO
0.7409687798527693,0.7779558238200852,9.985029337231834,1.1033411087504785,7.0,85.0,5.007506996958123,5,307.1151974502943,22.581173919840754,381.02062583582483,10.756604303170178,19.522205380254714,NO
9.592006288756584,0.91136385495932,18.742865949332074,0.9674163157606138,8.0,-2.0,1.9944355086097298,25,666.4130231132807,20.83311578611352,397.85100965745823,15.285604155275703,14.173387608354767,NO
1.3644061354176995,45.46160544595434,3.9573916287634088,2.1034311050729624,7.0,31.0,6.634571770932766,7,399.30598168603973,15.709926770318102,390.14711569585205,5.614570456769269,32.24315638174171,NO
0.935301850421683,1.169460545702757,3.7002466756471923,0.4648234007893281,6.0,70.0,4.991885061720867,2,276.50401954755375,18.994215597510088,392.91298161880223,12.566380947690766,23.13471239272121,NO
4.2890914639879965,0.23159451271570203,21.2639521483288,2.5855721359043358,6.0,84.0,2.359254881856785,6,404.37205159346104,14.819380093380099,88.10715368111511,16.46113997554584,15.896788780137154,YES
0.4555317913031095,1.2924600852848354,8.953509975704812,1.8012639284562453,7.0,98.0,4.783430865240367,8,385.393047411742,22.179508518225596,395.57310537597533,12.391024197296995,20.009643052691263,NO
6.721794133603886,0.3336708275705546,18.486496140604665,1.47581700620437,7.0,97.0,2.4953695599289745,25,667.2116071408901,20.660883432011236,320.4634778751274,18.031552303009114,15.162154014509888,NO
5.753754584831033,0.05019316116436833,18.426403571368457,0.7969581291493099,7.0,91.0,3.3887737258492128,24,666.7100677215628,20.879642499262335,255.94910900996135,16.861239765190287,17.36868716605425,NO
0.4891831672911835,0.07491051258331578,6.4352886463309975,1.2048416504733206,7.0,62.0,4.038564535712131,7,280.4392207760266,21.064813690158893,378.42118801067323,12.066050145059762,20.124714230940196,NO
10.10014645424828,0.7746871867337377,18.78458022171609,1.107363753073572,7.0,100.0,2.1715813105780404,24,666.1589807838423,21.484903574604996,392.91488817215304,17.824199184834033,13.85936718837016,NO
1.0310067533742975,0.40047400820319135,23.887874183175036,1.9741237672649796,7.0,99.0,2.556198399728093,4,437.18412091167636,22.303684848516497,263.72476976888174,17.62759592437016,16.732318968192097,NO
0.10609643829884328,18.38463749595175,4.362219167265212,0.9296988199289866,7.0,66.0,4.609596697210568,3,296.1898787263,16.302074692871145,397.6903420147961,5.002223550672719,24.381893287828024,NO
4.168171946517643,1.2535527078875954,20.322366539689057,1.5087795942024989,7.0,84.0,2.5369216148154314,5,403.1398866531545,15.102576022133047,89.03774469758409,15.335772162431837,15.788924133902583,YES
1.4944194458560616,1.1530427154780671,5.741923685842455,0.9582734295511035,8.0,50.0,6.871618623355081,6,247.0916676150647,19.62744089313747,398.925803497168,10.698778067983687,26.81257832505312,NO
1.2933596368659532,0.9637436501715431,7.758317638430098,1.278974624987608,6.0,76.0,4.731321643404883,7,287.19546888678155,19.92624999078419,392.5612923810994,12.631843865488532,18.985266203192722,NO
2.2140037282218303,0.0538305513941139,20.92901441149083,0.8748366221538021,6.0,100.0,3.015338956810627,7,404.76935566999066,14.97065649033314,342.20351659090903,13.751921517039344,20.119265740949768,NO
8.506201683887728,0.15402067820663812,18.802558794496804,1.5743033994002822,7.0,93.0,2.6958493344112107,24,667.2586306135261,21.22987205818567,1.143838823279535,19.13072109323879,15.069153021991548,NO
0.8397087533741653,0.1785320282606905,6.1281071774331926,0.6172081042700182,7.0,43.0,5.626864129275374,5,280.24725058740495,19.64834428414637,398.40715490147113,10.547043129433463,21.266849158541152,NO
0.4491027574984964,30.601868907965045,5.079027278117499,0.9127094292625466,7.0,20.0,6.744403808963126,7,300.2084425467939,18.419017311982035,379.4962303103721,7.064781374018071,24.88967806677825,NO
1.438986635807985,0.40856042212626165,6.387602151465175,3.035910997209307,8.0,77.0,4.332512015084567,8,307.62428327763126,17.74009950544968,376.4569219673806,6.247352295453404,32.00320230860175,NO
1.1207313709273303,0.09553213099348475,11.150695558795817,1.675198497299272,7.0,54.0,4.941846169313112,4,277.32931831205707,18.711830227805034,395.5169478028713,11.753857265292917,24.963957724112728,NO
1.3543327942878893,0.6691529185489778,3.0370042064374223,2.122616189809725,7.0,63.0,3.7886045760145364,5,193.14568505081422,18.214748618834015,397.6707096947448,10.267237611393075,37.974739564666514,NO
8.803523579197785,0.1624689671492337,19.299143977883144,1.1867998640979134,6.0,98.0,2.2249172531430856,24,666.1756449337137,20.975833598232953,315.3800755890281,26.76715478391863,18.751037319932102,NO
3.5504328592123877,0.43446592782607146,8.904834330498094,0.7982472601837833,8.0,7.0,6.581298793476138,3,234.7724651264885,18.329687115833377,396.0532362109899,7.700679072714896,25.22076788233069,NO
1.7106958115420614,86.05569793380494,0.8409787777492949,0.9344327492888438,6.0,37.0,9.96287400570626,3,314.31426853317436,17.635568732981643,397.72840334342203,6.5263360710252565,24.801187915008416,NO
4.00557964751989,2.42096242009358,21.74333630502943,0.8986593002594762,6.0,84.0,2.2865008872351646,5,403.32462452865326,15.30326179289768,89.00520815111018,15.30331118714643,15.77283759399023,YES
2.797266934475413,0.44188321022481375,21.271066574882912,1.7071133859561498,7.0,99.0,2.076942962839431,7,404.2090576447619,15.651562696869075,262.4417581078753,16.599983114722594,20.549115140966947,NO
5.667691337300771,1.0596775494425712,18.182824434010488,3.427543929087428,7.0,95.0,2.6759107099426704,25,666.7013205167619,20.277324383367443,333.18940573826666,21.875482255530123,19.11445179902348,NO
0.4033741203104021,2.058133427975782,8.579109298353284,1.2188671340463793,8.0,44.0,6.962311397657635,6,287.14583916643113,20.538859034789706,397.1803918911928,14.28453642925342,22.645623771544038,NO
1.881532048374432,1.4936673527782316,20.964339570720707,1.0751309566328069,7.0,95.0,3.725556741138526,5,404.01492796197317,15.627855543776457,293.6004915935746,16.33008354450941,17.89219767916184,NO
0.6500018680669613,0.282472291854114,22.040021747342898,0.795805951964039,8.0,98.0,4.593147959737726,5,438.0815564347385,21.264822355170455,396.1327122754818,17.07858412630793,18.39774751753907,NO
1.2516404443140674,1.598613628418836,13.487836505120377,1.3702392983941456,7.0,70.0,2.792797719792117,1,274.5454757211715,22.220051940670213,392.85660798030347,10.082331306646868,24.11917347328813,NO
1.2499409574420302,1.46136461647263,2.2480180280915834,2.28429903112849,7.0,55.0,7.566894866166912,5,222.28883022859168,19.45478609605358,397.09682200829667,6.057749038756755,38.14787774949047,NO
0.7856876410386299,1.2232576335848553,9.173452535073519,1.3100880387253742,8.0,86.0,3.295320329518434,5,384.6680044238207,21.58572493304543,71.02858197679286,12.04289840278253,19.117217537406194,NO
0.2915238568014341,1.2110343072770589,2.7813393727387745,1.4329861927501002,8.0,54.0,5.623958128314229,4,193.30207528238302,18.932869019433845,393.0098828097265,4.758310172398042,51.22226964624319,NO
1.3227895958891334,0.7167739300729147,14.177477593548089,0.6976261576808293,7.0,70.0,3.4928595871431707,1,274.27615882483116,21.89675880385594,392.1005033596089,10.510412511385333,23.10334309135829,NO
0.4335212807620531,0.37898703397382627,14.490910355219807,0.8510908268851083,7.0,52.0,6.703054531208357,4,290.1906534995086,17.246497298939072,394.3618216860266,8.646284032382022,27.980381421197606,NO
4.346108058799167,0.19802222868849048,18.21731839404117,1.2689373352472646,7.0,76.0,3.080828766481213,26,666.5515408259632,20.44068487736572,393.9196175466041,14.598834397128185,23.458506400815484,NO
5.700742564941199,0.9432685418257427,18.4188883551013,1.1976686781247923,7.0,94.0,2.542787073216195,24,666.5228075560884,21.277261985599345,385.7816823315385,17.764222052920864,16.861425572422636,NO
4.7513573448537265,0.42076208182542224,20.34090372546432,1.8329037496310279,7.0,96.0,3.003957280456584,6,403.3052891326677,15.06212767370805,330.8781029788732,12.245622586104602,23.54207156777062,NO
0.11234041574326532,21.629151489996207,4.078151412675263,1.5653338012436908,7.0,38.0,7.208283945083303,5,218.20077295232963,16.463957083537103,392.4714454892029,5.635160008268137,36.21691417382543,NO
5.594673091233136,0.6702782590004887,19.453990127440512,0.8268747181490698,7.0,100.0,2.853351615618975,26,666.0765931192612,21.12997407656742,355.8474016985571,19.631468810480104,16.843024452588427,NO
0.11573055383323239,29.68169665446215,15.140389667235523,1.097378973798588,7.0,29.0,4.423672731443133,6,270.6414086798995,18.86883277121133,396.636228424596,8.253627039851192,26.17048362009881,NO
0.6310094524588566,41.448234509349746,6.885375578902479,0.4737894670312348,7.0,43.0,6.022604817968031,5,255.49336872327777,17.65261221264857,397.3653831079688,3.156737338773412,32.437526444279,NO
0.8791286739965625,0.322534428447942,7.5714451840012345,2.2230131971841356,8.0,77.0,3.9292522985798493,10,307.52162892453424,17.60645437492834,377.65042004246885,5.466581041169914,31.761765029218253,NO
1.502623855725513,0.8180632952870674,27.226351977360427,1.1296834330555101,7.0,70.0,3.274846264417461,3,188.70544142877833,19.51068885407888,390.55697743822464,15.066112936092848,22.292801152877832,NO
1.332773221633615,0.7490183955941536,22.547610589204325,1.2212892187849027,6.0,97.0,2.420602892005963,5,437.89738359867874,22.132927158870643,392.7360804473285,17.545214219273987,16.643639847029696,NO
10.755317552595901,0.7781459027764205,19.77146708883722,1.7048912053485568,8.0,101.0,2.142075448386807,26,666.8389627866319,21.273169241538874,398.35953590635626,24.0005384871895,11.821306180854123,NO
8.642527375964207,0.2445457464159957,18.53579762258338,2.1810713224747116,7.0,99.0,2.0605336789763826,25,667.2601955807935,20.248453436751195,398.44030242308605,21.34924993055477,12.458891933326901,NO
0.2546637895483921,0.5999135766137883,9.16699020389628,2.2537779950389054,8.0,7.0,6.910807467566625,4,233.93749250778401,18.765259142987716,384.39171591500207,6.6066505497115795,25.536313206159775,NO
0.15024178664989096,55.678248776767205,3.5568631547481857,1.3628036384832423,9.0,32.0,8.003041128974926,2,300.6651431983096,17.425541889430214,396.90133244295475,8.294936991513268,22.11659712751263,NO
0.9793567013526265,1.3276217511317894,8.888846073832608,1.5378690467181897,6.0,38.0,4.335055651026431,5,307.3247846079053,23.35050142063878,289.71151139858796,11.93839311848147,20.30997591593424,NO
9.972244030212893,0.3520951075259672,18.80387173441921,0.8912030152387262,6.0,98.0,3.505027486626151,24,666.6465013253161,22.047162997242072,378.7284784280183,19.40710193317428,19.20507011215121,YES
0.9868369522758643,90.2723215414898,3.7503564769084363,0.9862830139792562,8.0,34.0,7.535295917304168,4,244.2668247989962,16.270627895569795,386.6250052943989,3.4306458002492675,44.783228316449986,NO
1.7334189395580615,1.724778788389671,14.486325517669414,0.797232529894575,7.0,52.0,6.76703942980129,4,289.22057968609573,16.326518628390367,393.59168788391054,8.05458555673807,27.552916459080066,NO
0.6016170195984537,1.5641469414518119,6.789506054356085,4.494688172396151,8.0,81.0,3.5012937382386387,10,308.199603569682,17.46159918955102,372.16802722683224,7.456917552856218,33.510228602009235,NO
0.73508548096121,0.8107451447410156,13.53493153600998,1.3734048515009925,7.0,75.0,5.609922662108147,6,399.4129231685461,19.526074450476386,373.79288168454354,12.683780685805456,20.68467227271422,NO
0.42469519907988196,20.10986471681051,4.111204206794934,0.490276835988128,7.0,39.0,6.0567991084068105,6,216.88108140845273,15.133852174530109,392.2499387757966,5.023362730311613,35.50050404339981,NO
4.054845457081533,0.4012484801835769,19.79806810905368,1.9631235629616612,7.0,101.0,2.167658389500252,6,403.6009892298701,14.804676970027716,172.91194168828986,28.07823487278198,13.80609690104097,NO
1.914934420178564,1.5931539399593992,8.751022410983708,0.63297958465792,7.0,101.0,4.496891286747736,4,307.8760522048967,21.831476484444504,376.8230100746269,13.20708474167712,14.91682427000194,NO
0.5155834567445777,21.267790110923762,5.957211898284517,0.789252249315805,7.0,22.0,6.905226872284957,4,243.13600446274813,17.88237232756932,397.5597583096122,9.117120927589488,25.130749213333544,NO
4.449621966595128,0.8874956631197054,20.10316315516183,1.1708725522629886,9.0,94.0,3.569130338025987,6,403.9623941633884,15.967438612852868,389.4727037172531,3.360970689969253,50.79290866273572,YES
0.8125087033581799,0.13338254284207873,22.181291104891443,1.5324726533049866,6.0,99.0,2.857063567675026,6,437.19040274491323,22.07273755803933,392.04071289783474,24.019427671323538,13.784774636650692,NO
0.6237450138734105,0.6851012654471199,23.70695401269578,0.6966831685303265,7.0,99.0,2.765662295296033,5,437.81140489856233,22.462028148328613,394.67315376756324,17.963200256840654,18.919930868280545,NO
1.0195373114375672,0.4384707948621045,10.321906174650584,1.8925113755790048,6.0,92.0,4.005711504699658,5,385.78907198566185,20.942562471931456,391.8929857407883,15.729258183352812,20.26407999728325,NO
0.4649416265069452,0.011900067191139297,5.865193266220377,2.241267457024725,7.0,47.0,5.265555370571526,5,224.27566995495187,20.693928954259814,397.19211478264356,9.940669897866472,20.491330945942117,NO
2.1592978283187922,0.708654292046764,7.130513391264972,1.8825057594091896,7.0,8.0,8.396791929766797,4,233.938048855486,19.61187350455945,395.50704449019685,9.45792959289995,25.63724444835629,NO
0.47726697639982657,0.8741524372590982,25.940497713037715,1.3285680273136782,6.0,98.0,3.0017579253803643,3,189.42765634481069,19.290138526736794,371.0890085471134,27.24754496447016,17.61551700087031,NO
0.9735689707982109,0.013878961743438691,21.996663804105385,2.639239659133925,6.0,96.0,2.984419249427863,6,438.98619271668093,21.346593376742653,399.63713139476243,19.458455746096117,14.562718677703495,NO
0.4778075028964894,0.3376575874642178,5.215576787383106,1.4549655973843207,9.0,50.0,5.941465983720774,5,247.77756618033854,18.505259028109084,397.5789414624153,9.752303251709641,24.062781074010925,NO
0.6720655017608373,20.740335403109757,4.777402971674879,1.142989065060826,9.0,92.0,2.5356680066707358,5,264.76403277947105,13.600976595516226,388.41885249883757,6.266241501608388,51.27823042260055,NO
1.8523736406611802,0.06266797041147018,8.49308260614156,0.5488648042310529,6.0,31.0,5.0744127302499615,6,309.3415714782942,21.73514298206271,387.26202075844094,7.330251604188287,24.066274675967936,NO
0.23597518839679632,0.22454356598429112,4.572225538662647,1.6215504268972707,6.0,89.0,2.8257530445270853,5,296.24204245303844,17.726119548957232,398.07531661697124,15.776486950694158,23.519682144440157,NO
0.4023051093584354,75.54656047667481,4.084247753933494,0.5307781814220672,9.0,22.0,5.451418372239086,3,252.35725468171697,18.876229591777488,397.5879797495529,4.590625991877895,30.96229328422917,NO
4.505063511848009,0.4412087837246131,18.712153126514004,0.9739334392603356,8.0,92.0,3.3413760241933135,25,666.5385216165582,21.57587295148494,351.43950789924577,16.677548934035578,20.60036406686799,NO
1.5387429967844088,13.720268104248357,6.089364528085251,0.44976630808174706,7.0,22.0,6.535055835858062,4,345.92298595112806,19.135427135768566,396.9610842099343,10.59972413644495,22.861059791973382,NO
0.9169548860337436,23.445265394891596,8.071919549401088,1.7197648342659906,7.0,12.0,9.045675828979203,9,330.38747662016306,20.885209844107496,377.48591435566675,4.610710511400735,26.051419274482466,NO
0.5925461387696009,1.4923777763808665,9.587914454646462,0.7363671995012451,8.0,3.0,5.802209538810936,4,234.02831958036543,19.741252650113545,386.7919897678615,6.437982514675166,27.42055129328495,NO
0.22387109565200813,35.8994888055165,7.328616859924374,1.4011284363260423,9.0,18.0,6.302805370543982,7,330.83053950199314,16.206191615291715,391.3470022274817,5.478351922258726,34.10621803528259,NO
1.0375760992114829,0.20019498958643497,10.488273241742919,1.2125186005049113,8.0,84.0,4.286504520180031,4,304.03621436964386,18.832869224431843,395.47851667518296,9.245304649448697,22.40310833180108,NO
2.2346519492289083,0.026081838077541136,6.584245548673945,1.4147379940913707,7.0,62.0,3.530320956849377,7,279.84964949712906,21.007154962802534,377.72827923426223,12.013871906935627,20.55417979809915,NO
1.3098351883635146,0.052729596230549965,8.779094614649225,0.549512997587228,8.0,94.0,4.490973220150551,5,307.74989000079864,21.207116609950305,360.57553111222927,22.634203420352858,16.06302161737166,NO
2.3830714960834087,29.029302320140417,15.262404300463905,0.7671726656096582,7.0,30.0,3.722359615472664,5,270.98275212774655,18.385544527735966,396.7692988302424,7.319569921581688,25.14568972321613,NO
10.386725638906233,0.47982335924751107,18.43567871479356,0.7817019157414763,7.0,80.0,1.7921903028065538,24,666.099744981269,21.137313409768193,338.2762793123471,31.186224671940693,7.892699263539726,NO
1.3391748866486992,0.8004105543708072,2.5694635925307567,0.9444603236108051,8.0,54.0,3.6312291875298914,3,193.98421395521652,19.764891514795004,392.9380171991667,6.048253254469519,51.05578390588522,NO
1.793355766039471,0.49695061405295954,13.083869340541796,1.5108557087102528,7.0,54.0,5.045418230506296,7,398.0946375350613,19.95961538117074,387.2549113130743,13.59568219229256,23.641439402554887,NO
0.9838894632571832,2.1157570339475704,6.769823897431114,0.9120230801181155,6.0,42.0,4.895041646976507,6,280.5187217530412,19.24896797602773,398.51154146003324,8.97221989998632,21.274777480329284,NO
7.274704887816747,0.2505481774530028,19.810460870918263,2.186896957357551,7.0,88.0,2.754722658762113,24,666.6378954397646,20.6005627953175,375.76092062683773,8.266455268943016,25.751225339481206,NO
1.1852502853414593,0.995446961253167,8.749451376459234,1.8018254544783092,6.0,-2.0,5.040417980286147,5,287.9120410371163,20.46149180810324,397.17614228417597,8.125022608829282,20.630877413688108,NO
1.6886377311795213,80.20366388810722,1.8853812844266704,1.0774633893228898,9.0,33.0,7.390376672101317,5,255.2746928600219,15.087131315090918,395.21106334899014,4.495681177093934,51.764786239975955,NO
1.3794933190568062,22.09081706502439,5.9754187384036435,0.7302221826796342,7.0,71.0,8.555584626913975,7,330.4442123194639,21.570725903575138,390.2288417908377,20.935402967124464,18.698979053066015,NO
1.1948321882621533,34.94200676854287,2.5483560128871496,0.9508184407468616,8.0,42.0,5.484943256736498,9,222.43116478207838,19.869469708301803,394.2541402404339,7.065121496367505,37.6627716184641,NO
1.6388138548882603,81.09342364450596,0.6268636095741175,2.2519255367979163,9.0,33.0,5.98030752152238,5,255.71833363712713,15.089152308171208,394.6488917532053,2.987691741244815,51.278370647356816,NO
1.1747304611215759,0.8333667736531839,7.041177943109805,1.2897714097678963,6.0,96.0,7.555452077171368,3,233.29502313956584,18.651704893831504,397.4372879676306,31.306097591430213,14.999759640597492,NO
0.6263233204380438,45.447321709858976,4.467201254572218,1.2747374309675674,9.0,22.0,7.02728588657311,6,399.60914008388494,16.658212293203267,377.85714420830277,5.154236021292853,37.505576029094854,NO
0.9940504551046077,1.5524370634506242,8.98981870247053,0.7702383974053897,7.0,15.0,6.0857116071260835,6,287.9562766164273,20.52197696082986,394.35102394649925,5.189349471365479,25.15625752630303,NO
1.4454599813516944,0.43657406055292763,10.538889538461113,1.1352430420872384,8.0,80.0,3.8838037294907144,6,384.03585442316006,22.205286161985,394.93404273075424,10.059334478153103,28.299593785910634,NO
1.8482699133833576,20.402780454568088,4.7547914168736325,0.688424010742704,9.0,90.0,3.5069295324638405,6,264.5729842208998,13.972078848467469,389.7850508252273,7.695423073846832,43.89128963176391,NO
0.219280897712412,0.9366716275787099,10.272813465288417,0.9951611206675732,7.0,100.0,3.4150609429988554,5,385.0686061638083,22.331076697304695,395.77865157031937,13.031677518607651,20.078418097982905,NO
6.286111315797557,0.35758434112485266,19.586816306018665,1.390448683710166,6.0,88.0,3.224937539100033,25,667.6053891984322,20.647894958377503,10.600053826199014,19.04544694716113,13.196460116895866,NO
0.15391118379467905,0.6181645407258008,9.476549221786282,0.7674848846590309,8.0,90.0,4.834095915129982,6,384.22304351914124,22.01712607759996,394.19113214331844,13.29424554344051,21.243179901155,NO
0.6687053568471378,0.5957510954249858,7.323943063475773,1.666180394612237,7.0,97.0,7.009417860237621,4,233.04899432049805,18.010183886227956,397.216854638106,31.521969491105466,14.927847089550182,NO
0.22391381580018668,0.14400268203270652,7.282239341253526,1.354881738671029,7.0,35.0,6.7512985925755755,4,234.03753758412162,18.456556353352852,398.46854875640486,14.551342116889867,20.14708641989514,NO
1.6483181483286775,0.1986730986416028,27.979117710316842,1.0481961287823243,6.0,98.0,2.4194834379842987,4,711.450719102146,20.69509672510967,344.8353966142208,24.6140679244635,8.15852973185089,NO
0.7080396570654527,0.5714107592276724,15.778955865458766,1.6984864305296263,7.0,93.0,4.901500303430677,6,276.9099552812728,17.49894846071022,394.15147310482,11.60416010431744,24.66162710451613,YES
0.47323444737995635,0.21436328211691716,10.700824567105327,2.120858573212318,6.0,90.0,2.8763461830948645,7,432.9620495233043,18.47601404813077,346.70085801592245,16.502662765331035,18.8902464962557,NO
0.445441420586996,0.7482467631191556,28.74554283342439,1.2086652978942092,7.0,84.0,2.793888307688516,5,711.9926359037999,20.67415507124395,397.39048746593187,13.613479351625982,20.160479716400875,NO
1.1181170092891615,1.3397213688993905,8.901336857092979,0.586239603937945,7.0,95.0,5.922681555538967,6,308.3675097937094,23.068397663737862,395.0702534931822,16.449020229006983,15.9245052958319,NO
0.6229810790685257,0.4280481622933171,3.337214824859312,1.8124593596833742,8.0,84.0,3.033771420053668,3,193.754160389619,19.014996062035458,396.20596490393257,7.666145899703771,41.06496857169696,NO
0.2113923566354724,0.4694388112060066,13.953225377157088,0.7791193664270046,7.0,94.0,4.105131586485269,6,276.69790017225495,17.072543233377512,393.8661385441091,10.895437290072678,24.019070971782682,YES
7.3284794923042424,1.5374263953852136,18.46854594078969,1.6301492747196669,8.0,90.0,3.0999015354918593,25,666.6242065860775,20.747923982147288,394.6973975531945,11.739150685589019,20.47089882005169,NO
1.206656989680496,0.11089417842821543,28.660270359974923,1.4803724908930536,6.0,93.0,3.4979990373786074,5,712.0982720036641,21.776100689698968,397.1851275643836,19.826577807892352,15.39078879697682,NO
1.2353776676386825,30.23840189658218,5.354887861577787,1.836279709858011,7.0,8.0,8.356763570015977,7,300.50891344408706,19.00746872889858,375.8610950805351,5.287805363588726,25.028208902375564,NO
1.3850821271453149,1.1708118835350196,6.918663783731611,1.2504592806109676,6.0,43.0,4.455530185889664,6,279.7849786900582,20.678286833411008,397.41265727728677,8.884649868215133,21.351216575227973,NO
5.4378908273430975,0.024989539771687434,18.101612642923147,1.6451331627134191,4.0,89.0,1.9655988499556638,25,666.1900963424907,21.396782042800524,354.9684315349124,7.631561989084563,27.78596552454393,NO
0.7449314652979444,91.14823528506811,2.866044626874484,1.8325608084264466,8.0,38.0,12.39017200600595,6,187.67181616304325,17.458183129129427,385.7515352256797,6.890424967193613,31.296022820403653,NO
0.24006740440145835,1.4979491502294828,14.38955041163331,0.5252151233342878,7.0,58.0,6.374890757277299,6,289.5636276251701,16.205386217662436,397.1268370859737,16.574819448222673,20.95243501140475,UNKNOWN
0.8257948553871209,2.1522961383198167,10.006076019472491,0.597805188034972,7.0,77.0,3.7846182329703053,5,304.3313923576439,19.85820593450003,398.4107645515921,11.877029703736987,20.471513461872274,NO
5.137471088402188,1.3201808739421461,18.648884409966193,1.4010084699136556,6.0,49.0,3.701687430189938,24,666.3682154054388,20.81923717948077,334.5092637649701,15.061065538455766,20.15030591318407,NO
0.21093976831501526,30.338511212145367,5.715859495664187,0.45893619069049424,7.0,55.0,7.548745606075872,7,300.71952519652734,18.70895632386167,391.6408738848982,12.278637546826577,23.692432019039813,NO
1.7560846604037432,0.3896416879784852,19.756663944626176,2.871985027728946,7.0,96.0,3.2733438632893663,5,403.38809775477006,15.252922088659348,292.8811092686144,14.477644921277232,19.09542955403962,NO
0.2549814528810316,20.71921368196144,7.745056568762886,1.9644665319472574,7.0,59.0,4.848120665674708,6,223.7497889043491,19.108217691933948,396.58835447424076,7.9560759693875385,24.533034993499523,NO
7.631791858710547,0.23509836220360228,18.16300939035809,3.197982000290277,8.0,84.0,3.0148398447427924,25,666.2264641043074,21.394278690162924,396.24316674723104,13.438933855734625,23.229238572701675,YES
1.491641484832973,21.407036491881207,7.729061086607782,1.870588729178062,8.0,22.0,7.732597599341722,5,244.19057063007955,17.243278832619705,397.0027022016978,9.873547196460098,24.167626994439896,NO
0.7332938526631823,12.500300877745872,8.056108669557718,1.1085956868513336,6.0,67.0,5.74099252200545,6,312.2043232957602,15.671797709476118,395.64272680672923,13.147009353807332,24.30257880891364,NO
0.38125456908914435,0.32332992706041075,4.750429797785763,0.516108226315927,6.0,52.0,8.810592629801546,4,353.0538548860167,18.952324467199045,365.36456810899614,12.793431102869402,17.206561806523446,NO
0.38584579010371756,1.146209648614566,14.095843741066542,1.3464075925722556,8.0,46.0,4.718212729032882,5,398.18944290125376,19.706962240418825,387.62551162512915,10.719804316468771,21.90777632398039,NO
2.764228653945453,1.4686618406483913,19.917259923981607,1.2706390211729677,6.0,96.0,1.9239637618175598,5,403.9116004229777,15.806172013347757,322.85650795110666,15.262602897540992,17.085092714436737,YES
6.746702976112194,1.4883303886008292,18.563054266500718,2.427813325471538,7.0,76.0,3.6727263762524958,25,666.7594130355974,20.249248062161705,99.34901031615709,12.688949116477234,16.63666850031633,NO
1.8370952528168842,0.7188178225892493,10.845670761748856,2.2789394145358477,7.0,88.0,4.281517325911052,5,304.23061405233085,19.47980017349739,396.3767259982688,9.564614034628336,25.343169541030793,NO
0.9993125813141344,40.61659191559642,6.886852204721743,1.6012429093696712,8.0,34.0,4.3549088198369095,5,255.07211297664736,18.007953967122067,397.30690328818343,4.340199286382457,32.80557203951162,YES
1.506654795863031,2.177148054198802,10.117465301125602,1.4781299402531034,7.0,78.0,6.178308429312766,5,304.6580030742246,18.84207914923982,397.237549691495,12.857351002752335,17.164985543615938,NO
0.38009196584176624,1.5412536354211366,3.206515512365832,1.151482309787427,7.0,55.0,6.293459730582843,4,223.72706272597458,20.346682319194393,398.17819563824895,5.412590818043801,37.22780919800516,NO
1.1058417845281199,35.29513687291347,6.138433569458246,2.77302823590993,6.0,24.0,7.766484740074398,3,304.7657022113035,19.189975729011525,363.59957316498463,8.331996349282644,20.626351225148596,NO
0.2416583605058433,20.27294983054101,3.9329903095717826,1.1961740826448775,8.0,66.0,4.724493797205217,5,216.42916471520087,15.458186470258,387.52520578143395,4.308189311683422,46.310072693022775,NO
7.621729906334479,0.43735526459049184,19.616821384200627,1.7909512457766141,-1.0,100.0,1.6250782108604793,25,666.5797550375718,21.37610175827709,392.61983530017847,4.27664568462089,50.004552929072396,YES
1.863420266324038,0.01339834455409108,8.41341895799431,1.2244492252391916,7.0,94.0,4.78849708872017,5,307.08932923025424,21.510999071186827,395.08055530766666,16.76756918828851,16.289518434404936,NO
1.5236102451010833,0.06450164051804018,11.02309619314715,1.1729793654386964,6.0,54.0,4.452009250793168,4,278.3393829960654,19.332102993829583,391.54463990085196,17.625303707126633,23.588137227573814,YES
5.681172799583433,1.4828209542320498,19.14349127890146,1.3190033308039828,7.0,91.0,3.546155668388781,24,666.939086926475,21.169605894157517,395.90268958151285,13.746010696042305,20.386618203266707,NO
1.3702983323283975,0.6369779570076024,9.823642753200602,1.273248809639087,6.0,55.0,3.297162434770969,7,391.6899952181491,20.149788576270744,397.39027234352625,12.399267343155248,23.21297900959058,NO
1.3840827877200013,1.9054374563368872,7.116088212826978,2.1114461299574727,5.0,95.0,7.803606044628417,4,233.3090409819512,18.737756014860103,397.59547281951063,31.153090731442628,14.912481341948983,NO
0.3795405652686713,22.117803421879056,6.511152634903721,1.0007227986833669,7.0,80.0,8.483388125250634,7,330.56862975897866,21.793797528271575,376.7334561545318,11.982335398900373,20.77286595549933,NO
1.6373436054050057,0.5954082493917744,19.91191480501182,0.9354044680283995,11.0,95.0,3.0998690217761182,6,404.7580886713682,14.763170261728405,388.48944922940643,4.285086783722809,51.237015207721605,YES
2.2504804602873665,1.1514629563501768,8.355475956656447,0.5143747561187746,7.0,23.0,3.931156190965734,9,307.1633044047498,18.48281848498976,380.54878488375897,5.494149779131727,32.33440904384333,NO
0.404060449108759,12.894405696877119,6.55262707375816,0.6722127317581079,7.0,22.0,6.570392625613252,5,345.76541162858354,19.936301135662212,397.06423944757114,9.204617396228615,22.366537402298146,NO
1.5364756912206878,0.7972815723811044,10.715437610518523,0.7647263857543043,6.0,74.0,2.620951220750516,7,391.5431608565101,20.15989348796604,396.2300795483336,15.669990418468094,17.669639665896327,NO
1.9535607811500177,0.729382256176139,26.156618841577508,1.293701842875075,8.0,97.0,3.012038265745098,3,189.9106756928217,20.160217516535976,359.32265319568324,27.831773268911117,15.904310070048293,NO
0.2765197570586917,35.512725379022356,6.942370760854612,2.3149532976777256,8.0,30.0,7.304392645671534,2,304.8415810982747,17.720087351703008,394.5781553190922,13.252002949776715,17.622757424622076,NO
0.7521626207131485,0.1019370183575828,13.514571944370015,0.7201468184958109,8.0,91.0,3.4821160513577674,2,274.0886253724229,21.399031178245636,398.4358349108571,7.97311643733177,24.785292353418363,NO
1.4513598480960057,0.1531263902204082,13.038549017176209,2.750643184025429,7.0,75.0,4.542739393729866,6,398.8243455129332,19.58034397097114,375.1866101455752,12.834661932771478,21.23392257502807,NO
1.5990835010851225,0.3225198131206125,27.983243252406012,1.3868600323973064,6.0,95.0,2.063178488021343,4,711.6516635138871,20.530688339223374,396.9463144911489,19.03030082139092,15.298368201105951,NO
2.7801450100095275,0.710010600579138,22.20184108897093,1.2790650824518077,-1.0,96.0,3.7539891492950535,4,437.7366294634217,21.843598095986227,390.7105531703951,16.42558049477177,18.49385624151171,NO
1.985079233728433,0.4326262703199765,8.84876865099302,1.45400536555948,6.0,37.0,5.56854641640035,4,307.2094069187835,23.257969865645865,289.40861289028607,12.457582419986338,20.564234680843235,NO
9.028286280421657,0.5439836357834901,19.37078707705155,0.9130198592718777,7.0,66.0,3.928216603996258,25,667.2111629497389,21.381978062282464,397.3336090685973,14.218107438561255,22.078108405898202,NO
0.3428635324773992,36.1004318282847,6.8190822322170614,2.286174773781571,7.0,43.0,6.979881937216353,9,329.1126361884479,18.7763550532161,395.9033784702895,10.480166404179752,22.42878436944651,UNKNOWN
0.36981526429826095,0.6688480072347823,7.469420624776282,1.4253807593544123,9.0,19.0,3.5504216632393373,8,308.28319489170246,17.62092065834928,379.0674565789381,4.052187166272395,47.12910842693997,NO
1.0721877996746385,24.236350887284043,6.665559552201197,2.0354449649271533,7.0,78.0,8.001128987727395,8,330.30069177201165,20.453245488901384,373.2237699644806,13.660671736625156,17.92158522156993,NO
2.0758877656876327,1.1008072926082164,6.4400408517157,1.0138084923795185,7.0,79.0,4.299054364982156,8,307.0255004958113,18.496822400551654,391.5036936514819,9.99180252586171,27.731095086146507,YES
1.5048523325174052,1.0205824105013295,8.783730237700466,2.641020928430975,6.0,86.0,4.556838091737841,6,308.37937091327467,21.322216958916,304.39799062686035,16.65318665050242,14.778952110086317,NO
0.291648016671209,53.21154561923618,6.470060604157789,0.773252343599119,6.0,32.0,7.707241543716846,7,293.9340933178887,18.03197951043453,396.9092457893067,7.465013099867701,24.21224319348985,NO
1.1684314646099088,0.8242092920098124,8.662268912484674,2.183411522572205,8.0,88.0,4.285317540549732,5,307.71155379393986,22.768465639139965,380.4034792348472,13.20690971457633,21.129141773329398,NO
0.6822322608585374,0.5733566753863737,8.154065435046476,1.104690024687936,7.0,3.0,7.001711580428414,3,233.05016339454514,18.23650155018385,387.06933044842646,5.631647871190704,27.488972558886605,NO
3.977905008159767,0.6078259149743862,18.469656611604186,1.8185295832142483,8.0,91.0,3.042128358115602,24,666.6726971841554,21.382726192241233,391.7299105484013,14.200460093786923,22.206261673538943,YES
0.27478088824029573,0.4245339998937798,5.491833199876368,0.5628573140862916,6.0,71.0,4.269716343915456,5,296.6245004210056,17.08758131195951,394.7139381440734,10.27129587299732,22.604395388916185,UNKNOWN
3.6186133616391714,0.19752451713168656,19.326901879487945,1.4247124824931308,6.0,49.0,3.1270814133385807,25,668.535704671348,20.353114398176746,334.7228454644876,14.418963110320519,20.153911410385014,NO
1.5732397966974156,60.436951339149566,3.1270460973133205,0.5673943414548128,7.0,11.0,6.315790029126598,2,265.1319345457298,16.075270437287667,394.55376767635903,5.627548572075242,33.38705290396267,NO
1.2875323593072459,0.17763652216771258,7.368403088509555,0.7491100584976322,8.0,71.0,3.81662171752873,9,307.62483478154155,19.180804782256992,379.2962154843737,4.742206779369737,49.033966190595265,NO
1.044191553352525,1.1381724042556207,22.287889502306033,0.8791246595530948,6.0,99.0,3.1600343898660572,4,437.46328216612017,21.559372954914288,263.1261722729555,18.761096211825,16.297597394374225,NO
0.28722403832199045,80.69197376503863,1.8092931097554816,1.1783162220281986,8.0,37.0,8.991441294163316,2,329.17638482383745,13.337261069587996,355.2480040866463,9.143719264600215,30.550221821511496,NO
1.936251981701929,1.513967054221139,22.935529125011556,0.7114597016029189,7.0,98.0,2.5287511185258373,4,437.45405455256906,22.020586895899623,394.7827550090523,17.904270433380063,20.904815029151152,NO
0.3316300293957932,0.2437000085640867,25.656129866180347,1.5604806796908308,7.0,89.0,2.413775111414668,2,190.07302025569598,19.38745083328408,385.04827389810845,16.291699685704184,22.088593109540344,NO
2.727048965420921,1.316950643718052,8.15809925679102,1.2994292419222824,8.0,101.0,5.513736537809734,4,308.98861454007454,21.2450000939683,376.95399457558267,13.8988331051986,15.612990087681883,NO
0.8330739671322736,0.1398084661598646,4.826643464224009,0.7536479527293949,9.0,19.0,6.581116059299334,4,432.00935369076086,17.712593648610603,376.12627223079113,8.63910486836129,22.737043766968903,NO
0.8429529832349063,80.92798281523433,1.8675998221218808,1.357661835671947,8.0,40.0,7.324664271848501,2,330.9900128762971,12.780883787952428,394.03792956057293,6.732700663555472,35.02425119622477,NO
3.0675256139742446,0.007535188047511989,20.139598343415184,0.9652346030960492,7.0,101.0,2.3310384851277037,6,403.69953556485746,16.41707642017781,172.98959987974598,28.518412779280677,16.321236989304847,NO
2.4094579598301893,31.207709164899263,5.688187860252845,0.44012273868051743,7.0,53.0,7.6255906926083,6,301.18427480435815,18.367977151288514,373.03850491808004,11.796952159058408,22.241510493540304,NO
8.34482593108937,0.21157456354343268,19.418118957579196,0.9655272199247209,6.0,90.0,2.503134963971478,24,667.6715758011503,20.801096071229566,348.6758771114041,9.183353488708773,51.086304007744026,YES
1.7034430938762202,1.0531250310691926,22.214113245118668,1.262368052288211,7.0,95.0,3.237382631314823,6,437.160742289507,21.99786467465765,388.57987284729154,24.43890861193783,14.039611015611158,NO
0.6760731244979432,2.055659754118946,11.322189713995092,1.152118485318695,7.0,68.0,5.0056264745575145,5,306.22527882480705,19.146212067216965,395.42259674802284,10.574277699777427,23.861443774790608,NO
0.5307891126709285,21.24987975697914,8.477758934602793,1.2529599497673394,6.0,43.0,6.01746854342052,3,223.5314176640237,21.165653955746762,389.2449896160287,13.387974062200188,22.10723224199437,NO
9.506499890405003,1.4356060642262463,18.942597192614084,1.7385166903664853,7.0,66.0,3.5536378938139617,25,666.5215125784413,21.82657119074422,397.01757062168264,13.258379959938539,21.490465082650058,NO
1.5255258194540215,2.69015076836634,10.951694343267366,1.3467538005519137,7.0,32.0,5.204556097381716,5,277.412620306419,20.701026355180815,386.3934969438546,11.190507167885725,28.946511778736554,NO
7.556192180463295,0.09627859906799441,18.56704380024311,2.2105941197704717,7.0,89.0,2.827974634048567,24,666.1822932691769,21.379591509050844,100.5264317816263,17.74560846979327,14.916161413329949,UNKNOWN
0.7423206748401037,0.11128225706638875,5.001277083507629,0.5672901231174329,8.0,37.0,4.770730598622849,3,276.9152383444003,18.78657471293974,395.1213097484602,3.7959288573794194,46.5577644654411,NO
0.7406934638444874,22.12596779713462,7.045316009418027,1.1708988124296595,7.0,10.0,8.097014015961188,8,330.44506044691934,19.506763469051045,377.29255530593224,3.6075585216883437,25.06127172113932,NO
1.386646488698145,13.516151682780306,8.333458446476746,2.479146364768465,7.0,101.0,6.179258309688539,6,311.45227994254,17.19436001654135,386.7414990664055,30.350345057683413,17.610700077684218,NO
2.293556841875334,1.1544799195912945,20.242667067077807,0.8979509981200196,6.0,80.0,3.5750934607200877,6,403.22676968728535,15.342773452553331,228.31849389546443,13.632015635856584,23.85383072904906,NO
1.1927801463431122,30.383117110973433,5.392755823335045,2.3835673211459363,7.0,43.0,6.801618180646089,8,300.50836616421316,17.35181239138041,384.4728868704205,7.773947393684722,25.375225263831737,NO
2.5100863618958904,0.3812158103790228,19.47648700604626,0.9975769908922625,7.0,44.0,4.048509703430593,26,667.8261577211201,21.737946182078716,371.3010228419917,14.208191505734698,21.064668672148965,NO
2.0526470969559614,21.78519097601309,4.429254527275286,1.3046902759996746,8.0,85.0,3.1504562279534576,5,265.185522453633,13.382801534598645,384.505338708657,16.25201422579287,31.77913414590376,NO
1.0954464687381786,0.4459181374348462,21.910399192324505,3.7150385716975096,7.0,99.0,3.319238139337855,5,438.4799842293797,22.127243480572556,397.59547361997943,17.25717714241316,19.281820214583494,NO
0.8237599786226106,28.215928135776867,15.697969815015806,0.9857199707777853,6.0,78.0,3.925785604442235,4,270.89138533571133,18.870987314916405,398.24339837630424,11.609755901230681,21.867234554112468,NO
0.7806986287155512,92.11774511492271,5.709045096126748,1.0894917541356581,8.0,21.0,9.316004721124063,2,287.600986290594,15.361857242302113,394.81848503756095,7.86447134519021,33.621924901041695,NO
0.3700069591251618,0.9812865298339266,25.752524584037747,0.9351218506684752,6.0,70.0,3.0003366002081537,2,188.63261188455664,19.40854478335103,389.9524339894475,15.23199993986815,23.4560224884937,NO
0.20016785492922104,95.04375234994897,3.3658407975288585,2.280400264029048,8.0,34.0,7.050753274228267,4,225.33003349753685,15.497534680922211,392.9954757361247,3.8539025597207446,48.649628227587144,NO
0.8114249108801934,80.57406603262109,2.14165484603697,0.9935964088302667,7.0,21.0,11.166296666378079,5,334.2219285457134,23.220341347463368,376.99393529226126,6.614133904278215,21.076504063778764,NO
10.941316959428372,1.3607827510381822,19.052289914702012,0.8077709955678521,7.0,98.0,3.3513279344956675,26,666.815824382934,21.561883336030835,386.7914889319038,20.907541880622226,17.43823686166251,NO
0.8644629111350544,0.612082116618601,6.599287537737334,1.918394300479549,7.0,59.0,5.399161136277224,6,224.81630823798295,21.13771169078768,397.39226120426116,10.23846978698413,20.06677933426555,NO
0.6872291705077115,1.5766642961886836,10.840130307181845,3.064846488635352,7.0,78.0,4.737954893949047,4,304.52218450063197,18.400283464707854,396.48269826457414,10.513020602498708,20.33336406536522,NO
8.665554439813631,0.5434115162108122,18.325980218679437,0.7802868656887403,8.0,86.0,2.381651375390046,24,666.5809661055991,20.33394799556959,85.20109437754839,18.274647444828314,14.95955614215232,NO
0.4891662641951915,25.544794581088166,5.728202819944682,1.4331485165708269,8.0,30.0,9.22489768240018,11,284.4407965379834,20.46159243780033,390.9225565050186,7.333664908037735,23.882978793440174,NO
0.7935232797170211,46.11564548006741,3.962014890589336,1.5924390945414035,7.0,27.0,7.525000904267002,5,398.92386779016584,15.703066033768302,392.8011449162645,3.1442102913542938,38.21675641867243,NO
0.9844679643432088,0.6137139316656521,10.44261814800094,0.9175012694615159,6.0,59.0,4.169111404890382,4,304.306926324145,19.086795291955866,396.571774761966,13.661452728958741,21.0704878971802,NO
0.2431253451517372,52.72985517596508,6.153671935182972,0.6151878246103484,8.0,31.0,8.517410451645532,6,293.6399586882287,17.060274115972188,398.13375920712735,7.43421375173655,23.423247934913547,NO
0.30407867140350564,0.6140661458388978,26.57789603708213,1.0618063891829321,7.0,94.0,2.8562035650980757,4,188.16410776253858,22.08753015548456,378.80816435251626,18.156142858925147,20.728432097407307,NO
1.2222336412174717,20.43158281584341,4.220904693543863,2.139624258303411,9.0,95.0,2.9405375253393835,6,264.1253622021354,13.39767096198422,395.0617150918223,11.59827995708922,31.332263084368833,NO
4.6388924857883485,0.949374348800532,18.701071678958698,1.4846507257728732,5.0,88.0,2.8112852665108163,25,666.77718915698,21.060109333789296,355.228302985139,7.289899091621945,28.888463613637043,NO
0.323513454129445,0.8487511528009754,7.392505847840425,0.7841477864626779,8.0,96.0,6.321375156684415,4,233.69692320932094,18.598539942499375,397.8977681634121,31.668214852725644,15.380543669040813,NO
2.9186525996482295,1.3017478363634107,18.38594830447548,2.0621464358146824,6.0,42.0,4.900116427447326,24,667.2131152378959,21.12029939528691,393.2314261973245,11.32884202413821,22.319747770377493,NO
0.30943551462126395,95.65625677188602,3.7981942680176086,1.1725800286289831,8.0,33.0,5.15299854995493,5,224.86797166028018,15.022907256707372,390.87070900209335,3.1054708660127854,52.02517177726963,NO
1.0164896234876872,95.07594699721271,1.5870352140983055,0.6853738595228032,8.0,15.0,8.216925805664134,5,402.2516996324964,18.467335862611847,384.3782367108548,4.616412780936898,33.170517256903054,NO
0.25449553630280536,1.3720498319217136,5.894155068752075,1.0802250121062165,7.0,76.0,4.124209327809133,5,296.7469820203041,17.304045889121447,391.6628310730375,7.633978403836067,30.599195266374313,NO
0.7152468223858817,19.72806299592717,2.6813133231219743,3.166683148223772,7.0,66.0,5.063025985271241,2,297.13011858356975,15.750104179230739,397.14249619912414,5.692056677449036,24.75338813363492,NO
3.9535598868709774,0.013539014215500609,18.838059269946143,0.9813967687208833,9.0,84.0,2.1928475165004766,26,666.2882924191795,21.8628160961939,355.06876270939654,5.760318646939793,22.67344784079478,YES
2.356104185192504,25.289247635650025,6.239565003161147,1.0519407448555815,6.0,33.0,5.483726321393392,5,282.14039900234064,19.38501249203174,397.4543462470506,7.66832037396344,25.561091712033594,NO
4.024802191081363,1.1024334553978965,20.016923409761446,0.805843078331412,7.0,96.0,4.600727534238208,6,403.69035612676765,16.47458959429563,297.56853812810317,11.532161616276719,24.690415254219435,NO
0.5697211688579822,0.28951778846370807,6.586756323708556,1.5068759328125965,7.0,36.0,6.774738242494566,8,225.26471916344804,20.768737468240985,397.0053038068279,9.63124258502902,22.432122413366937,NO
8.420786826017482,0.8294424696535706,19.091760038818403,1.8267636289933473,8.0,99.0,2.2352065712201825,25,667.6222886457605,20.46416876959466,306.0567096134142,19.882390404558734,13.289310549956337,NO
0.8942624085342116,0.046164054705898225,26.642359062198704,1.8543282672584194,7.0,70.0,3.517311007111871,2,188.71418449517978,20.13733293716927,389.1749811015157,14.90749581249266,22.324792633550306,NO
0.6362026348350417,20.66420600245562,4.132132554300912,1.3859944340725052,8.0,53.0,3.3269370535109415,5,264.4157308649643,13.602929593189147,391.15841041707705,3.494004477132287,44.22130530333507,NO
5.538613980957535,0.12096333064186163,18.70684044478012,1.5998591221060887,7.0,101.0,1.6777249243309422,24,667.7268815910234,22.55946533527859,376.69075720014774,3.648634654281544,52.29093679503131,NO
1.8459724432861486,0.16343032020383313,11.520055267204075,2.7284863119331826,6.0,73.0,4.304587799791431,4,305.4323002154793,18.478377068361503,397.32253625140675,16.002392329660328,21.270761137011547,NO
2.9267440206592843,0.2723312128825604,18.499189543066393,3.2835489055694995,7.0,43.0,5.082655610185602,25,668.9199285515266,20.80820021020776,394.19984829203383,12.769254045432952,22.75631693477054,NO
0.11644575791349651,0.014750938024068336,3.949649606353672,1.8047770353857397,9.0,68.0,3.7198667760471134,3,270.2410467706565,17.845810089617967,393.1587539398888,8.949244079128372,22.98845106258031,NO
0.5687511079183591,20.189775499623416,4.098534165763494,0.7887914047698016,7.0,33.0,5.633044676296032,6,216.1164546515999,15.622217293115733,397.0141365366627,6.517377417330371,35.71680581577259,NO
2.120959927235207,2.0798088761735247,3.614364110036383,0.8881199755894991,7.0,59.0,3.261135194065171,4,193.45848544302726,19.109758724063482,397.7039893282781,6.272979690204551,37.50860144036084,NO
3.719207695317337,1.359250694928909,20.458088248130018,3.455389511187604,6.0,94.0,3.7565694398148057,6,404.0974535945397,15.456847686235285,357.59926207093866,29.558337541193723,18.405440847776617,NO
0.8785725340689027,60.026009806880836,2.970472137740821,1.172361018222491,7.0,20.0,6.71160954040333,2,266.73108299277055,16.55773731988976,377.1079752992743,6.056069943445067,30.203051843515723,NO
0.9435085558721342,14.134675096799164,9.465809614661355,0.9304009678938305,6.0,101.0,6.334718198651905,6,311.07852118354145,15.372007351934851,386.8132139908034,30.12838000338642,17.14421486684231,NO
0.847601756586417,36.07163888602735,1.5987384871367751,0.9324785606205469,8.0,49.0,7.683726589792891,2,284.10474643678896,16.158437532329653,394.8520732846142,5.674562184926895,33.4356175233437,NO
0.6966456269769015,81.298245399347,3.3059826456571515,1.8212808119054356,7.0,39.0,7.617739360152841,3,329.2493366639271,13.90544671091567,393.1266832388095,7.396176365797579,35.23714702554971,NO
5.7855271076162476,0.2558677875006749,18.94184068402457,2.131489589790273,7.0,98.0,1.4579392089234722,25,666.8772767218032,21.648825171682436,376.0234973257513,3.8822335936579475,50.356344508564874,YES
1.341981509377282,0.8613099984634763,19.939791220309946,1.7522720210656342,5.0,88.0,1.7739117201382903,5,403.0094622198042,15.09759861564363,343.3640841332602,13.648429172169877,16.710495614759356,YES
6.060277886344217,0.320116261631624,19.445772044584878,0.9628645198527858,7.0,88.0,2.7300589688824863,25,666.2193534030438,22.22421855749283,101.30668479616823,16.66843246330785,14.678146646880437,UNKNOWN
1.1580971215242792,0.15316318247372981,10.830129103413368,1.6082777978641563,6.0,96.0,3.101273699353195,7,432.88190803511225,19.995358028133097,397.07499503150274,18.18120111651648,18.81967022005844,NO
0.7681572071526472,0.44290206882425553,8.820002846372535,1.0451137112005182,8.0,62.0,6.1713478302951685,6,308.74074348005666,21.807684981048347,397.5708542946777,8.301197608258722,21.248153907588282,NO
0.092163660602288,1.7198507126258036,12.627561679424344,1.177625655535618,9.0,91.0,2.7874766967633393,2,275.1078694617176,21.326706399040276,397.83323495510166,5.850382905657366,24.15409684892245,NO
2.3162566123656876,20.812808877379148,7.80869708434945,0.7185537573297576,7.0,61.0,5.055555271628764,3,224.05274181686107,19.049418319184742,395.0121475897407,8.506572769748399,25.509318917285576,NO
1.2807239621078204,1.6219620922829336,6.419908735217191,0.7395468318965599,7.0,61.0,5.341415070572232,6,224.39359733320427,21.178882278394617,397.28548251278426,11.317996593810706,18.856968379119476,NO
1.1140485232526307,0.33467232311964945,23.865890643455568,1.6815015871463475,8.0,99.0,3.0293794256617215,5,438.0590428728333,22.61343580617385,392.62176392515164,22.9476049498759,13.592385333499902,NO
1.4946773641554354,1.103978342733065,22.445632173457735,2.520497044041212,8.0,99.0,2.525376735118601,6,403.1650048668545,15.213038874838967,364.78533968505553,5.587462720435281,41.46605559514928,NO
1.0523506602951223,1.2629706891371617,10.81650138121995,1.4390123434971565,7.0,55.0,5.535671726780677,4,277.04301515358594,19.338706227250423,395.0957528873337,12.001670135395434,24.613143537509504,NO
0.7043827729815203,0.8872245080874412,8.738090362512976,1.65043803841956,8.0,62.0,5.114506953216695,4,307.4422035336476,21.170264200577755,398.46306275851305,8.604599545763378,20.863112740070104,NO
1.5108564521914822,1.5265196548939486,10.33854190079217,1.2512111899766414,7.0,95.0,4.239975461975283,6,308.2675497556571,21.307337851528388,361.51868503517085,22.990790319246077,13.610901443276315,NO
9.20008109676207,0.060769123893572884,19.901890101178225,2.1530704677852412,7.0,98.0,3.301424579363143,26,667.1847451849742,21.21526687992986,379.0804889643722,18.789972246214745,19.27383451444242,YES
2.964175051120436,0.6067685418306854,10.363252786194474,1.4650151018123365,7.0,83.0,4.749862829150788,5,304.8178333017987,19.23692092238401,397.9683712070392,4.724197834263247,23.242780057189368,NO
0.3927257778418072,22.97639155717974,6.837559473959285,0.9060692001320306,8.0,7.0,10.918128241313825,7,330.0088967326233,20.78229700922576,386.17135451979374,4.3226754294443195,30.17832642347301,NO
1.4853184086454447,0.6120295810244074,14.151546460752522,1.9108761468325126,6.0,94.0,2.9686069339380787,5,276.1162374899601,16.63747942283205,397.97947285640095,18.285522617544338,21.833684042059538,YES
2.3874338275690223,25.170349875645446,5.461795381440805,0.5690623473708194,7.0,44.0,8.470759240496891,9,284.22474141893673,20.919375860665966,396.9764363361415,9.744503894591295,25.06050705072056,NO
9.991447959508418,0.7227990638836137,18.688365137651715,0.8054879262429272,7.0,100.0,2.379794122650571,24,666.3147710502861,20.68476774122088,399.54922467034004,18.762456258872287,16.044299221611865,NO
0.6961990048621234,1.9382323384102667,8.021220977753705,0.8343828013433381,6.0,75.0,5.735910387304402,5,287.91613517916716,20.004649031074184,392.32292811793747,12.208141449678138,19.64533011849725,NO
4.884842233825407,1.924515194127825,18.407741928811177,1.5635523361195807,7.0,88.0,2.9960037330426106,24,666.4428957872083,20.41400979436828,51.352535562930335,19.793624105726447,15.730728817195937,NO
0.43186761186163425,0.32061385836699796,4.662764956859871,1.062889326489629,7.0,49.0,9.917121595961286,4,352.24024897718664,20.05726061922064,386.54163987767873,10.897254618883185,19.57999562486284,NO
0.6549189420101897,70.48061927896306,2.769678899986545,1.3442418120206066,8.0,20.0,8.337391317059259,7,358.78952068717086,17.121292192131808,368.3757632094533,5.359449611939162,23.348171786652582,NO
1.3906015575510813,0.0637320899635615,21.94451900529483,1.0014544109167267,7.0,100.0,2.425719175462687,5,437.4468086619574,21.408781981844424,395.10698011815447,15.196276669977637,17.279014365949415,NO
1.3062596854896817,61.11668999800296,1.7143554321916266,1.581694011002367,7.0,37.0,12.428037130719986,4,411.33101697472614,19.571873957415423,371.6592119637416,5.7412832114317975,24.557091918237717,UNKNOWN
0.29739588743868844,0.9348813262538516,9.778618859617993,2.016112866913673,8.0,75.0,2.982768236073448,6,391.62534908698564,19.430480182579565,397.0480835184988,21.206344865119785,21.04282434667305,NO
0.7824179135575123,25.008073735832728,6.0003137712644765,0.8141237646488982,8.0,8.0,9.969826815966842,8,330.8052233065398,20.844773818802782,386.3916660977385,3.8109582538671787,29.788199108791368,NO
4.875903886087777,0.041324039705277114,20.139635154982045,1.0562337075838801,7.0,91.0,4.320915659688874,24,666.4506866642943,21.501472321733626,350.93542288703185,15.184149583486462,20.182883267779303,NO
0.6716930652510703,20.530021720776457,3.691105618936864,3.3603311275238825,8.0,66.0,5.511559511320083,6,217.2609391276598,15.760757819358238,387.41426514764555,4.467515214999944,45.954820238708116,NO
0.9087437445725424,0.82629478181209,7.766463761356272,0.5657508905352243,7.0,70.0,4.352603859534752,9,307.62985715877784,18.32906054718486,378.63072484141424,12.435276964189661,24.92200263041595,NO
0.6568180054203918,1.4238317950921957,6.04733372382068,0.4839040894966919,6.0,52.0,8.492477163389006,4,353.9573038605657,19.86098500581952,365.04736186829587,13.039126715695765,17.490965709805085,NO
0.20660200992186703,0.11754267469187855,10.612010794636927,0.5610500766458157,6.0,93.0,2.692357227905739,6,432.40407684174244,18.185542979380823,395.166149141046,16.809264032214163,20.287182615180818,NO
0.9550172224999924,1.0514948620982028,8.224061808141524,0.585442344004685,7.0,82.0,4.2909164289165425,4,308.53542519950923,21.355658180719967,389.38716925930635,14.873189353198182,17.87006632955459,NO
0.2000114364816552,1.4804216203106482,8.164089558434842,0.6945558163140678,9.0,3.0,6.015559465752269,3,234.2064311246589,18.313956828030282,385.5171687564243,5.688082597213074,27.098855598508816,NO
0.4583538947372358,0.12036215149513232,13.24645932258564,0.8720097965363914,7.0,76.0,4.969880987975019,6,399.05054396804746,19.05402361029821,374.3564613179973,13.65747919416749,20.524728320155074,NO
5.273730440586282,0.2613513503618047,18.55093994113625,1.4081574495576474,4.0,88.0,2.81738509589088,24,666.3862124187439,20.99492162787705,354.7144642080343,7.6234947030768705,28.658059432707258,NO
2.0090522888535784,21.489781374363744,3.972164222783592,2.1824647830032493,7.0,92.0,2.2685978284211155,6,265.3019346862331,13.15692891683746,390.5218895612654,9.22759289155291,36.97426055230622,NO
1.1332743892474364,41.62856318625152,6.976099188510338,1.2664612304759801,8.0,50.0,5.643799273901124,5,255.3566205880466,18.985933435878533,390.25211879739294,9.519959512494102,33.787827747432395,YES
6.955527863123714,2.2404221200707455,19.40840882749636,0.9463656793764683,7.0,94.0,2.835932838230697,26,667.172474585058,22.682939817291672,1.2278336717991707,18.317989794123452,13.460784753192042,NO
1.5513803363914926,2.30361201258376,7.439714282968421,1.0963966220727555,10.0,74.0,3.9060079391185987,8,307.255269668009,17.997412786285835,386.4195980150755,3.072846624087745,42.29301863163625,NO
1.5534745803833518,0.2983476252495334,4.0567636691819,2.1961527854277123,8.0,75.0,3.1806883088580586,6,298.29580788087935,18.397946619345376,393.46469341351724,7.010337850685378,30.386819354878206,NO
4.121409937217092,0.06715604686125375,19.149217882556826,1.5058512644979563,7.0,76.0,4.389142937412625,24,666.7677572827513,20.466778394652575,395.0477999423182,15.32913327655034,23.890498960433554,NO
1.1674567832185032,0.03323170066750589,2.4022015623986195,0.614881132373733,7.0,54.0,7.070900654142785,3,222.06121895323486,19.60871174712143,397.09848020797915,5.336013392020764,38.01512383160155,NO
6.502264488055019,0.5221581595116872,18.80665033486347,1.7258426519606918,7.0,98.0,4.390048197244113,25,666.406107094481,21.406650051303924,356.5472313240863,18.20107929923092,15.911096462481389,NO
0.8159939090012247,0.8085843026161458,26.201782041531935,0.6359323815392952,6.0,95.0,2.3918680516855004,2,188.22895005897493,20.799441012100093,378.6818747681464,19.005966262294965,20.725276573263837,NO
1.6542779689108453,1.1947140062204238,20.43453848686075,0.8517688475913668,7.0,102.0,1.8258236609206084,6,403.8026670340538,15.405439432760293,354.8039866696255,7.170034525665129,25.37233172735428,NO
0.8522593537680527,0.21690906036886795,7.242260702758611,0.5696895650624276,9.0,79.0,4.090614557524895,10,307.77529454663323,18.11191035901752,386.7410324432403,6.533997561391386,45.44330536434686,NO
2.43485409437267,1.4158778443876372,9.66185279057315,2.150863471053717,7.0,93.0,4.441685762746897,6,309.2178748542141,23.727689730901115,398.29824728948466,18.966939528460745,16.05861221992923,NO
1.621661233140274,0.04226779199100512,6.482716896614566,0.6896764842777793,7.0,22.0,3.992571227187711,11,308.38183504696525,18.48456904312519,381.2405342935689,5.383308963835774,32.27812948656931,NO
0.611247111421936,0.2346439646857855,7.006188703103416,0.7426486966206589,6.0,7.0,7.208834527776687,4,233.29401249069946,17.98032377116469,394.6996262312258,9.352340364608654,25.008049244073817,NO
0.2869402159010563,57.32942739638158,4.260249173168905,0.6878292944948479,8.0,29.0,6.783562802925195,5,371.2821944318593,17.820769457282413,388.06595663698664,6.167839294558595,31.62372713993503,NO
0.3560586176605543,81.4388095348644,1.9521065583336232,0.5475450042682148,8.0,35.0,7.5104729965346255,3,330.1423179887105,13.217851307416062,397.279357940322,5.372385552464534,34.23661103921376,NO
0.45106845235951604,30.723980001478324,5.5145222492433605,1.7251565694824906,8.0,42.0,7.366288098242549,6,301.2955523356759,17.326743797344275,385.7975133361645,8.020712043486261,24.66487963741419,NO
6.094098785761586,0.6502299592149776,18.86694259058954,0.7539860978833738,7.0,91.0,2.8404183621306336,24,667.2377320787384,20.237719403978524,256.38826079939724,17.384637758231882,17.30024668138798,NO
2.224379892107265,0.5465091188440674,5.127998847513696,0.7194985314831176,6.0,45.0,5.570629881100202,3,247.46177268099837,18.80987379387448,396.6185216992032,14.423224164383559,23.14060464712788,NO
2.852637885613756,0.05835907871759598,19.669503390839946,1.0706436471579956,7.0,100.0,2.3574962089986373,7,404.3739230737916,14.850851054271628,263.01901277601894,17.069913288683676,19.551392111803903,NO
0.3950992346986114,80.46282463901035,1.5536748566731,0.9965014721940919,8.0,37.0,7.391550778894892,3,330.2729314273509,13.286966833309952,355.45025847608855,8.853270381187206,31.202098200510132,NO
1.7278270217337468,1.2307924605926581,22.009610291920975,0.9601304276644214,7.0,98.0,2.9874058373009027,4,438.224849111262,22.6763328747565,398.19517542184326,12.922154258642749,19.636166352513175,NO
6.449335708666334,0.05053827904093944,18.337594763837856,1.5943708361456963,7.0,88.0,2.365531199198337,26,666.2411262969694,20.64179210393423,101.09357778094963,16.987873934470247,16.149730741077033,UNKNOWN
0.6260477120472802,1.176388062145488,6.490304113383901,1.3896040969874288,8.0,78.0,3.2187415091252807,10,307.14737790797824,19.861917782834933,385.2845045014615,5.6177398525788025,44.820590947266226,NO
0.935338593304289,0.8359127693973598,4.676973560234458,0.932067330109267,7.0,71.0,2.8721411355396236,7,296.24958764985746,18.41527334098356,393.76312417729423,10.831579679321724,24.4016879606685,UNKNOWN
0.33501934000535816,90.8177458901092,1.4829678121318575,1.4033287588330845,7.0,23.0,10.778329514018811,6,226.1511778794099,17.98524038224486,396.66667928465085,5.7328096608274155,36.49302021526389,NO
0.8659940603119023,33.49475835100233,2.484572518910362,2.5910737819919256,8.0,71.0,3.96993013433424,8,224.32760683560844,20.27347008347591,397.050601457837,8.800289197316856,28.29281701061776,NO
10.836454876409096,1.2304254219754094,18.925266545936264,1.8058138905937708,6.0,79.0,2.090199632491314,25,666.3831642310647,20.398694091633345,338.4805094900757,30.337599647687917,7.5483566420426325,NO
0.17403198085753924,0.8968530278977628,4.436406718983295,1.3149145570031968,7.0,89.0,4.548412463567109,5,296.6592488994953,16.946531931108915,397.2762380996608,14.99947561507218,23.38857204900542,NO
9.885052636305417,0.01696886916348264,19.42239291146667,2.284294017033929,7.0,98.0,2.3075480855484316,27,666.8011802355429,20.22540073032532,387.47654470578095,20.01552713997281,17.344102257785952,NO
5.398660872421063,0.7043208164861009,19.189437367611415,1.2030721882867157,8.0,42.0,4.834193099911219,24,666.7673461756639,20.251214273746452,393.5287255626804,11.926710252814607,22.590214432987388,NO
5.490922372690056,0.8254429055358711,20.07314561134091,1.5230785128395352,7.0,87.0,2.8535599216330954,24,666.1382790007027,20.223282858489217,52.425689906059525,18.733840791132764,15.386021677897427,NO
0.22769278353813452,85.00866856517533,4.780257444098227,0.6914685596026688,7.0,28.0,8.877399297285807,5,351.5864833206144,18.0159941822689,392.98226550028767,6.991483414406391,23.220254953373537,NO
2.8174889699649177,0.3654535968973395,20.946578645671604,1.85319310696937,6.0,100.0,4.020415059044202,6,403.0386481055541,15.039720306724604,353.9144131421788,7.975651895712735,25.67961394351208,NO
1.508716970631094,1.8138868567542956,3.2059880238726146,1.0573711747517383,6.0,90.0,4.0054975713666865,4,193.38044409029425,18.49531508206069,391.51246164313847,14.556797308672621,27.182921286353466,NO
0.32373772552659563,1.0653330281336946,8.214238849624895,2.649149946289639,7.0,33.0,6.457119119137545,3,234.41864127390406,20.238654175082683,397.8096218653044,15.726423174943163,20.485593671327162,NO
0.9154785129768686,34.007314783963615,6.24684246715707,0.5046015833740674,8.0,41.0,6.12929549047144,8,329.88430788539523,16.22183454092841,395.9955510993566,10.237635901636496,22.84855042061911,UNKNOWN
1.8670582688166117,0.05290659175328826,8.77861905561195,1.4014706746904977,6.0,96.0,4.076199129947899,5,307.7543447094126,21.36308667470693,359.27290659050226,20.19431307692257,13.367681293374034,NO
0.1627230507789444,0.5097369887179596,3.7735982945837,0.9678484202796354,7.0,75.0,3.7943722438765346,3,270.89406933566687,19.639167279950886,394.2149185636042,9.924345321765585,22.80579446673848,NO
0.829613671258643,70.4000708456146,4.659116441343917,0.7018077765311008,6.0,21.0,8.527592357390594,7,359.62079564867844,15.16166619815398,368.3059789774878,5.6592020301563295,24.240056328216664,NO
0.1010660701622362,0.07900935888422221,14.81041980589941,1.7587916340949106,7.0,42.0,6.79914751572832,4,290.5499828441678,16.036990514158457,397.633709468184,12.074820038124628,21.963060771998702,NO
1.044041570844046,29.19444466975124,15.723456719341069,1.6576282303418115,8.0,78.0,5.5908910632738715,5,270.22851422466,19.355514789512117,397.1230649632427,11.143825022595264,21.823759957181302,NO
5.3915734666843,0.05048218947367836,20.28316595575404,1.861661207710499,8.0,102.0,1.6987436930512716,5,403.35016791878405,15.142674950527901,262.48889644904887,16.885234872025098,19.636048831631285,NO
4.948192319728008,0.35582662462231385,18.544015283828013,1.0666177593725361,7.0,96.0,3.806998189042109,25,666.0428477861371,20.462094392766303,331.37982249043654,21.769572292830006,19.244510793742936,NO
0.6982437489088789,0.8666632720657287,6.818083230722866,0.6247840895031312,7.0,31.0,4.039695213771479,6,279.72694544096555,19.669746363346825,393.44571628175385,11.532614270367167,25.514983137538763,NO
0.8318715757821841,0.8550318487649236,21.967301009865604,1.7908979714070163,7.0,-2.0,3.3030481197740387,4,437.45728062932164,21.435005636826755,385.80936951758247,11.180925383875204,23.208925389163763,NO
6.968528132870637,0.7087851250552198,19.151009636628785,3.748158356052314,6.0,83.0,4.2226437322460235,25,666.3694969386775,21.583815348425006,379.7826114456925,19.30704212578471,24.994321090816623,NO
0.19640589497062008,2.0430302929546795,15.61814914377308,1.332751775048316,7.0,57.0,3.555246143180233,5,276.2044826940891,16.84418444793994,393.30051395934873,14.708757546037301,25.147028716845963,YES
1.1658080942395954,1.018621427222199,10.162191093696526,0.805301322434961,6.0,66.0,2.8378402616769174,7,391.2382029946259,20.399624888892443,397.3584600955626,13.390239225585875,21.70178852387316,NO
2.1022381222387043,0.5966076166556586,7.043233809234257,0.5294280326193899,10.0,84.0,3.2041189409902318,8,307.5051939929189,18.499126943544546,383.052801144986,5.168715701093331,50.105590851048255,NO
1.1008330199533671,0.5608441246660083,4.575905729180848,0.8415959921427124,9.0,77.0,3.5874748893316117,3,277.9200313802259,18.15572528543837,397.2517406405194,4.922493352670591,40.44271984574434,NO
0.9418833482844817,21.451341540401543,6.358158006784897,1.719483398645156,7.0,22.0,6.867368316159019,5,243.0236486527613,17.545389720252587,398.1115920554471,6.305980249939776,25.600517310754338,NO
0.16196395785115875,70.08749385824471,2.9445614109868705,0.5945525266554588,8.0,48.0,8.473040116824624,5,358.36014228671553,16.38393124911514,391.78827288084926,6.448809530653343,24.919754575407328,NO
0.8457969145837513,1.0191677401722115,8.327178979168334,1.038388575377617,7.0,46.0,5.651292651044418,6,287.6291289651805,20.17081386196994,397.7586269854458,13.782226059626023,24.054747886648215,NO
0.5561841287097709,0.7971930026947988,5.034025312141723,1.1475624131313054,7.0,34.0,3.1371325551388223,5,296.1287007348684,17.92375522160498,392.81659427823905,5.514346339308236,29.77585811233882,NO
1.8822336078470803,20.160858874116844,4.551728563456762,0.9420965373182686,9.0,92.0,2.7059601073731594,6,264.6828217002943,13.721019880001872,387.71011956448734,6.555708590485306,49.16600811818121,NO
1.0487498486616318,22.140543759442675,7.863215592113567,1.1627879821664109,8.0,9.0,9.076031320658775,7,330.3260069461757,21.31265457565767,386.4431740323385,4.997733369446803,31.00059939321354,NO
0.3042541264085402,0.05800760628148216,12.567792762516138,2.3476050131475508,7.0,83.0,4.089217256832782,5,304.32402618025293,19.358484152889407,393.70397613026967,8.276716825807695,22.820561834583682,NO
0.5426152593246694,0.1082848905767636,6.818634984616236,1.5161633267285,7.0,68.0,4.270112469924497,8,307.3212828695769,17.849451829300797,360.26265268032915,8.79507552906142,29.349300022969864,YES
1.0434411389790683,1.1158244430852657,9.5844466036846,2.7749010462573898,6.0,38.0,3.8271372941913815,6,309.5040244238923,21.30960515839013,289.8211553727755,11.81850951907688,21.885634257924675,NO
1.3338233452460646,81.32988325476597,2.8928064454281395,2.3354528482191026,7.0,20.0,11.965006527247073,4,335.32103931721485,22.670107782551998,376.7503410247922,6.528857541258342,21.565526087046027,NO
1.3535233951459062,2.3813034067230867,9.643885212759711,1.4496968576252376,6.0,64.0,5.14016147101732,4,307.5464819028319,21.082708290011787,397.80043714800405,9.590464441741837,20.47064248520027,NO
9.551900430171106,0.5653638266691097,20.01992286880838,1.4126149859691117,7.0,101.0,3.8006052164864936,24,666.3233269959411,20.408111246950796,376.61807369387543,17.308276350934232,19.266407491259933,NO
5.897567144189916,0.7146066652725548,18.940836762571188,0.9636580740423298,8.0,91.0,4.3652779981352134,24,666.3904210959481,20.746599515422957,393.99938200193435,11.709426037622167,20.6251462054063,NO
0.23740728231618932,1.0788005689733617,10.318312197080163,1.539954056589408,7.0,96.0,3.3290275392225057,7,433.66054662969253,18.29520940707155,398.6020079573623,17.7129937777283,19.71993800613952,NO
0.2535814023811084,12.640630905988482,8.029545911291232,1.769549667017949,7.0,39.0,6.21865772085912,6,312.7514192163659,16.236076669712848,390.61628674752745,16.492673980398628,22.372386125658117,NO
0.1433132988441709,53.55028850841244,5.83082112258674,0.40980268690966704,7.0,24.0,8.167210766239702,6,293.11318152710083,17.22473575710778,372.90326669789124,10.31755913440427,26.631225174868277,NO
0.412262479462097,25.97797134850728,5.262098116091321,0.695804296283252,6.0,66.0,9.328565336514659,9,285.9482624489669,21.854699909978255,395.4950846270509,13.304622092938375,19.815952592748467,NO
0.23835446225683332,0.042231754761123064,10.764445850319778,0.6447835651317675,8.0,54.0,5.608300858780338,6,277.60216494582716,20.059923517398673,395.5171435718263,11.025974066368134,24.465155213629096,NO
2.155486603168015,35.16987290569367,7.8354606408790435,0.7183947711790558,7.0,30.0,6.90393706301941,1,304.9572836613934,17.00407449246586,394.08159871166697,12.573000098038792,18.53591780983394,NO
0.47754469401479904,25.08571821693962,6.114267082864814,0.9605718359258026,7.0,67.0,7.6008742924744395,9,285.7227037684105,20.23261867207012,396.50041290714125,13.548353693642284,19.899021773140102,NO
0.6367273009986103,22.79401699229411,7.333790561750658,0.9878138396112657,7.0,49.0,9.83763617342687,9,330.4254473362895,20.922049905267393,375.7021165252468,10.512696502881298,26.43083453838738,NO
0.7305480219278903,0.9889554782193287,8.49295001537485,2.0603189412474583,7.0,70.0,4.932514574543442,5,307.6447324836562,22.668154007176867,392.12553991214423,12.393615810503597,19.521799287948305,NO
0.7522000638128534,0.10465787216436152,26.13092118064489,1.6234227427329553,6.0,70.0,2.6667133961094223,2,188.29426193951676,20.519787320419837,389.56542307198094,14.903009532415751,23.116945182628697,NO
0.22254317424843445,83.83986604983637,2.1269586363944413,0.9659430391352639,7.0,40.0,6.721627093408212,2,348.45402628552364,14.783239011138157,394.1737679836038,9.058068600439439,24.312900414595166,NO
1.9762929695690377,0.2418802071105968,8.43017106041726,1.0680205547597241,7.0,84.0,5.709314697457415,4,308.3375388710383,22.033057466741973,387.3391699786708,16.333559082773526,19.138464553346353,NO
0.2939937780245656,13.865513685395912,6.583700768273364,1.418828998644987,7.0,34.0,6.703967513674289,5,346.5895814560458,20.973040570235156,397.33834027104473,9.68172678119294,22.58354192273353,UNKNOWN
2.2652592498798834,1.100691827379587,8.39689487655881,1.6792385163008905,6.0,99.0,4.144814557534091,5,307.964457380437,21.44686981631784,376.98970569085077,21.393774241001626,13.614523067282779,NO
6.262714440241164,1.0235527887955318,19.35178176498322,1.602440103720413,7.0,88.0,2.539789780026492,24,666.2672530804607,20.8210985099367,51.700456445586234,19.500783762575892,14.365291466339762,NO
1.4369857571648414,30.217501150920313,5.35043604171037,1.290015257109785,7.0,65.0,6.433037583170456,7,300.6344981504941,16.894939534056622,395.1189848941531,12.988539827204898,20.274848303002926,NO
7.458738229409332,0.5739535641930814,18.3270260268119,0.8974625716971093,7.0,79.0,3.365039833673978,26,667.7791519301861,21.87115921016292,96.90633900273652,21.611480622973176,12.284406521299996,NO
0.5683467104190365,34.601628569354105,2.827850359096668,2.9522909240110784,7.0,59.0,3.689948850158441,8,223.77261647028294,19.327266103559143,393.58700467377275,9.14330387604089,29.4906528369526,NO
0.26573852278899246,2.561158173299372,9.495741963037158,1.7603210811027696,7.0,55.0,5.8089070838424375,6,288.41613848759454,19.865446885987584,397.5169886701194,7.596730953280572,23.76345556603655,NO
0.4168077162357414,40.31717783197372,1.6312432166212354,0.8845638620256164,8.0,36.0,8.862768613924892,2,335.2219699014916,20.039336843700863,389.919146257022,6.582455252659018,28.955264472520184,NO
1.1242745122989612,1.5163639994176235,8.679616784378595,0.9500100140582369,7.0,91.0,3.1694235488513955,7,385.47148611198804,21.40155187177724,391.9614030309475,15.688248851269828,19.69524263384399,NO
0.44435128832508547,0.29584646568854933,11.276678435104378,0.8321803612872346,8.0,82.0,2.9148903776117,8,433.0674012711555,17.800667030472358,396.741794834096,11.471840733211117,22.87496162888616,NO
0.2526613889775251,60.28468460052042,3.2842044582720824,0.6848090097583739,7.0,11.0,6.524070703002834,1,265.0528023848373,17.110259726817503,395.3776376854746,6.41181491049423,31.918504994829444,NO
7.308246748789215,2.122478211420093,19.293213115643436,1.560650177559242,-1.0,98.0,3.7672570578367153,24,666.1719655512594,20.51318358064236,392.46018712631223,3.929752356293408,51.4341436336972,YES
0.5745775427543348,0.6154106223080781,12.2809471513393,1.5907207786140964,7.0,91.0,2.7905120563178096,3,273.73682963527745,21.761245081455044,398.0214179205709,5.958775701590521,24.171287389865377,NO
1.193784163600307,0.47366251975829216,4.6745294769361205,2.9065734826809972,8.0,87.0,4.06045463452118,3,270.17164248786,18.850642751051314,397.6939581772979,7.309710904996916,24.998962541019516,NO
0.2747194308448131,25.148056068506527,5.572383511747962,0.8777132476699587,7.0,33.0,6.3791863510791895,4,281.05878006435074,20.39251402584017,397.7497881114737,8.102611661349444,24.81590986042822,NO
7.196186618419821,0.46261076975122384,19.452996160511628,1.829186971324571,7.0,96.0,2.8116022736909407,25,666.1346222011176,20.802059272371693,1.0820502938766252,18.866358253276893,15.795317439889736,NO
0.9363085972832363,0.5790625091033412,8.594423935905166,0.7017080005164744,8.0,29.0,5.6809128031184875,7,287.75400796277495,19.922207066151387,397.5318166087797,7.022243658767385,23.256421036531137,NO
1.1336697387998944,0.0740163200813436,6.890587737651628,1.7579521204199406,10.0,78.0,3.4615340207929917,9,307.19727442536225,17.93344532749104,386.51018554822315,4.288655774988228,47.70855552986994,NO
0.41792206616061073,45.71183282561963,3.4594179988884863,1.5563413673799253,8.0,43.0,4.319424855304045,6,398.2417438158805,16.208038729437902,394.2411899465816,8.550180600088856,32.54325954364842,NO
1.000698436985728,2.0602718530332815,5.9314242211201345,1.1194402552336695,7.0,48.0,7.9715190877723625,5,225.17528966769922,20.552766973748575,397.8760027918946,10.425285107369085,20.286499192227804,NO
7.001209708412691,0.3774462192795537,18.82463822213307,1.5260318376178428,9.0,99.0,1.4956278391852325,25,666.5996944008141,21.77494477316424,375.6247525923036,3.9338368296451827,51.216373009526464,YES
0.43693518693488653,0.6901817447241888,3.538796718960017,1.3565620451199214,8.0,33.0,6.540783603512571,5,430.2132131554001,18.02862512304838,369.89246003185525,10.936918295534316,21.474458858905123,NO
1.1041464701568493,1.742136295342079,7.160411655380494,0.7315399252478341,8.0,18.0,4.716003879566224,8,307.89660739468195,17.479119397364244,377.73194078870097,4.566511768896998,46.73726386134373,NO
1.1366587616653445,0.11716625714159547,3.55442977491817,0.9685880014541173,9.0,63.0,4.730414935431881,2,270.6700222591656,19.766126985237854,397.0913044652365,6.94092736926138,29.1213197539926,NO
5.109228773101792,1.466110971337608,20.08378465229904,2.375341847564528,7.0,101.0,1.6199471208039313,5,403.60463912718376,17.01906180043827,398.0784023715189,27.37085125243131,15.623516080736756,NO
7.072996831756274,1.2591269057751844,19.31587667966786,1.2829410196082924,6.0,98.0,2.2974946808492622,25,666.007866524091,21.53829013876771,304.2206561100719,25.17158273835172,13.338436306901823,NO
1.9674728928915122,1.4504145475526895,19.972854293624817,2.0530755823764997,9.0,92.0,2.5268881377403547,5,403.06279399465944,15.159624371390754,375.8133193824499,2.5754893270479875,51.46826343154832,NO
0.7020742817542697,0.5088578390972455,7.408762188808779,1.444376839370336,8.0,67.0,4.301609735759703,9,307.2315633387464,18.021592499339135,360.2559369820414,9.682313930875196,29.957875296064305,YES
1.4650239309187478,17.61240802102405,2.082362355369306,1.4950385078539763,8.0,61.0,10.09832152370303,3,216.2631893035386,20.05662431419807,393.7872511207795,9.261425427393958,33.954185669315535,NO
6.383577830938508,0.35013053667766597,18.361644203341832,1.8097038100064646,8.0,77.0,3.9923199559986875,25,666.2470934050222,21.64838585005379,397.4207547649539,7.895703717323453,25.52871424397544,NO
1.0913511120945134,61.22701020527648,2.2379245823270804,1.8105335155980842,6.0,19.0,11.242630280182969,5,411.2458238812508,18.83050436451344,392.72093528299973,8.560426072038815,19.866269678247015,NO
0.9686583000455193,1.7831381130855906,4.429115627461561,0.6332002294891736,9.0,77.0,3.9636869264833425,3,277.2995436925208,18.405978049249633,397.2837151531044,5.102998094314008,39.184682579884935,NO
0.6061183053108405,0.47464072680259844,10.713125590803376,1.0233778898788852,7.0,71.0,3.8360652457222124,6,391.9044867330982,20.318121463074675,397.5955539536969,15.036546136218071,18.51696688909846,NO
0.6847250113033418,1.0605207556225895,7.294729602493296,0.744276485093009,7.0,81.0,4.540938094157029,8,307.58651050305843,17.89564798490554,398.424220355683,8.01738414657297,30.648001272819194,NO
0.12484058475695273,53.10303576175353,5.3986686775323145,0.573412036690393,7.0,24.0,7.3633339274715315,6,293.78476366781143,17.605081025941754,372.3813470182759,11.038848472796907,26.800531268735913,NO
1.9644864205934858,1.573627147218764,20.13538968040227,1.214515504748067,8.0,100.0,3.4041785904933297,6,403.998141763257,15.183705145757214,391.0294517523116,2.5654441284189,50.676063790973544,YES
2.5317089647242548,54.67557491421079,5.558294094836762,2.3148657083103408,7.0,31.0,7.9679000892429634,6,293.4933764834807,16.744192378877425,396.91349866675455,7.266156672098545,24.908810202268565,NO
4.174726095240479,1.6474017692563176,18.409764064329988,0.8387984527263024,7.0,85.0,3.0401857556120158,25,666.1795266368716,20.94809156835469,22.121419704481987,17.692525586866836,19.137307544946133,NO
0.3587761979852454,25.66538036699086,5.080091051636886,0.692954895326432,8.0,48.0,5.939668509442891,4,281.84481053058784,20.275722329417206,391.71937919920634,8.150092471241807,24.02636904874864,NO
1.4215105634766698,23.77361681675661,5.970390049796289,2.3492076366980443,7.0,14.0,7.944925399312932,8,330.59789555342485,19.38438871617262,396.2893748004623,6.275597817098795,24.710969059531866,NO
0.27863661613359963,0.09284654915095836,3.01905124147791,1.2531793391939887,6.0,70.0,5.288437241382233,2,276.8068671553119,18.074033677497162,392.0012015811353,13.490638650645096,22.190808464319733,NO
0.15661950590709595,62.209427416532186,3.032113310724203,0.5204444503545264,8.0,37.0,12.205627164533517,5,412.3078166952114,20.463505718530218,372.4301998049853,6.101260292727366,24.402073941892493,UNKNOWN
9.625840047324056,2.314031674474203,18.805918178902488,2.4327003419020676,6.0,81.0,3.1210259222445385,25,666.3885677998763,22.535996142182704,3.761963784850471,18.138530350230727,13.519666580614746,NO
0.9023287286601969,0.8430414141433472,22.120458159856447,2.247104561799233,7.0,97.0,2.66150757654637,4,437.24226804324366,21.89688155718487,393.1651438466679,18.38476021496684,17.73803658329632,NO
0.8324952690861291,1.5993175060755982,6.216529960484049,1.4758120327923874,8.0,81.0,3.4734669824928948,9,307.72308224210315,17.852975622387927,397.9369513248832,8.365926994821404,30.687386641515666,NO
0.6285195369297214,60.90211948787716,3.2648397718828788,0.4257900359138527,7.0,11.0,7.12240795468142,3,265.55853899632245,15.870259729489241,393.977599499558,5.533616842622602,31.123958745408213,NO
2.8038549300518834,1.7113636578075107,8.699743111838746,1.4159123312966513,6.0,86.0,4.624648952611733,4,308.46798133080426,22.325375421327657,380.84252745886806,10.566075768339978,19.45954656680893,NO
0.7700139475462418,1.51165914958501,22.515051886219638,1.0332324146936305,8.0,-2.0,2.4766656597929053,4,438.82645952069436,21.569563351364323,386.5514442837525,12.062282029038627,24.281019445928898,NO
4.901610248473168,0.2873332594999088,18.54395432753638,0.6249953219841757,7.0,84.0,3.268370921787544,26,666.2059893476626,20.875833696784817,397.0942721204735,17.257242915110822,20.241955842724842,NO
8.88871653095001,0.07884393010289487,18.983973427227074,1.697592200382564,6.0,96.0,3.4519876478304106,26,667.3527967404215,21.922330960530186,352.89381045918054,18.880216887723595,13.979017311549674,NO
0.3499052452972779,20.88515217127904,7.36804693237584,0.975290774785788,7.0,60.0,4.447189280529508,4,223.81236819756893,19.422602249759375,395.5309838825173,7.993529275920152,24.572242222735095,NO
0.4858661252230173,0.7206053867519443,12.162323319649497,1.6306205593636687,5.0,10.0,4.149889236743061,6,278.1323819501254,18.805969416942126,349.5689276549603,30.855930280860328,24.373974317877483,NO
0.6620391299929695,0.3422000261605466,11.560178504043611,1.5539709330470632,7.0,95.0,3.193987302707405,7,434.0931069273421,19.78252089891215,397.62117402853863,17.434754768750995,18.715679903316527,NO
0.41653199042299655,0.7994015847075067,4.781331740515706,0.8956152048377336,7.0,48.0,4.750083021979156,7,296.091723104507,18.42609325135484,393.96503431542766,10.211342338423979,23.62019678209344,NO
2.2593813723097695,0.9902242660803654,20.569061637372275,2.0320209954742383,6.0,95.0,3.726858171933856,6,404.90760940150693,15.493798930407776,293.2094397221762,16.646787700816073,17.946769049371994,NO
1.873746312824153,0.6523977044652822,22.029855661510478,2.3311667688268383,7.0,98.0,3.453141184433301,4,437.11080879502015,22.635090989258252,396.90332472122844,13.169117390939832,19.617256629282018,NO
0.5096225818221659,1.7314739920053437,13.826549792192225,1.0539353423130962,8.0,92.0,2.242269799234224,2,274.6357678934929,21.684771599418948,397.3501841135497,6.540892788116678,25.877869370117256,NO
1.5370932694225867,0.266175380882247,19.73590595547062,1.149733165701274,6.0,93.0,2.016498726504414,6,403.82971921921313,15.174492878725308,339.97235434075856,6.714189454594544,27.305282994439644,YES
2.046671480710926,0.24463672612041124,13.285807703556745,1.587706868694516,7.0,54.0,5.258759646899396,5,398.53014836255846,20.17949047900644,387.4337937327085,12.74916531717269,21.90428796285,NO
9.573399376816116,0.220229851249337,20.375909118266602,0.611464120471374,6.0,72.0,2.1525829303668567,25,666.9575416300132,21.83636953365111,4.195678202206577,17.761039828963867,12.405333888472372,NO
0.10477041518516,60.77061208130076,3.4882456383359255,1.3039151852503092,7.0,11.0,7.483045197674541,2,265.19481189343753,16.390863671593873,393.7559550924512,5.4506295646244025,31.658777210134822,NO
2.0140607025223605,0.6606155522025215,19.98625377890664,1.2818879050274778,6.0,101.0,2.1709728679480937,7,404.33883395355474,14.970580824572288,342.12717668040995,13.76915968884396,20.11194902067875,NO
1.3052298203952484,1.0321898118741613,6.765615369942279,1.2818005115049291,9.0,71.0,4.476720051786645,10,308.1426293015362,18.080960565641302,380.8428878195509,4.3845274092811675,49.741531863720496,NO
10.046061361874257,0.3462561059459141,20.084176436929628,1.937047722899739,7.0,100.0,1.5554201690265885,25,666.2070080152913,22.419126283558754,398.16581601795826,22.463874200129194,14.003925469617233,NO
1.79311274230535,60.49519584254726,3.2059547560690342,1.039934759162242,8.0,19.0,7.381037932761254,1,265.02774138730547,16.1211686007117,376.94967456043804,4.973912614517624,30.15694213119994,NO
0.31694592478676686,0.3158554292218382,7.878858320267,0.8307041262549979,7.0,44.0,6.4440264917443955,6,287.04068581990174,20.265808652473467,397.85835249623545,14.284406430368504,22.92759247460827,NO
0.5003894222219097,0.038758307874471265,7.9716794388572785,2.181550391789866,7.0,95.0,6.367965258309092,3,233.2222337692374,18.822775703684826,397.21815594712797,30.969041828876033,15.206598961542515,NO
0.11402044426681884,30.30496803111334,5.206820949081285,0.855565126224666,7.0,66.0,7.495460762043885,7,301.072393473098,16.75675481937446,396.1708309695854,13.130646571839812,20.859213423388873,NO
1.1237519523530692,2.506942824601749,9.400304718444882,0.8324285339269331,6.0,62.0,4.775660028332781,4,307.38467851832405,23.060451371786073,397.1181630891181,8.33442806019373,20.599641102002913,NO
0.21492966775980377,0.9403331758308954,15.17364601093348,0.7664676867741864,7.0,32.0,6.068935508488534,4,289.64286853987574,16.32215114331025,397.6707656772693,6.299798319638882,28.956531887499757,NO
1.173086022289469,1.1940007478056596,10.381652012762165,1.8287796610551472,6.0,91.0,3.3093112484120546,5,305.33064235131076,18.83182402128749,396.8452660998005,12.63338233602413,19.67172539488498,NO
1.4671256032927809,20.44985338568687,5.233201740711387,0.7011178779557219,8.0,95.0,3.2727906607118076,5,266.36191320063216,13.05741952862434,394.43134032972176,12.51520086434022,32.05220266494816,NO
6.596556472812645,1.7305217398675277,18.55149816576374,2.0299330778536526,7.0,92.0,3.6628841989084884,24,666.5921518189471,20.52662311449533,395.42917490029294,10.35773047926146,20.92655809887307,NO
0.23802688739998312,0.49528767341462854,12.500222757028789,0.6445367813933388,9.0,89.0,2.633594428471204,1,273.8293813298641,22.510451332664598,394.30257025690133,7.154781608557403,22.67589753419789,NO
0.8501365234352611,61.833703621515646,4.915989840786582,1.4790414361178328,9.0,11.0,8.999531745107515,2,265.00558808604274,16.201699898225122,394.96173072550704,5.756139736240424,31.81276886382761,NO
1.7779897791784864,55.34742182391982,3.787723043891706,0.568778687111337,8.0,33.0,8.695477282785394,1,300.1772404528976,15.674535147347006,394.9009649426919,9.009596095971677,22.70810632187214,NO
1.737709977044381,0.21160692334571918,7.231500788792148,1.8237280415984163,7.0,81.0,3.835039263197353,9,309.27015066986814,18.0235833353022,398.96917860463844,7.889581466538092,30.46552400796203,NO
10.150546781471466,1.0017998377230404,18.420785720948583,1.1307901444744393,6.0,79.0,3.104255533490125,24,667.4720878345013,22.051862947310944,338.2348201877003,31.30222184358434,7.147238148189181,NO
0.7072996030685625,80.47017831765893,2.5918080200551374,0.42719773930458355,6.0,22.0,11.639709651708666,5,334.87561048192146,23.115547124691975,383.8521355041327,8.895644705617599,19.345501235506767,NO
1.2603476131305786,2.56883877769396,10.429947343553074,0.97783082644551,6.0,83.0,5.905352162456096,5,307.142467712178,21.337685199150307,387.3281996086729,15.352609386727867,17.912845552748163,NO
1.502852574855011,0.292957416672837,10.690557219580674,0.6520481590469828,-1.0,73.0,4.542948031533863,6,277.4626321600586,19.69323741837691,389.8984176921176,19.806492069299022,22.94228223537076,UNKNOWN
1.509373715396271,54.59949542927149,5.668265748288442,0.6895304791497494,8.0,32.0,7.861772595759,6,293.6809685638635,17.302151505510402,398.04718983702924,7.374858935160092,24.14595359652627,NO
0.23052320648239316,13.257635386697732,6.290202795433318,2.571041626445117,6.0,37.0,6.562518205139445,5,345.4453637238533,20.88233778832609,397.4143132691773,13.240735843780321,17.924871002568914,NO
1.4995783655816033,0.4147130540748461,9.859531948020644,1.320802921960369,7.0,95.0,4.898909461539586,5,308.84761166392383,22.733125234933603,394.893891675751,17.212605583443697,15.902707707774113,NO
1.100060203764069,22.523618180463785,5.907164027998908,1.9381210732467817,7.0,77.0,8.883981570921753,8,330.6526556108293,19.655035084072424,372.9134109242648,13.79036498428778,18.001304005308935,NO
0.7932685695003038,0.427542594361669,6.215677187071496,1.8136271380099172,7.0,39.0,7.4735907863717435,5,224.30792999475472,20.553819557255466,390.98251031151347,6.143264303709222,23.005170274052016,NO
2.1566588749693825,0.5144560168918261,11.017697237243862,0.6888689118866493,7.0,93.0,4.225675446324029,5,278.7060962658474,18.775785362126502,393.681654698138,18.14095634544362,22.385035927258343,YES
1.2793223970174423,0.7463891112746588,4.183189959197912,1.5624294358926603,8.0,18.0,5.444330821382972,5,431.75511945380487,18.21174424194984,376.11327347989595,8.18917927679635,22.701674232220842,NO
0.8721167574021229,1.4215761625880947,6.0964967373230134,0.605782365235986,7.0,38.0,6.149439561775864,6,224.734606675381,20.80900832825585,396.40285213399295,8.892406929451178,21.289251143658554,NO
0.22969945243247208,86.49313226004345,1.7979706343880912,1.6001733849860107,7.0,36.0,9.737525021172333,3,313.259320520271,18.172269641446395,398.1058227638885,5.907127158578318,25.154421267091617,NO
0.7340497480593773,0.1661188281556618,10.986834520075465,0.9416226675054271,6.0,79.0,5.3561311611997455,5,304.46973042041924,18.515416916086668,396.93392122489894,14.14801625437339,17.061588022452234,NO
0.8004462753773076,25.54355969289801,5.875460638370682,1.4453341031967106,6.0,67.0,7.372195283234625,10,284.07648661183083,20.941217013989558,396.2336496430271,13.96739077337155,19.256501942524093,NO
1.6294529653540561,85.39835878645401,1.1552529154923485,0.5311042139995994,7.0,36.0,9.600697919929017,2,314.4066403223148,18.72811984959879,397.9171441279984,6.3773899894987345,25.122090769798277,NO
1.8357213285933192,1.1403608817532331,9.01957300799406,1.2680067783366786,8.0,92.0,4.53389397274247,5,307.1212911907559,21.392531650736323,397.98223037295014,18.774814753974745,15.328004830204224,NO
0.9753142693131523,77.41714591012769,5.005395172570297,1.1786309858434247,7.0,49.0,7.665991140294245,5,469.08717910898446,21.6310633281125,397.40644738699797,14.982866144810034,19.58112690358907,NO
0.16806469469824775,35.65041895439621,6.56160960695897,2.6246083978949692,8.0,18.0,6.636924986300401,8,329.0143961667978,16.824896165919526,390.9920044529108,6.663620841283906,33.799360953238825,NO
1.5550921497652996,0.16154241582990875,6.500974050880868,0.5186064381169521,7.0,68.0,3.9412028783749853,6,279.82727403875,19.706426446803153,397.50047580096236,9.894334450130327,19.210848535454677,NO
1.0223461062512993,1.141609710651905,7.651970971069868,1.6060313837186921,7.0,8.0,6.978644017148908,4,234.61026962162552,18.56004729002521,383.4889303211824,6.4594250846565755,26.068702718422564,NO
0.5161071922245258,22.087068715281053,8.102830843269965,0.9203432862647623,7.0,15.0,8.17936394213235,7,330.09415346550094,21.434769062809153,396.5589328738819,8.158426850381558,24.56983575619982,NO
0.8267174722715163,61.05902491850142,2.967474195639665,0.6353398324677857,7.0,10.0,6.401129376281833,2,265.118725866927,17.121265652752353,394.5271654130104,5.138429683092067,32.05568548455255,NO
0.21431871341364733,23.347183019372604,7.8282210962569,1.3393157656885373,6.0,72.0,8.836155799736716,8,331.58017983802523,20.009550030619096,391.5514688535469,19.941276645882432,19.13459717470765,NO
1.0190140040012208,1.396412773289407,3.747164760764992,1.0915944965255144,8.0,62.0,3.363162977533478,4,193.52318974524923,19.37563230409546,397.42698008640855,9.914959995502006,36.80076919973082,NO
1.4299509646604032,40.26264960849504,1.784924754805473,0.9248000698801403,7.0,35.0,10.496549797893588,2,336.4790134404444,20.944647873812897,390.36669687561744,5.9615428332258436,26.822692850724035,NO
1.5334930278906491,12.541007613807999,8.435549950639988,2.3281250473371045,6.0,101.0,6.369238871710355,7,311.2638343040724,15.981603407691907,388.2890878037985,31.175820872261205,17.507150666542042,NO
0.7797579728840037,0.6157827342495781,7.531616565953292,0.8884221734020217,7.0,4.0,5.85339659050033,3,233.13438625204773,17.989942848966354,386.72331234304283,5.764155782009644,27.515692788915267,NO
1.1559002482377392,0.0532335572697881,15.52317976152656,1.0306074558527605,9.0,19.0,5.940407828961852,4,289.4840185122361,16.993331389577147,397.82839196303166,8.673513364232466,25.468654849700613,NO
1.9253152717308448,29.256865384177203,15.510433592287598,1.6078946000550527,7.0,29.0,4.353979948493642,5,272.0310717032923,19.018923753265124,398.2694171486296,6.942741669974818,25.720233180560264,NO
0.6912496031493356,0.3559521952905878,22.376104659537592,2.346062554700978,8.0,94.0,2.654394945561271,5,438.0174301207431,23.210786269862957,378.3557523397734,17.544928525383092,17.831652565798972,NO
9.754526152710378,1.0840101714206754,18.657865271630406,2.1727570875780673,6.0,96.0,2.3210258914218502,25,666.8432295117193,21.498529954286166,61.30308367928572,25.598283462047938,9.897062552043003,NO
0.9893404068889515,0.7582160756134769,11.882777663275595,0.9070731164292761,8.0,9.0,5.319486549541021,5,305.848932716715,20.358199522195815,392.20466475364,6.408959856761365,24.643652526346965,NO
5.612934565273935,0.5435848222785088,19.51529666731571,1.0580612382117713,7.0,86.0,3.3750972349452577,24,666.9086031022526,20.419145854788447,398.3354277938309,17.733090141393443,21.235413504160324,NO
0.8821874382390223,0.33673167084559724,7.444451769506294,0.5332603302158756,9.0,78.0,3.569626211450441,8,308.00911179796174,18.50673345296622,385.5177623087231,4.378300487525818,46.37468022940839,NO
1.1310790566086637,0.6154040387807864,8.726518972721601,1.3985301061143263,7.0,91.0,2.701100262283901,6,384.0885380929382,21.42582122423385,391.94459505331406,17.64141721246675,20.620848477820577,NO
2.426820959280294,0.7609658878503724,10.233704507535714,1.1894204524967753,6.0,74.0,2.6913535338555405,8,392.19130147311927,19.20343361979794,397.2438387750962,15.870249415596811,18.56155922592086,NO
0.3380297260893975,0.35872411297787055,11.24012821660221,0.964324673673995,7.0,53.0,4.923457736637171,4,277.59847339572394,19.061214101721415,395.5299042348039,11.075069697459174,24.973592747520634,NO
0.4686586334873679,22.264307468595703,6.566116239593193,1.4073610132511358,7.0,80.0,8.721351427044622,9,330.0059897871179,19.184070225135212,378.4752273692368,11.71202174670036,21.850616329013864,NO
9.81609626250362,0.13411060824299562,18.4918440701943,0.9208772182882023,7.0,84.0,3.1946178546531216,27,667.713422262225,21.021574580019312,273.30414224448924,17.119447272499354,15.238795932940672,NO
5.902059094259071,0.8850555128488233,18.657499973634714,1.5231386297132712,8.0,93.0,2.8887380799887854,24,667.0283910398085,20.2145711810303,385.50565350777475,17.627993326985873,16.91197660606049,NO
0.6722282530957067,30.253342026924763,5.0969721572579605,1.4134899710877742,8.0,19.0,6.918793254478153,8,300.1862756818352,17.33887153483727,382.0159585286493,8.890405126754287,24.838534088866982,NO
8.169002109251114,0.1998558572368023,18.170021541943253,0.8936244404808646,7.0,97.0,3.476442173036522,25,667.247917713383,20.266971346697954,355.14980490601704,19.606611252679418,14.222029217537864,NO
0.19864384049148273,0.002760049359899526,5.672357097837633,1.701099789331721,7.0,60.0,5.686686390106896,6,224.05024643678084,21.44371518675441,395.3346504641388,11.444805085932106,19.09798985173629,NO
0.8739500252443387,25.894185153941073,5.177915226033332,1.5339453416135544,8.0,70.0,6.229676437355855,5,283.00586888694306,19.348059765450078,396.82052840862127,7.543127713681076,24.283098926230867,NO
0.5631249698379017,31.713199057320722,5.7019419421873,1.9017385865472163,7.0,9.0,7.942581565611894,8,300.1787940952929,17.28881592782179,374.8999103222902,6.6448945349751485,24.456263840374067,NO
2.2945185824213286,1.1978572677044903,19.80858810224817,1.3334391372370975,7.0,100.0,2.4995477293725905,6,403.8173067910985,15.055626276904974,263.9694963176284,15.96615726403964,20.07932047322279,NO
0.2144975189245728,0.3126796485248144,7.262798062911606,1.4575434834704226,7.0,8.0,6.234595108120015,3,234.08576631260968,19.19248061991057,384.0585033492928,6.099996507767201,26.165953926946987,NO
0.6635762622993164,0.7593016345399153,23.343183631278386,1.6766157255876566,8.0,-2.0,3.116201827606985,4,437.97666807840454,21.485502546134352,386.7363715639888,13.02928454142079,24.563874911016356,NO
0.17913881469896237,1.9399757721646746,25.730509551148252,1.3386038575636463,6.0,94.0,3.2389387168005017,4,188.4522855055477,20.118797325964863,379.91247212121726,19.328950427034762,21.857533378577827,NO
3.5583445231085795,0.9080065218330738,20.67889676435985,0.6746192713303787,-1.0,94.0,3.1788583405150126,5,404.0599226774307,14.911881151241763,240.55864977346332,10.251472221646138,25.323173705526994,NO
1.750304379974591,20.754291273689876,4.787506377659543,1.2591189571749446,8.0,100.0,2.7517453021617673,5,264.4225323701943,15.140436855248677,384.0675168095129,8.569363610376852,36.0610151545511,NO
0.818994442495506,1.2635607775603688,10.265793596767935,1.297002584883161,8.0,44.0,2.4672734555468723,6,392.30755074500695,19.240602942163502,397.6136646376055,14.048857105431303,25.124689122208903,NO
9.663087626774121,0.13354688750035712,19.38572802393658,2.040854320718732,8.0,95.0,3.7183862369071923,25,666.7279170250459,21.166595855972112,7.470066904008165,18.720423503759722,15.00211061243234,NO
8.954501555753776,1.6141052800320232,18.510651749884715,1.7265440773842302,7.0,100.0,3.8462147068319177,26,666.2644271448997,20.537029537506047,397.10255920649547,21.632221175837365,12.147568512072588,NO
1.0015995034965475,0.9575585980600356,11.164903041140658,1.6726828678533954,7.0,96.0,3.4321307459805976,6,433.87074574207134,17.808169890736814,398.1442854881107,17.54498362649289,20.234420616917408,NO
1.2757785747714285,1.0464778315408914,6.25144484676647,0.7597888606669289,6.0,31.0,4.862374758976111,6,279.40207966785357,20.184928117601466,393.590858833183,11.253119255649542,25.853576920705375,NO
0.5161636788288433,0.10086370477213973,24.12218422018381,1.3842957083511254,9.0,99.0,2.06536056386207,5,437.406991196623,21.378464617954315,397.58124006119215,15.864797703647252,18.745046770201352,NO
2.5511416550720067,0.7446807974437621,19.831303897601337,2.4922279250168806,8.0,100.0,1.6078407910219392,5,404.3003083110019,15.677874738836652,342.1793215411973,13.986648190210264,20.674799988336037,NO
1.9969807721302828,0.9604652202250918,7.306732340275003,1.7144314189694718,6.0,7.0,6.051639277762096,3,233.93931137298722,18.93374842331298,383.5773363608151,6.758691291906397,25.975401944249104,NO
0.3599521316998103,0.12562051405898858,10.312082263498977,1.2929026224114004,7.0,78.0,3.5188517624203497,5,304.56745379912394,19.060307499798213,396.960546568802,11.255871949603089,21.61574252134919,NO
6.780700734907531,0.14028208418992813,18.848464418701504,0.9467492709527361,-1.0,98.0,1.2530972514517402,26,666.2651708259825,21.351901302064523,392.8671337340848,3.064144325496295,50.40554403421381,YES
2.4126538737058985,0.07733142306262294,8.69165191674607,1.9355680048749127,8.0,95.0,5.308496773680747,6,308.5320129808749,21.359596724155058,388.0445696716796,13.133882536885263,19.135193565330482,NO
2.384776376352285,1.7609576701574523,9.547834366098249,1.3779239893719573,6.0,37.0,4.117092346827906,6,307.2643355372032,21.347056064341633,290.53818513786445,11.882986342271506,20.255552344997017,NO
1.4133853744110603,0.5397461607572764,11.034897697380428,1.0390349971225903,6.0,92.0,4.2432450154125565,5,277.6609496019672,19.122207232690783,394.4675024706615,17.308146032126324,22.270922514421652,YES
0.30772341353919636,0.48775917122057877,12.984956742742108,1.4424547067298932,6.0,33.0,4.053792326807921,5,277.9365841689223,19.460470836434038,385.93679767365677,10.17654490912006,28.403370259480337,NO
8.776455538992016,0.7871210524352256,18.7098538302549,1.1911555905678224,8.0,98.0,2.38478312548783,24,666.927161839809,21.182805246741353,304.91212066015,20.58442330184823,13.217692228148799,NO
0.3977742412868168,0.04002626770126475,26.288538302985337,2.6346475035810832,7.0,84.0,4.221054663143233,2,188.3292192173473,19.284676220455232,377.81997936617756,15.010449442696434,21.434619693210767,NO
3.3972901516918883,1.4627045180698721,28.99195803825187,2.4069150134868313,6.0,93.0,1.846955577914124,4,711.0933774216832,22.056873964603014,396.19098478057475,18.29451596455269,15.241689174314622,NO
0.9434420248375084,22.847611310886283,6.281337001267815,2.658601091765876,8.0,18.0,8.755304999423847,7,330.3770725952592,19.387896224733634,393.8790646741116,7.91723683630357,26.926205581281966,NO
0.10663895328762396,30.23311217891415,5.295654033608116,0.9594921284438331,7.0,66.0,6.7541492692107195,7,300.88626770669765,16.96908155291404,394.63736558481213,12.859031541230582,21.26537033111639,NO
1.3388633680741278,0.292793901076241,6.478584483028837,2.99683287956996,8.0,77.0,4.882626680942896,9,308.40594175212357,17.65123413914594,377.03746968170844,5.989429861561625,33.13315097667171,NO
1.5566704251114516,25.172250649659023,5.569466945909406,0.7209591102599191,6.0,49.0,7.015562263982486,9,284.3314582281457,20.242307694296347,397.98808249187243,9.477132924003906,20.863711654214235,NO
1.793185586502871,21.70691029430957,4.2959753002985535,0.6532420209084998,7.0,85.0,3.664245103662207,6,264.3621799858295,13.801130807744041,385.1191813767275,15.111426000388413,31.921777488577778,NO
1.8830892836516027,0.12551402711662357,22.926476802317325,1.1199308379093655,6.0,96.0,4.4454931501522825,4,438.85103563985837,22.35237782815673,397.59793027704234,21.074746274159406,14.77663041594818,NO
0.2565473355650365,0.3705810825794337,6.341867560062724,1.3462763751758202,7.0,35.0,6.396338897249703,5,225.1080620223451,21.036732886193384,397.37815945834717,8.842403886078142,22.035308371779923,NO
0.7816407036919162,86.09373525962329,0.9596589919308303,0.8292921932567165,7.0,37.0,9.903102416028677,2,313.01744761174194,17.706638526509856,397.6763921947199,6.563879601439867,24.876169931532605,NO
0.08743900381351005,35.14716274806436,1.713097513834694,1.4313598569189467,8.0,50.0,7.977729731848579,1,285.2306921456905,15.597517497584732,394.74461505859216,5.816397272661612,33.180859257311965,NO
1.0352059267399396,0.5017640449734942,6.930771702325103,2.4799050868743726,9.0,78.0,4.036362935384828,8,308.1471225863233,17.873606932779147,376.1820061228158,5.396207934629397,31.736808969756925,NO
1.0640795739186717,0.1513375439181244,8.544284580694658,1.2785402008352076,8.0,80.0,6.052206537219788,3,242.47797239506346,18.603906631227403,396.9567157844139,11.178472483476678,21.91491423194113,NO
0.9536117031889826,1.1507081287663221,6.714246270874048,1.0361194235666726,7.0,44.0,6.020609689490065,6,280.7984218473173,21.280092025942945,397.4663625917435,8.837643284344448,21.384995867758388,NO
0.5331424497231779,90.18025634156149,1.2882402007863307,2.04609226728971,7.0,23.0,9.714541255030499,7,226.1351511904317,18.193219599245545,396.40444007324106,4.983760172593171,35.55318122260857,NO
1.2108580153738575,0.8034537254350096,22.699635854457558,1.941278248009993,6.0,100.0,2.745408609490539,5,438.27985909242096,23.005178167033968,263.25860658892634,17.31402780171613,15.78013619457639,NO
0.8051501395412547,0.39776580867037037,14.068977493888603,2.1334431554958355,7.0,93.0,4.229540237098151,5,276.6729937510948,16.897078192718865,394.3595585289404,10.576914277650488,25.208189557625836,YES
1.175086428560202,35.02805776002517,6.8272506538849465,0.6175984637008376,7.0,18.0,6.379809171880527,7,329.24698777982786,16.430473333706512,391.240370343959,4.964474581776958,33.46710431084399,NO
2.4084800732974836,95.04286229646054,2.0893584077784713,1.0140925881895053,7.0,15.0,8.560287284930375,4,402.4198151264524,17.074060958705815,384.8038746051026,5.246863180172134,33.829255172789466,NO
0.6222246360878322,1.1152183691254525,4.06257640284765,0.5497602410600101,7.0,59.0,3.310089734979256,3,193.9403037270243,18.726047816575793,396.9445021115939,5.4891862314711455,38.20795264719492,NO
1.5741230382402946,0.826280880833638,3.293993552976871,0.9130597826776363,7.0,59.0,2.976443127997319,3,193.9244532922268,18.449848566958398,398.32842775965435,5.237605449138612,37.76746706779511,NO
0.5085052537441945,0.5902802569572566,6.071467182697624,0.6457810066215002,6.0,68.0,4.49513497998019,5,279.3347665948828,19.533465264876757,397.64207050087725,10.906687710032987,20.60735120582405,NO
4.157298744053228,1.2721328932196532,11.268609760648289,1.2822054743644091,5.0,38.0,2.733084523460857,4,304.5188450889702,19.33898349445719,351.4100824966999,14.001204406651231,17.559274831232408,NO
0.07292226992837716,80.2142908257584,3.918307140649806,0.509192340799616,8.0,18.0,8.409657507937824,4,337.9825219094155,16.635441059119128,398.4439998263631,6.506519194115235,23.952044155041182,NO
3.573199067147126,1.464165409209074,19.687959942015432,0.9744594499942464,7.0,101.0,4.024914884168036,5,405.47649709358654,15.165455753152925,174.71122452176988,29.856937406215618,13.965037049430151,NO
9.300914881738274,1.1950576521149243,18.887172616347065,1.3488279827015905,8.0,101.0,2.657713323832062,24,666.6515736979385,21.05600900294519,392.3430754520587,18.558645353298914,13.50731434332301,NO
2.114978777442057,25.146780625678204,5.344914925813086,1.0442945801979784,7.0,36.0,7.140280041554673,4,281.06148351767257,20.17817263039563,397.7558394901568,5.548166739429652,28.943759768124245,NO
0.9487501621518314,20.094715205630667,3.9779616494231798,1.0491530836507543,7.0,85.0,3.748067320845488,5,264.62898064498404,13.11595889031735,384.94103949331975,15.087475365162113,31.894017185829323,NO
1.0571578397757468,0.16170288707835,13.19424047622983,1.5283603719179482,6.0,77.0,2.41649117501112,1,273.3033115298518,21.221696607367594,398.097053220963,9.93618513081496,21.866012618176246,NO
0.7627233404556717,0.8500284163791019,22.188278234780046,1.2358439160736179,7.0,99.0,2.3926698916002285,6,438.7304059587255,22.16386184876466,397.42952105793063,16.715118917954978,18.615761822766917,NO
1.6613789603044062,0.5741854807210856,20.248247484178943,1.0820278026597754,7.0,93.0,2.709168405875812,5,403.1568737144953,14.872688115676112,339.0356824884641,6.614800769583727,27.745000445537407,YES
0.4411636103272428,29.292008274959798,16.525638452658963,1.275732650251952,7.0,32.0,3.7614834004766653,5,270.05009205097645,19.28887755284749,397.46672725668026,7.296218426001075,25.321307571453982,NO
1.327094589565389,0.3004348135727873,22.589102036436245,2.986407768299615,6.0,97.0,2.7467125239763273,4,438.3577819867344,21.21061719674357,397.5314718047793,19.314317503290596,14.739665431995874,NO
2.7927008712377672,20.91628212687156,5.664184625852111,1.1283079017096735,10.0,88.0,2.319364361482182,6,265.43987022834864,13.157279687157848,390.44831089135886,7.571639384124856,50.070931270132796,NO
2.014242214508294,1.5761857813354092,6.318647501060405,1.4274375652339069,9.0,18.0,3.4653370116794417,10,307.1036684377528,17.58458295400038,378.05774745726785,5.374737571631316,46.71700471396749,NO
1.4237337227913929,70.01404802373297,2.83702865281042,0.5450835010688286,7.0,21.0,8.622514477573763,6,359.68477651969584,15.069819572586123,369.0520914997971,5.8504581630401855,23.68650515179391,NO
0.16246430237139944,41.01997768019533,6.745076904591202,0.6855457058383336,7.0,29.0,5.396558968405074,5,254.86020667923944,18.094439132870082,394.8002749240097,6.0714508026678935,33.464154945717965,YES
6.273398520643089,2.3680614419070047,19.346964375965094,0.9515979489432839,6.0,91.0,5.423388325291404,24,666.7669731258203,21.048403977334548,395.66653432894253,13.253960323342497,19.706822087179994,NO
0.7987150171538961,1.4922000523477994,8.058701298519281,2.1703061830030834,6.0,16.0,5.996594537625051,6,287.8872194777121,21.304064590185128,395.9790699522068,5.219739603036343,26.877755583718073,NO
2.4194767187248503,0.8416644283890824,25.913923108648195,0.9645928878305184,7.0,94.0,3.0898255173860703,2,188.79891896939048,20.201854867415065,379.02649294368285,17.999879184058948,20.583289449347404,NO
1.1111907887875359,1.3131969141650495,12.138920821770096,0.5872815092552239,6.0,81.0,3.4474360755247613,2,274.8245512080668,21.001194907320208,398.5514774571596,8.424752048754394,11.938272684950554,NO
1.3824092182198489,1.0101714330545943,7.909019669284538,1.9881043772549507,8.0,56.0,5.920147513582039,5,287.38930721804957,20.901809339459277,397.7086495644553,7.245199211873228,24.3625360452053,NO
0.48018412916280695,0.3549484538943493,9.693812100954258,1.4365849970680769,7.0,81.0,3.4638793204652005,7,384.76168863963403,21.675776087454185,395.91530320629784,10.119542824208903,27.69866692768116,NO
0.4451713648808679,0.2201726352966145,11.139012445712856,0.893138079472436,6.0,84.0,5.1009604711315655,6,304.06556838646264,19.94675894885769,391.69346126009486,18.49893421057976,18.083712561788722,NO
1.2483615003982125,0.29717226631178206,4.878807333178006,1.2884791581210489,8.0,75.0,2.9160021769354763,6,297.1580045654379,17.589258542954873,392.05887137131236,7.036444806899921,30.254126502735907,NO
0.05557151285428033,26.495258445410997,5.0078395728992335,1.6027712721463325,8.0,35.0,6.084188404224142,4,281.1913583170788,21.168445261485044,397.46817291561393,5.811975859551858,28.530085481557045,NO
1.2941159613250874,1.035241352099818,5.289667039827928,0.6757084984098145,7.0,56.0,5.2547175141373,4,249.4280506713918,18.901566023544607,392.99593171129726,6.732675452807487,27.378104509533866,NO
2.2864417486021393,0.381735125587698,19.935933554473287,1.3756895847552095,8.0,91.0,2.919177225371933,6,403.310772549938,15.364748730499587,375.09199756195056,1.7740724099246958,50.581825986298746,NO
0.27663230248302606,12.820466362144874,6.46642345236038,0.8726121794910864,7.0,22.0,6.84970376800686,4,345.36959072380415,19.146368711301495,396.9070313675778,8.300164195906552,22.796549264219195,NO
8.393483805684372,0.2640209769629008,18.32489453191759,1.014023678937289,6.0,90.0,1.8833415214953282,25,666.4427697702417,20.79966752620426,348.19890989096257,9.639952431056313,50.03568269353159,YES
0.6484653714314809,0.506612222673732,22.43909114783097,1.8323201411164405,6.0,100.0,2.595930775493528,5,437.7413485087932,21.56783160403913,394.8816278526624,17.527577611134973,19.383616677210977,NO
0.480474805745469,1.9275876481124479,8.255900506514141,2.4801184943376646,8.0,90.0,3.982444602219642,9,308.49172678526463,17.695623450391807,392.0896771449065,10.935768836204016,27.585100810469708,YES
0.5643218572310649,0.7967972973055566,10.352236734811044,3.164695875011297,7.0,94.0,2.746970519340796,8,432.55199128468774,18.485187619275816,395.83642721927794,16.770939186642863,19.68447634608734,NO
0.9353322993307922,0.5976480721463721,14.994652623172028,0.5795522330600765,6.0,43.0,5.640530851286304,5,290.4045270231999,16.69227191309552,397.2149175669617,10.726210399626904,22.33191400893177,NO
0.796595892260345,80.73524982384598,1.618925679355668,0.6960852144035397,8.0,40.0,7.383002944377559,3,330.36001595179033,14.574573182624501,392.94987265702656,7.290558527732787,35.97641907749314,NO
1.2937896089680785,0.08555721662613636,6.456896831432059,0.7787949077330623,8.0,92.0,4.338315611013307,8,307.41807856843127,17.66385866570805,396.60797297873995,21.76387230822139,23.487830416044847,YES
0.555596149225962,0.39396956042476794,8.824194037515863,1.4474326551940795,6.0,44.0,6.377413233604127,6,287.8316620265867,19.794769692825778,398.01375616498194,13.681619705349616,22.333620320249825,NO
0.5421871181069106,0.06158568144333742,6.225601599369742,1.4916097213933854,6.0,61.0,5.764350694611562,5,225.9148565430581,21.34362428087411,395.74877188351485,10.612665475841036,19.095180481697923,NO
1.5349993180095824,1.2484053985867263,11.924594035911943,1.0962915651408025,6.0,24.0,4.887785014895066,5,277.9004386396341,18.66271849755202,397.3356489826008,11.942155326202222,22.99040567607243,NO
0.48119831232067856,30.301384560392176,5.656829255243083,0.4453153532899054,10.0,56.0,7.185770884654312,7,300.00939379715004,17.335257826432507,391.3559565635736,12.495549418244504,23.266759931121396,NO
2.0821113437068814,81.03334187723993,3.0194968283303827,0.9335495667308309,7.0,21.0,11.404557152907167,4,334.0800380290085,22.932992326096805,377.0163826464029,6.784695027075443,21.09310107769625,NO
4.304988350096878,0.20311804474086131,20.792354484713975,1.2138880267131487,5.0,98.0,2.131997517843795,5,403.9542773402595,15.489440876378431,398.24729051743634,29.37923444631448,12.253257012384177,NO
0.9701199237313238,22.09149407499013,7.100489778879081,1.1982872825143769,6.0,77.0,8.069741975679245,7,332.0540834656777,19.483048144920296,373.31463421882154,13.300398155210685,17.873240805829532,NO
0.2367326819629162,1.6080080439911588,29.68878732247569,0.8653163549223005,7.0,99.0,2.1133138794854696,5,712.8151318248357,20.845844975513312,390.49967815350226,19.052197737685518,13.810871108881281,NO
2.085403527423796,0.7490281047551928,5.368478550401326,1.0226952968064786,6.0,73.0,3.7188094284947275,7,296.465761149959,17.218572840635222,396.42229582776537,7.2772911652126835,25.033725677473626,NO
2.955371192553056,0.003183521018943891,10.665481484226913,1.952056403284162,7.0,87.0,2.7967277111844133,5,384.2874870004769,21.98231363345089,72.53520994667086,11.674633050518331,20.871079239912756,NO
0.5096512421460858,25.73579256942017,5.46016881900124,1.5123313209064368,7.0,48.0,6.336657321840433,6,282.30894761930085,20.155816705576676,392.17610915504457,9.670712129093824,23.991317146207265,NO
1.5828103557052047,91.1945953889704,2.986302460324927,0.4185741424845817,8.0,36.0,13.533777312517554,6,188.5012683572827,17.19147506339138,384.58288990788003,4.747440022014256,30.868561079776835,NO
10.003793468903487,1.1718646844904246,18.217172204216347,2.560703217903226,7.0,100.0,2.0030818114228577,25,666.1227135117998,21.120323893912083,392.5930769513701,17.89975990993172,14.452629912845403,NO
7.542705237971189,0.15492318816098477,18.806994296996606,1.8045714285525363,7.0,75.0,3.221580385849269,25,666.3746788367571,20.545885768217346,98.8580080274447,12.234583606982952,16.287104296807584,NO
0.4175914141572163,31.45310957704759,5.014456751060589,1.6352427720091036,7.0,55.0,6.772217169247475,8,301.3568699794468,17.134273140881465,392.8631689730906,11.795593608684307,22.363318967990107,NO
2.0023057671462423,0.6005241778223795,19.605897235696563,1.134905602982595,9.0,98.0,2.9272749081118628,6,404.7489201396369,15.146826173987401,390.2312364572224,2.9512504634648717,50.376237281846294,YES
0.34663065991612074,0.6989736448432758,6.52972550897123,1.2026564326813607,8.0,39.0,6.659524369013546,5,224.95777540959836,20.2877753361488,390.3526535337005,7.368307368443005,20.85455352848279,NO
4.787231376085329,1.033530724961468,20.243394612811496,1.6740825775551123,-1.0,93.0,2.533137164473619,5,403.1687514197576,15.382414163772415,240.8390641893285,10.463716047970355,25.10491564320261,NO
1.5699351659620733,54.52329097511319,5.825807640607428,1.1960169837081693,7.0,47.0,7.366452909780005,7,293.6732843762502,17.084182998431785,397.4186523274104,9.383566734613321,22.614392163836946,NO
1.5496412736788452,0.0034278048695451737,21.92812945489106,0.8306159031150584,7.0,98.0,2.060106162376389,5,404.7864294968368,14.72069510605803,363.59930570945454,5.144342237328308,42.170563694024786,NO
0.6036647582095126,80.09673240364144,4.550400418236484,1.1958342721273287,7.0,34.0,9.795174383522752,1,315.24747086742406,16.47104967232292,393.2317184327301,7.0921565328785405,22.296644163580204,NO
0.9428369614863028,0.20566929813703475,11.423986663382047,1.1123619396032671,7.0,18.0,6.359842648374258,6,306.5168885186985,19.219591544718085,377.7984990208269,10.241206632960196,22.454328498248568,NO
1.0602869187321304,21.292635636972612,5.740128177938887,0.5505338848677747,6.0,46.0,7.306386762639311,5,243.9414096993718,16.87803136934567,395.64646866864604,14.291762799311359,21.961664686863354,UNKNOWN
0.6412915072263927,0.22256768233554802,11.756715572244424,1.947713314945681,-1.0,73.0,4.372334184725241,5,277.62417346428157,18.638766987677233,391.1482199457052,19.252971752521546,23.34561899068803,UNKNOWN
0.5528532790197128,20.2076031756173,7.680006691582364,1.4485026667667384,8.0,43.0,5.424984045082257,3,223.26069132134688,19.15265488787527,389.556949795482,13.689618179937959,21.19070299601599,NO
0.5893617572451317,0.15750361654070535,5.408728802589257,1.5190177728576946,6.0,59.0,5.936995164828716,8,225.30567075225252,20.58126993987841,398.00468648901244,9.712248327567933,18.943647754731604,NO
6.052528060677419,1.2314962235793607,20.05098842808249,0.9716525027369612,6.0,84.0,2.998779539992208,24,666.2428405123501,20.456957337282837,396.3804691621159,12.970821073692447,22.9662128019593,YES
2.5648335931184043,0.6915789020908113,19.91625132990081,0.9009436365277483,7.0,100.0,1.941123091175693,6,403.3480920589686,14.73227872421093,262.275215545741,15.849084885837673,20.00180302564743,NO
0.9280310501000302,70.15858161968255,3.6910458073732784,0.4689942386969243,7.0,22.0,8.179703849714764,6,358.51222886416934,15.525250310784475,368.89783227509,5.181480510672693,23.6691973118626,NO
3.3770698848086758,0.29022592189851915,20.366083068780128,1.3517115811294662,-1.0,93.0,2.766854418272603,6,403.5147784017158,17.703345514277355,241.79631145059244,11.316550968533733,25.306931051896147,NO
8.53719932493908,0.26855575099401274,18.940364449889973,2.242207771650004,6.0,66.0,3.37684130183427,26,666.1197579079355,21.41002758720508,397.51916746410706,14.538675215338891,22.771022144452317,NO
7.745167091669639,0.220757830533162,18.389796782830665,1.4046777963878836,7.0,97.0,1.9523931330874125,25,666.4958259090841,20.937195470350733,394.61754293652245,17.155071908194348,16.703615306386467,NO
1.2304013881266744,0.2147270188064836,11.778746126782865,0.9240530040931187,6.0,44.0,4.834496669615071,4,278.81940663086124,20.436298995635497,394.9475866141064,9.787963381243362,26.750701946474987,NO
0.7192130180378998,0.36809594010016006,9.736862657823956,1.0938413251278358,7.0,72.0,4.250630343473764,5,386.4998969181225,23.240555425411745,395.68942802376563,8.992692046919682,27.40545848625705,NO
1.0428074744037068,13.055805285252541,6.712215919197925,0.8149424085728652,7.0,22.0,7.8358425349423815,5,345.32540665140885,19.007720934269535,397.1644647343364,8.535148250252124,23.287494144485088,NO
1.082934036070942,25.690748953784606,5.76499060627982,2.5166914914334577,7.0,29.0,8.634807181118266,8,284.3398083825308,20.233789157375742,391.2620741374789,8.652237154913053,23.68340055854074,NO
1.0503621605132951,0.15856608943605574,28.004551846097062,2.1976585159395636,7.0,84.0,2.3471547710841034,5,712.2657990249736,20.85868730192472,398.15525417975147,13.489419618184808,20.137382542914132,NO
0.5713762427006123,2.3625243080504585,10.40294799554395,1.1436604679812439,7.0,87.0,3.828258050411999,4,304.4836231499428,19.410713682402246,397.1128685753747,9.969085241809589,25.04102911102945,NO
0.7762168879262554,1.1450899198162587,3.2827185584148615,1.3185761094337947,7.0,98.0,3.836571913339057,3,194.83802254944231,18.103712637874466,397.6841565453414,6.764249065726973,33.11953604688141,NO
9.47319573848084,0.9503744501946764,20.11585673081618,1.440128726960622,7.0,99.0,2.7773110589556778,25,666.185856726214,20.905179477284964,393.45765241448055,17.835659850217024,14.103173784549588,NO
1.5699641780565254,0.09660167539065181,28.03432089167749,0.9884237047701119,5.0,99.0,2.321985864647642,4,711.082461456421,20.325934611007437,344.5355708008193,25.097414149951927,8.345632071148838,NO
6.262303846725382,0.43331324073068,18.409415233523173,2.7722743731842394,7.0,89.0,3.4334582864355965,24,667.4002944874585,21.126410564924587,374.7770985798161,7.829248520641208,25.549032004492833,NO
6.255367810714598,2.322081517979363,19.009072066336937,2.1982731951829555,6.0,84.0,4.169511199241052,24,666.870261498415,21.80658817770596,397.42017276821997,13.077302650076163,23.26622832706787,YES
0.8032244700014286,0.2092252618789409,7.835405846008662,1.0671913840131897,6.0,32.0,4.046660188852047,6,280.070682695868,19.972044777291668,394.73108477883727,10.3005837110785,24.75984228922899,NO
0.2529735668905206,12.580437105676932,8.5821322528686,2.8642401277331393,7.0,84.0,7.565674586500826,5,314.18106375918484,16.661614407037593,398.4325444141159,14.778816388403916,20.140137179183835,NO
0.9350885473925268,40.52442784954181,7.275049720544196,1.4929596158840719,8.0,51.0,5.749410860968776,6,256.63861127644793,17.93278111156301,390.2015501753644,7.0190940305610905,34.36346170179412,YES
1.8718914280013526,2.781227112292621,13.012527087794759,1.2419017722182184,7.0,46.0,5.368573810105986,7,398.4504663799277,19.322340828349958,383.6787095922376,9.11666532830988,22.460223904281786,NO
0.8983063670646553,0.5897607504997474,10.123250549381153,1.452127797944461,6.0,93.0,3.1806282966545787,5,384.32953573881906,22.003731361029036,396.6765140943606,20.2135601552274,19.90321078875644,NO
6.07767233901939,0.9857554900858958,19.083736646415165,0.8608656619942645,7.0,98.0,2.338199358275708,25,667.5989992333772,20.25114918237647,375.4168093913264,4.224186860685477,50.72530271700588,YES
2.059842732254299,0.7514757802136746,8.794594805091723,0.7105766675360561,7.0,72.0,2.9762318692046095,5,384.1132106110237,21.96538368837771,396.30358506943514,8.799780825178377,28.133752127595294,NO
10.381664422326049,0.6728678530543527,18.782088262521427,1.3716050528556067,7.0,95.0,4.2939156910099765,24,667.3299809985017,21.65770657432288,6.810204102633366,18.94203524464648,16.02648933558637,NO
10.815621621572458,0.9993409422277294,19.76043747197308,1.3929086348868758,7.0,101.0,2.132068937820465,24,666.1753921107515,20.742214222129835,386.8138424363325,19.93433483976473,16.118725551765667,NO
0.6236879912041797,20.49117988511794,4.470849888388532,0.6722805116843429,9.0,38.0,5.726246141853089,6,216.43311287425942,16.079304184332457,392.27882758160314,5.1570346646690375,36.420815884624496,NO
8.803568895312447,0.12514782832820784,19.579340214227912,0.7186966051612813,7.0,100.0,2.2391088906553995,24,666.463369881237,20.57662225943146,305.71492035981834,20.521174398726387,13.174464825331164,NO
10.891051092296252,0.40440252233204343,19.584326163538996,0.8096607987230255,8.0,100.0,3.391868485502516,24,666.0034347124026,20.679072298556644,387.0452908291508,18.960912131896798,15.82917972064402,NO
1.1212846885174024,81.35111190492218,3.7848257243017347,1.2869382713792972,8.0,34.0,9.117255476646005,3,329.69996939105505,13.040333628197152,396.9408014208887,5.750324244743342,35.270946634972184,NO
0.42661629658889094,0.65116471055974,29.104329556281957,1.1279694360529513,5.0,93.0,1.9210908341145365,5,711.7808826310039,21.278870671894467,396.2678570484582,19.94868234073178,16.4186280626811,NO
7.348950696446357,0.7700058418401905,18.356522276774395,1.1001576425950184,-1.0,99.0,1.82589047785418,24,666.7150103374443,21.345631480961508,392.05766918717717,3.0437063072763313,50.32496438748908,YES
2.4501855191111623,0.9847536037862842,7.224500888836186,1.8198063432233065,8.0,87.0,4.690206472512578,9,307.0687377194172,17.935979165209638,387.59875643370657,3.4366099508510546,38.52802837931349,NO
0.75046780981435,91.38530719617295,3.75905793957656,2.4294261910495085,7.0,21.0,9.241313566643145,1,286.5777747638004,15.411587030966144,395.1328921222463,8.934789446686388,33.96941533024583,NO
8.857835629546315,0.05464678345584523,18.278592709263133,1.6485576545145189,7.0,86.0,2.3565733289646285,25,666.0369129260163,20.327868936942696,84.15259910487897,19.430201097183122,16.36469558505488,NO
0.5661358925578654,1.059876276300594,26.539532612533534,2.0882191533380476,7.0,70.0,2.363716038855734,3,188.12031894596223,20.263645054296177,389.7248037872318,14.90498272645608,23.418068542732517,NO
1.1523483040357292,80.62317299181402,6.459759519290737,0.4403072634543947,8.0,28.0,6.756776220679767,5,245.6064486446329,19.294211405142544,398.6548906446413,5.304514886331955,38.02472567389708,NO
5.845598556058973,1.9427237074118546,19.21668309086355,1.9835482210247912,7.0,85.0,3.720983770067762,26,667.092060034757,20.63061201605398,397.42215339009414,16.74111406734545,20.059791467551783,NO
0.06868217510023517,0.4903620884537481,12.255371647993256,1.2489775325783594,8.0,70.0,2.9628515831157287,2,276.4197415514038,22.14892583484704,392.4269161815245,10.021375971344554,23.707384195410413,NO
0.11715392474627608,71.51275384288546,3.149084279026571,1.2799967211900847,7.0,20.0,9.909577679119279,7,358.1168323777741,15.575073655136032,368.4538697275261,5.694327846645647,23.442708976428687,NO
0.6988488948017448,52.625148804933964,5.748675009607814,1.0704773219109887,7.0,31.0,7.994940727622967,7,293.59155004088916,18.099242375189828,397.0538209788946,7.28425295928655,24.426994964630843,NO
0.9916937690572774,0.6552680173031292,9.51185169853034,0.5655168264469341,7.0,70.0,5.467544818614519,5,307.61187070259,21.965499759280657,391.0424214761956,13.45821188247635,18.340464852936158,NO
9.389923587618508,0.7028298812484082,18.99780719972089,2.114004982018129,7.0,99.0,2.7262489898856033,25,667.3624388736507,20.396695707289545,304.8811177020932,19.776403084197025,13.775175988104053,NO
0.6879757295322386,28.67669386364835,15.818661371159925,0.9517437019308057,8.0,56.0,3.9808217662140826,4,270.184780769812,18.80617333646991,395.09311825799875,8.699833978995517,24.048884886654534,NO
0.5267606765796765,0.6067670184623617,4.21900857868559,0.9026921678318297,6.0,70.0,2.7082369991156345,5,296.5086345146462,17.10909028284566,393.97461111373417,10.184616919631917,23.383261967221305,UNKNOWN
0.8932704819047269,0.41119162009034704,28.979187504501155,0.9543574474972689,7.0,99.0,2.7009316011030022,5,711.2671387973672,21.2316908959559,319.14072508613253,30.25993611206228,9.065198021570152,NO
2.244205038963067,21.620942228113897,4.565817395129239,1.4608814902421456,8.0,39.0,6.5854870291113965,5,216.78110418730486,15.114573812405977,393.61881344685116,4.739002667328544,36.69347588098132,NO
4.861946788862925,0.015447542575739647,18.130023160180393,0.9088212205748364,6.0,43.0,3.8650438703950774,25,666.8716661756537,20.79196482476167,371.0294242660003,14.485748122991355,20.65183139088764,NO
0.7195758093499673,40.71312888070964,6.665568316014783,0.7684304900777306,9.0,51.0,5.659604758678222,4,254.12720679082685,18.15405049937266,390.19338880764815,6.969851352886716,35.192848216716,YES
0.3117003035400626,82.18169299399018,0.5580380679862575,1.052525065387402,10.0,33.0,8.142123755159457,6,256.3788885629181,17.061664741909546,394.24799260952295,3.467219159147538,50.108615691480836,NO
3.7197018187760746,0.3468268751513629,18.468806922210888,1.0769375541052315,5.0,92.0,1.8670880924193025,24,666.2471933407027,21.72121841704706,316.05887960160135,14.609750631971615,24.10717956556559,NO
1.6715143133753156,0.15443479171336044,14.97515002177897,2.0829085702884926,6.0,95.0,3.8222828573642187,6,278.0308238114976,17.458953099717867,397.58129708716973,18.574306260449475,23.329262038191377,YES
0.6089970233532472,12.604108719600621,8.12846584524765,0.5399668124852962,7.0,101.0,6.096624442918704,5,311.0790444716665,15.851326862975219,387.83944120014894,31.11903471015522,16.762842052961364,NO
0.5835960784283508,0.43232302345024676,6.362075944206175,1.842995839348578,7.0,47.0,6.524395763882328,5,224.59004191393618,20.95569441259367,397.9029637274859,10.528423466265421,19.07846991935526,NO
2.5412589375146073,0.9532036215692219,6.5557840124271,1.5996278080316693,10.0,84.0,2.9491018346773976,10,308.1510028433655,17.850729264469894,383.8325423248488,5.223365662966222,51.55451469368577,NO
0.8059418181603033,1.2422617554501085,28.36207080235859,1.2029411307999256,6.0,96.0,3.2453384000680727,4,188.346535114392,19.592492576613697,360.49835854092396,27.92410699063865,16.041930435381772,NO
1.9640538485162236,20.1364100988272,4.440831238280273,2.602695641077762,7.0,101.0,3.1348009875223815,6,264.1497174184507,13.452772570369481,392.47140952210196,9.101660065452142,31.756738615423952,NO
1.0880979518465552,0.1223450566579766,10.267205772589126,1.3408602704679429,7.0,73.0,2.8821739773909183,6,433.51158662312184,18.29996564693831,394.34110975522157,12.274621866161871,21.91808247630221,NO
1.6937454715463205,1.807567658209875,9.92106123925977,0.7056724543467178,7.0,84.0,3.745415469996722,4,304.85315352514306,19.196321390873994,394.24136519551195,8.755424949552916,23.12943495527267,NO
0.9318053335433908,14.155715726654805,7.657292764696006,1.1470851319713051,6.0,22.0,6.907844968140597,7,345.5438373179202,18.9831607682039,396.55949125466265,8.443513533305602,22.080168619605757,NO
2.3031352541874837,0.07490169049653839,8.45744832236324,1.0469175208344539,6.0,93.0,5.683999892748563,5,308.09059499291095,21.327749644821658,397.2268056185404,20.877919202725778,15.885884492639967,NO
1.282545746267524,20.38044324091962,7.931000396827198,0.5039778601662279,8.0,52.0,5.2032594806546975,3,223.1812248777896,18.993479586512777,391.18365459540115,8.195194766869935,35.78414480809257,YES
1.695237842623066,0.8022277083356031,21.390680970903052,1.1534216298192332,8.0,92.0,2.985121685124907,5,403.4979777348488,16.02051175498554,376.0543765324645,2.5345075466464255,50.16624150356681,NO
0.12570831653398912,1.3061472956163296,3.3042933952104847,1.6975911536062513,7.0,58.0,4.45684304879079,2,277.52744298982947,18.164580499832013,360.14201070156753,8.255913865195208,30.84711955606415,NO
1.456773531652188,0.09954658422896563,26.514573784441204,0.5918383947146696,7.0,93.0,2.4849293202522276,2,188.71238233547393,19.23432570061828,378.59575803153626,19.192627952676066,21.168963868413606,NO
5.219847714975167,0.8380501106080098,18.122112625907807,0.847263396279746,8.0,90.0,2.6403817293795804,26,667.5412699485856,21.22765343939898,392.44929010729874,14.887509286373241,18.206532586193426,NO
9.530511023635047,1.050954449872379,18.884952825962355,0.9131978778160686,7.0,96.0,2.021734374138435,27,666.4609306509838,20.745843033732857,60.76481033914692,24.434792880575845,9.865798557505332,NO
0.4117824828966176,1.3798684651877495,8.77846544246248,0.8617566598716566,7.0,3.0,6.6921079340287735,3,234.2788453045586,18.961662490405654,385.8585434535422,5.315386817920323,27.091181733194926,NO
2.722843760201514,0.007248693543422134,20.193256996865202,1.6360134079251691,7.0,97.0,4.276092945816855,6,403.93388373658695,16.118435199739213,348.5699362045303,13.363671467393038,19.686831763803816,NO
2.496982970599727,1.2328523420417028,10.211076749123315,0.5488819612644037,6.0,96.0,4.232531775989898,5,307.2155503177708,22.71369217989633,359.6121132723129,19.791259624648465,14.388108980643482,NO
1.4086512821504638,20.496463334482197,5.80242896905298,1.4315060035210638,9.0,90.0,3.2672096397163912,6,264.5498894515094,13.940666320531253,390.3928152815674,7.274905458883542,43.22199137418482,NO
1.6239161378214537,0.9200045793912878,6.955884001516057,1.2995396507127688,8.0,8.0,7.273725753580333,4,233.75749694525382,18.462254711032703,394.84236264288535,8.678332216298273,25.407746990471054,NO
0.3459778881433323,90.53293494041445,1.8469503410623214,0.47710775313602216,8.0,25.0,7.661584575110902,2,198.5383952341919,13.702180433173536,396.0412777086956,4.712137259002162,50.12356966838899,YES
0.34776873888213167,81.83374542458974,3.36171648014245,1.088284895500625,7.0,32.0,9.573046701351517,2,242.1563270531506,18.65490282980859,343.22626129574627,14.016171983655646,21.616631789614814,NO
0.8227598063689077,20.478614841861855,4.478034410041858,0.9070200626822638,9.0,67.0,3.8778089111363983,5,264.006809696187,13.199215975374587,386.8847169989935,7.978208418320361,50.17683505843569,NO
6.343292748049714,0.25994589887793634,20.42336288005521,1.3130939596062357,7.0,83.0,2.6466177998464886,24,666.9388614163151,21.01188763163184,378.63507880760164,20.737026472773685,26.44978913229584,NO
1.6107144066254324,0.5717192486353624,8.34301260330626,0.8349423425836927,7.0,64.0,9.312061982903629,5,234.15142544038486,18.29027430778221,397.3573579591602,17.01282863963125,19.9677381455056,NO
0.21553032790646315,18.287554224011597,1.5446737802236894,1.1786253531070947,8.0,61.0,10.171036549254463,4,216.8143993199907,18.73349498771332,393.362745310648,9.13858809568643,35.19189882672276,NO
1.043667927737192,35.09096789633778,2.9050868317996654,1.015387532612215,8.0,50.0,7.63960063923447,1,285.7237059557179,15.946697661267299,395.6966432569122,7.181602915278524,32.77546274772276,NO
2.2585577505145267,20.899200085924377,7.323811249113293,1.4450908871306163,7.0,43.0,6.610037957427845,4,223.74298962490298,18.871985281460578,389.6551397662491,14.50506898332753,22.621153037897784,NO
1.4972828011138544,0.8985306440862875,6.659474236293084,2.2240921124384716,7.0,92.0,3.61312587179325,9,308.18078983663344,18.180732238650354,396.22337274516366,22.63872443155256,22.3942492752217,YES
9.346643934359232,0.028347985087958622,18.48109753988994,0.9283152899526852,6.0,85.0,4.695744637006792,25,667.6947061826967,21.86129663542475,273.6048625394026,16.660670969198225,15.017687531872742,NO
2.1939614633983506,33.69404141307313,2.5980630439011576,1.247644797463248,7.0,58.0,3.9906199041362393,7,222.04573992072662,19.156517508129145,394.8734429979275,9.188043075829892,28.889719963148348,NO
1.6487798531569946,20.87101465323058,4.087211990071827,1.9984902984772048,8.0,96.0,3.4342024527276793,6,265.0158693244778,13.447918759907955,394.00372015559816,11.495586594789694,31.1387677383283,NO
1.0512709880339504,0.30646387409864195,9.719766730490562,0.6212097784084505,7.0,100.0,4.7395505948118934,4,307.45846269040527,21.477527875604626,395.15412896421316,21.067086869965575,15.497742673485298,NO
0.33341009055038173,25.628667448205068,5.369051351726263,1.7976221496634184,7.0,72.0,5.82449518596848,4,282.3326150753906,19.167067990277996,396.10763198051535,7.620282895147649,25.087852687119845,NO
2.6006403340356137,0.5514953314134955,20.688127077477578,2.677605765283392,6.0,101.0,1.8187554885689363,6,404.04357476421,15.209964491751071,169.29643375637195,17.466780932771634,16.590194469900737,NO
0.3550037374375416,101.10152600108147,2.5015869127646617,1.1864466619365166,-1.0,42.0,8.72558140125198,7,256.1444940944483,16.480550186462693,393.67832657972235,4.306996105748123,32.1911326071402,NO
5.299222252756113,0.7846705434342381,19.481327079190923,1.301707200076891,7.0,83.0,3.2364142775016655,25,666.2748119673632,20.44567176715443,395.6108719363057,12.2394435606038,23.122086285580586,YES
7.136034775860934,2.0740345409320895,18.951834001251086,1.328792230856463,7.0,88.0,2.5882917422985985,25,666.5407551225494,20.537456303844362,100.86764714122067,16.27770211459395,14.416290894891434,UNKNOWN
2.215154235477662,1.9813186698886773,20.610267425647837,2.2926240417393142,7.0,100.0,3.754958105404934,7,403.8741878417084,15.748946985411319,366.07319777604613,8.083842365369511,23.452538398170116,NO
0.7340924881042109,34.084318950567855,6.720417259430235,0.4973432750074809,7.0,20.0,5.534473257420626,7,329.0337865879742,16.67566360581325,384.04940501468366,8.778785077029141,26.800137266487837,NO
1.0270414169558637,1.3117248070543415,7.534384419597643,0.904756197673265,8.0,96.0,6.064800840359281,4,233.15692169232912,19.13418656844037,397.76961832361593,32.25445899792714,15.289075045692817,NO
1.4138064029504145,1.4106516885188605,21.961519848568244,0.8219172409374562,7.0,96.0,2.4866048895843815,5,437.14610229719545,21.246434832979674,397.46142895712876,18.503601046090644,15.013675751572261,NO
0.7765164130411799,100.81859051262829,1.8697873693051998,1.2916549774148685,-1.0,41.0,9.36891135010606,5,257.37245161862353,15.703852239313449,395.19304167762243,5.260443160637806,31.94519796066117,NO
1.463019176071765,0.998192155713382,9.49128028339517,0.6895642116683529,6.0,30.0,5.046105647641554,5,308.02759670783206,21.56269394945951,387.31625788577054,7.33254877847267,23.492382935374632,NO
0.34328283652572394,0.8175338607606542,10.045124810802923,0.741534700761765,7.0,-2.0,3.127407875612128,7,432.1741516528824,18.653937523231683,391.78075085403697,14.072992117110436,20.018586832309104,NO
0.920312712284843,40.005946799546024,6.998810714863696,0.6913512991295708,8.0,32.0,4.329729426975817,5,254.0312255067154,19.449584601169,397.2905807498503,7.86017057024567,29.827953752456303,NO
0.7493609618497774,25.084120174767616,5.250245949945517,0.9474100717582413,9.0,44.0,8.800751276293973,8,285.5891513323247,20.6836847265106,395.98466732612366,9.923796276161315,25.717033689557827,NO
9.134917048310049,0.890989840867441,18.27514037292615,0.9601200840994184,8.0,99.0,5.035205282902764,25,666.3986252748142,21.997609321482226,376.200782407875,17.599045967340427,19.709835192955,NO
0.30295114891012165,0.25396338745173436,9.160666908129606,1.0774872023953654,7.0,72.0,3.221694891764794,5,384.24208779733993,21.289377714782255,396.19103122187687,8.525685733131125,26.749284049843336,NO
0.32031627498416265,0.6537079074860259,7.457632623018048,2.3210410157849304,7.0,53.0,4.726495876961464,6,287.299607809396,20.256877718511934,397.4539027628313,7.7141672756373705,24.687298720218525,NO
5.9223099140870925,1.0099118289743567,18.80702166458533,1.2708999659422724,7.0,91.0,3.2898514227688618,25,667.6788069365534,20.588452773851465,396.0524981475995,11.88152829789719,20.8869336135447,NO
0.4980069185090168,0.6275148730469879,7.859664003853802,0.9649330719983787,7.0,-2.0,6.370325903178948,6,288.6865822787519,19.603305649457035,397.4360957068003,8.460256385300218,20.84749777308129,NO
1.617125534981134,0.6347701655027623,7.314720464183456,2.576272755390606,6.0,35.0,5.653606620251574,4,233.02637571576292,19.390406417352263,397.69627742432033,11.112760950422341,19.962765375490626,NO
0.7031870890632271,1.4541032465500432,2.619211324398613,0.5327517194866175,7.0,47.0,7.039717115000008,3,222.18348550025146,19.25537908362038,396.0846550563067,3.0899106910014766,33.50023070254777,NO
0.6922510355607947,20.378220708140972,8.023254423373833,0.9587927562022456,7.0,17.0,5.1274500614215945,3,223.00757676706223,19.14973219735168,397.26921690817227,8.340977353823504,25.79436089894265,NO
5.557795565269264,0.08505888398733798,19.507639422550287,2.015363491968408,8.0,100.0,4.219266558498545,24,667.4048294490958,20.396509694878624,375.63558391622223,4.314467099018524,51.00211490850265,NO
0.8086428000425245,45.87304721751258,4.758844094566689,0.5497458181844345,7.0,41.0,4.0428984173399245,5,398.4055745465217,16.352187993440314,394.7387617772439,6.9510606778131105,33.72148028882891,NO
1.0286676070778726,1.0331341059393306,11.30569951233421,2.9442382575260253,8.0,67.0,4.347926525785485,4,305.371459216722,18.879372109619897,395.92089350926705,11.13859716337655,23.488901817968834,NO
1.7077806028750098,1.3821984807920324,13.73632494653392,1.207348151507144,7.0,47.0,4.232373856211183,6,399.20077855246484,18.93240468581624,387.27566904569414,11.472992806469147,21.881518874474235,NO
1.4653968031476885,21.40406153542248,7.650877910364289,1.1569226151383054,6.0,43.0,4.441919265508216,3,223.17212845609245,19.322744755558464,388.79496663957855,14.578167752712034,21.338726744060587,NO
2.0357577066707493,0.43496686615548397,14.136499110612363,1.4431340261525845,7.0,59.0,7.2012624246510315,6,289.6892046076634,18.135672857342577,396.99670726986943,16.186733718688437,20.418107844644233,UNKNOWN
0.8270812558064325,1.0059428566130146,9.609295538438932,0.7067126210680819,7.0,56.0,4.575249419393898,5,287.4870461917861,19.726808879951708,397.3054246384825,8.478348191724995,23.446238460929784,NO
1.7450233201461682,1.1341409948153722,23.099872631296517,1.5043318467170166,7.0,95.0,1.656331235591636,5,437.2838781877576,21.769991618884173,390.9974153378382,25.720197337935517,14.649529699759421,NO
6.995056329146069,0.09569157126420125,18.354063844591366,1.3134237251035081,7.0,88.0,3.586580358391461,25,666.6907033458677,20.230234650177064,100.91919374743307,17.121438436605445,15.162752772365105,UNKNOWN
5.4632787960172235,0.4171528007546938,20.04065458224445,1.1578356482242917,7.0,88.0,3.1678255928018815,25,667.5762139839632,20.728156616625775,376.077595697614,8.618435793406725,25.96376661159425,NO
6.735237523304683,0.7751700419038327,19.487647086733666,1.055006109274293,7.0,87.0,2.549056008584936,24,666.0968963184407,20.610389483488373,51.08070727178222,18.869484205828424,14.241638733899036,NO
0.07316724485696084,0.8002034723072703,17.12663636509124,0.6115714697828727,8.0,52.0,7.781981785086208,5,289.23158101381523,17.071948309027707,393.0246120349805,7.943991459761965,28.8890231596836,NO
1.1164301136347137,0.35269459964487265,8.265802300621894,1.1213643208095951,8.0,62.0,5.024998863713102,2,243.48600520491365,19.932548555529635,393.48737380301003,5.340668217352455,35.885227137393215,NO
0.6904184017874571,21.980967295856395,4.735840977544856,1.9363847245669354,8.0,89.0,3.9553793582367303,6,264.2475542816818,13.844436429177287,389.5159669780841,7.746793287520202,44.41263419874071,NO
0.9142708498547449,0.5790186629475148,7.7040169151538995,2.57634134082901,6.0,75.0,6.1717719422170925,8,288.0784746964509,20.402070366706205,391.1507365602828,12.846944199612546,18.99598932208618,NO
1.1781076556706584,0.5898836790857852,22.322737136800026,1.0599670586965146,6.0,99.0,3.059683217687315,5,437.63389379106235,22.002361656109255,264.48823668247485,18.20811668240463,15.962547415333013,NO
5.0650981794831615,1.0073563911954542,18.592126356263286,1.251582281411359,6.0,92.0,5.107524775361673,25,667.6031401983939,20.217021923640736,316.9837471238069,14.032688038536246,22.83092137129803,NO
0.8661846090633574,0.08937997349630236,6.960040917809543,0.6633644973916879,6.0,43.0,4.721388677307572,5,280.7932283713562,20.05291033725088,397.0109079270521,9.219913300966942,21.607474636196457,NO
2.238212518185226,0.1356198572892183,11.063709916291781,0.6028743512998781,-1.0,73.0,4.6698236509298425,5,277.81106006135866,19.598705165554364,389.9587665774654,18.07467562391253,22.908537384759768,UNKNOWN
1.2685377472210781,40.69286413070708,7.061724515176079,2.6731306627509044,7.0,50.0,5.619990284318909,5,254.34417050368003,18.138951358686644,389.64750104842534,6.672440789671363,33.91211315441347,YES
0.5535168607583779,34.70899671526903,6.48773673184185,1.8229659975159611,7.0,19.0,6.295052777769857,8,330.15571443279435,16.492556840268985,384.07070108567575,9.44914518161888,27.096602264812848,NO
0.9815283711245231,0.032635820943291094,8.38786052714374,0.8146471742399717,8.0,81.0,3.6903673606260656,8,309.6117310155163,17.4806100303532,372.6139396021101,6.412383065788305,31.719273524929736,NO
1.186844984922575,80.33450357177158,3.5544048591875836,1.4626272131637257,9.0,19.0,7.714633615796382,4,337.84408844403623,16.542097312888675,397.1570742626532,4.677221624939205,24.657393771470147,NO
0.7593313026146525,35.96318549312047,7.161743738134724,1.5575018479331684,8.0,18.0,5.769032579658151,9,329.07370519463643,18.319250600683585,392.8404606692112,5.678639832279291,35.18207474999194,NO
1.25176321513874,1.5444667687387226,6.127977211572856,0.8174011041933626,7.0,30.0,4.539248384845352,6,279.961798186077,19.50947466998969,395.76392663710067,11.212126431329908,24.7211826808525,NO
0.19925715728194648,0.06436145709542188,2.8919710869828776,1.3873991586367342,9.0,38.0,4.355645055764395,2,276.93919263813933,18.33911595471544,394.72966361010003,3.8352195247649474,44.695702656797344,NO
0.41848789251489754,0.5686424404878748,4.718898066998365,0.7198057507058548,7.0,48.0,6.970187537753774,4,247.25117041131935,18.717363253077746,398.62012813372496,10.05943756535182,24.298364762079533,NO
1.2832767933886058,0.44674642827871275,22.675216523603616,1.3906936442473032,8.0,94.0,2.1349993269729137,4,437.48114452894856,23.626049114557553,378.295918583013,17.143156945692585,19.32734590975252,NO
1.3458496097994166,21.626293641509225,7.421946520621036,2.6479134467145196,6.0,43.0,4.516647077708065,3,223.0904383789654,18.828081331881236,389.1558704715594,13.482331049600553,21.304753704614892,NO
2.4718528399217052,0.5572228713432308,21.095057098102227,0.8364390272135585,7.0,95.0,3.7399643669257436,6,405.0143280195188,14.721924435741617,332.04602530031195,11.449366212397315,22.447375264938522,NO
4.298432817664423,0.40362185263284966,18.509146858715155,1.192970121977397,8.0,89.0,2.927240517550958,25,666.0331646189377,22.508726829670927,391.69005033723306,15.636509946202922,18.137310721536267,NO
1.488101046586963,0.8336292360578879,9.139445543369982,2.533056907995843,8.0,73.0,3.187195610893466,5,385.7930480345243,20.98189709028649,396.0589892925811,8.07579648089039,27.384487122303476,NO
1.6735539227413567,26.470143106262643,5.737642710529243,1.2735675072309993,6.0,67.0,8.36640081193193,9,285.9059409787887,21.585747189327762,395.3070251919219,13.897854062847621,18.75963122639973,NO
3.3923493952919617,0.7805582515368978,19.52586811637525,0.7141134391394725,7.0,42.0,5.745988407215441,25,666.6652564238094,20.72524447115811,392.94360718595885,11.613235303802163,22.049263458490767,NO
2.505109110421171,0.045543753162725645,19.967746888606275,0.8743008228716792,7.0,100.0,2.197501857429223,5,403.8619030336243,14.986821061579489,169.5903833714115,18.140698988794945,15.886443345137286,NO
3.9314669840729692,0.7475008593684341,20.272529032838698,1.405876882793803,6.0,100.0,1.8854210084453977,7,403.1554179018902,14.95520786754314,397.2461259955848,27.973980063734974,13.926465061605686,YES
1.402827479471094,0.11118386605643936,29.12917805206543,1.9855140581653357,6.0,93.0,1.8746163246945011,4,711.1168157659984,21.896120175794366,395.2880696524911,18.35825580917364,15.45923364979989,NO
0.41930460177978124,22.494594837311872,6.938908270487001,0.450519167730784,7.0,14.0,7.638023005177366,7,330.4704534298549,20.162945607113237,396.8646665379014,6.43289390382833,26.224524513668975,NO
1.7415644927953053,80.42276741810805,4.915540094237996,0.47235815350465776,7.0,19.0,10.192753854111178,1,315.5389375537392,16.801535932792625,395.23484817575314,10.433715827299574,20.9387905806111,NO
0.9171248492693754,0.15871342132295066,10.910581134508277,0.5878062182984052,8.0,83.0,4.083328714839741,5,306.009508745072,18.947047546362032,398.1634992943787,4.987726104292463,22.914961403418793,NO
10.213544404707173,0.23678976356136555,18.443083667543466,0.9170500930450264,8.0,100.0,2.6488922477831545,25,666.0740404403871,21.706914811398708,376.7613527032756,20.695774714947554,13.407202471337438,NO
1.6513866761669003,20.56425162786923,5.059876170607778,0.809438226298246,9.0,93.0,3.9382076579334937,5,265.43447293898845,13.105166991790924,387.17370410781217,7.373533085463873,49.25262182243718,NO
0.7679654387723095,12.79769966328177,8.805113408121281,0.579133817911044,6.0,68.0,6.586146012884259,5,311.1292648716219,15.554458763924803,396.6478476351449,13.692066465460893,22.976699760846028,NO
0.5209675996264692,0.599519596569104,2.8028211261170544,1.0611640659907058,7.0,46.0,6.189704313502104,5,222.38695219289238,18.77458963514854,395.9761467155637,4.705914469927153,33.77050874745135,NO
1.277703002504433,1.044687155172051,26.88335921151555,1.0826770227734746,6.0,96.0,2.1137243787177202,3,188.35281318748022,20.566428752232746,381.4921961079478,18.985052133767677,19.240479827037234,NO
8.522287111947904,0.4600926683543576,18.99744028808034,1.708202568842674,6.0,101.0,2.2677494147043347,24,667.0531854352448,21.901551728185357,397.19007093551454,25.12319335769545,12.811193954254636,NO
3.1992487132396352,0.4344060780766884,20.287145996806576,0.9204708304821083,6.0,100.0,3.3391265594048507,5,403.6322342298251,16.66404091535869,170.07284128745704,16.858057917489983,18.09668854964839,NO
8.337248259471004,1.0223461530755615,19.05718693057632,1.231402015933081,7.0,97.0,2.8732564386355453,25,666.7572610911761,20.61300672545134,354.78344975574714,18.24978520853516,14.065296200149215,NO
0.4657955222202106,55.49849501279499,5.064769401882309,0.6089960151100609,8.0,57.0,6.348442629812786,7,370.79030954522557,17.630500075557197,397.3160684441132,7.6873408364946325,25.230030377775154,NO
10.696747812322323,0.16066966737902882,18.33968806128178,1.0259077005247614,7.0,99.0,2.901496748627716,25,666.8913175113547,20.42183256117277,392.4679516057777,18.65560774666797,13.47178382891823,NO
5.461486835528131,1.7200249536814154,19.446493245251713,1.904225284168327,6.0,92.0,2.484642755365848,25,666.4088529897247,20.613814559241874,386.14113988869946,17.513581679919646,16.793265693425823,NO
1.0704621314780027,92.22573265255339,2.4283741759482274,1.3590840495940266,8.0,24.0,9.179286737173484,7,226.92435195031615,18.463097886383498,397.0642787663806,5.75142939241168,35.7557444765622,NO
0.9364436591047743,0.46470038065753144,5.236727173057901,0.5892038111963972,6.0,36.0,7.0922873473027686,6,225.44278462289503,21.774875072260222,397.15981067050114,8.729845075779304,21.84936137796087,NO
0.5434892130812439,33.57109489652782,2.302277280404525,0.6629015470711567,7.0,60.0,4.377691652855413,9,222.74087118027384,19.01473327041502,394.6358950089764,9.461000332007186,28.58234440821327,NO
0.4515310911118625,0.3843483064508678,28.895045553547718,1.8644650867906694,9.0,100.0,2.287429985152407,5,711.5509687770426,21.234603949321677,390.78928955638725,19.35469553426494,14.987383904706999,NO
10.861988174306358,0.6129912725043799,18.72112881397336,2.335282550903549,7.0,98.0,2.8881153961568913,24,666.4757035440541,20.498380922345262,388.6652165854659,17.10538532915501,13.402524646268928,NO
3.928759511754696,0.773478993764776,19.010189782906956,1.2320748249664204,7.0,92.0,3.991315910644012,26,666.4416153967823,20.849624299564947,350.80039506044955,14.666564318484548,19.938835431652592,NO
0.37607162451378684,26.510740897672477,4.863816291506742,1.4258148791545686,8.0,71.0,6.065245722615364,4,281.72888326290183,19.242451205579634,397.6174457649274,9.17744331724198,24.878915357126637,NO
0.6826895549571088,80.51124956614271,1.7450395664465392,1.482356612647418,8.0,40.0,7.783413261748842,3,330.57976096761206,14.276538911986332,392.5180828837624,6.7797293794236015,35.249973677986716,NO
1.043267599411437,0.4098633210040892,3.35354022583398,1.7089111484658406,10.0,84.0,4.555788892183639,3,193.05138751782718,18.022533471921115,396.44546440142665,8.657375459472238,41.47097498206412,NO
0.4002781911606201,45.93139013654036,4.250959646992554,0.8115079114762317,8.0,22.0,7.797177572648663,5,398.1356284774335,15.374518508719557,377.7403184416628,6.062382757865976,38.926085477125724,NO
2.859096664359149,0.4918932329393301,19.825821826264754,1.9587829305396662,5.0,94.0,2.707636069241183,7,405.52105134260404,15.524173672543686,357.159441702785,29.49065499199977,18.198496251820778,NO
8.689452818152578,1.510507004636136,18.478373646433973,2.490248399742394,6.0,91.0,2.1870977830923524,24,666.1671024565396,20.644914573133985,348.7043926849905,11.231771671341551,51.24884814237421,YES
9.058392027487256,0.5786102659414835,20.027078876878335,0.7797398090394149,7.0,90.0,1.9482920238117951,24,667.2785407947416,22.434237931134636,348.51394581725117,9.644864180887204,50.50005007510303,YES
0.9010746628610288,13.181190209548438,9.079189070424496,1.2531084915777848,7.0,86.0,7.617044324826682,8,311.1350860729207,17.00379881377932,387.85720292791194,18.220136272954345,18.997001483638414,NO
0.23115766892567988,13.591114425514744,9.441960305190861,1.1359676821124882,7.0,100.0,6.321655890818558,5,311.7430152428868,17.427339000436536,387.6987636476174,30.25272880914988,16.822492620269077,NO
7.537898947190287,0.32156798582440377,18.467542649443015,2.275729859722377,6.0,98.0,2.1218405121644586,24,667.2843622272804,21.52591174162464,316.94624836762426,27.186052460761324,17.812581333935505,NO
1.4745185713019864,0.23112742340560802,5.763663428495174,0.8423364244286742,6.0,59.0,5.495593420251168,5,225.08667999462617,21.372548652749487,398.27567968819994,9.929605335968528,19.09793598548973,NO
1.1296674752935183,25.87050173378719,6.731387771860052,1.3547023575128079,6.0,94.0,8.17273033322314,9,285.37559560799605,20.72288965676057,378.2136202438124,16.544008357294615,16.0144076157844,NO
1.1408468028283663,1.4460465592078098,21.923861944059624,1.1790369725027765,7.0,99.0,2.8441986187877752,5,437.4225964155251,21.222717301657543,393.3637507294636,21.729478126820705,13.75172144455071,NO
0.3111156941369062,2.3909628242464143,10.158588871490785,1.619665459609013,8.0,81.0,2.88625766488705,6,384.78197379101954,21.601495661375385,395.189818533571,11.367995696779921,28.262995108629497,NO
1.4616652823008143,0.6627337222062427,22.121600934869896,2.2648136612270586,8.0,99.0,1.812574330114136,4,437.63486418353784,21.392066833349993,397.88649051474044,15.811256764103728,19.146713067391516,NO
0.7351239329439136,1.0535856238240109,10.506040480867808,1.23034620876902,6.0,84.0,4.749856425786858,4,304.712800821788,19.025940461912633,392.73987201890554,18.894914421466936,19.67402827645431,NO
6.191862763285981,1.4758379037495848,19.114559488084357,1.5745202621612777,7.0,78.0,4.257907093968327,24,666.0851032242019,21.2218915006897,395.57893103158415,7.0161813069987256,27.07642059505615,NO
0.16567867507647135,75.59818763656885,4.161898012358876,1.4894889284408737,8.0,23.0,6.1523045417332085,4,253.03213413848854,19.31752671445087,396.45553501728983,4.530521183320121,31.580156797850982,NO
1.5063207212423944,20.079872255392107,5.042010805596532,1.4179953732344683,7.0,85.0,4.074168447201149,5,264.19867420004584,13.851271225515974,384.3825030131293,14.827634767121472,31.166909644747232,NO
1.089148467173314,20.22951638071262,4.656894738119919,1.7291177290957722,7.0,85.0,3.071302286319011,6,264.68396303337937,13.634140768530063,385.8151685691564,15.303005733469222,32.11280018565438,NO
8.632407271618902,1.1294398516829702,18.41690715776466,1.3031818834226434,6.0,81.0,2.8853667483858003,24,666.0015132377953,20.30686222083751,3.810518586231609,17.619138914026298,13.989303943748913,NO
1.845794734220019,20.248297437594,5.994828559734049,1.0930932238987023,9.0,53.0,3.425711304815073,7,264.6696434060968,13.334003597161969,390.9095681672399,3.485042663266431,44.84989296989521,NO
1.5354764379339514,0.9376223656699174,9.496865706315067,1.3588686679061808,6.0,89.0,4.825011996708708,4,308.23615751267016,21.43162320442698,393.70327075423353,14.36476949872037,20.305877758843838,NO
0.4879947461899234,0.5711967062686416,10.94847865137217,1.274611165112964,7.0,74.0,4.592672420323945,7,391.83305455424806,19.902091191309164,395.7916800304779,16.813737140766854,19.180048414129118,NO
1.4675621743582778,0.518701806702284,21.599008453014132,1.610740795143819,6.0,101.0,1.8964121819202568,6,404.24510623764576,15.403931002416181,354.0286838468749,7.242978076819667,25.075027414124797,NO
6.662981047424128,1.9280955862015146,18.731378427526572,1.1700772172777567,6.0,88.0,3.733305577384293,24,666.3045494729754,21.155132892934894,10.783601688107725,19.992421641789765,12.897986835872953,NO
1.2723761579027701,35.69946026538356,6.26830901612083,0.8598551012278193,6.0,31.0,7.698417807355387,2,304.7258891424563,17.915780920275242,394.26405394291663,14.203537063997086,17.467004555908517,NO
0.5046930708975059,20.797034769311352,7.023707655630191,1.3434630045929055,7.0,17.0,5.815975748730153,3,224.5904403239644,18.8576168554787,397.6890217825318,7.071254602818331,25.699013933696904,NO
0.8878687126051483,0.8493315597309381,3.7021447260559928,1.180871060729498,8.0,63.0,4.64811607693462,4,195.18162138986176,18.229310199546756,396.93087689310926,11.13939970330523,36.317112981949236,NO
8.14582846256896,0.6266561889654516,18.451196182709758,1.5527987205036013,7.0,77.0,3.090970135378817,26,666.1019028242981,20.891189523221612,98.02765222698592,12.352745970222102,17.0281243234371,NO
4.1818283892576895,0.26713370301591244,18.61141550011055,2.0637006551572745,7.0,92.0,2.4289348979903016,24,666.7825268175721,20.60908597622325,351.9915786069356,14.33366288934115,20.4252383770492,NO
0.6688040358600996,80.05634727087214,5.061018533951354,0.8144670283102327,8.0,28.0,6.081832717602666,4,245.86652759365484,19.35166222404395,397.68745308212203,3.887600427614683,38.83981474431394,NO
0.6472211138141777,45.44504224036677,3.7007842010868015,0.613235547867048,7.0,33.0,7.779344698386426,5,398.05134704432214,15.22478025287084,390.8402447885663,5.47348553371028,32.048453366644544,NO
7.845457228530199,1.7491622839639516,18.708729650300732,1.079862126402196,6.0,99.0,2.830648261313967,26,666.5364703596005,20.850794730473858,393.50269447341543,21.091790212541444,9.97105179619194,NO
1.6234811265887108,0.8600102382054773,14.844385547790317,0.9081507506585842,8.0,52.0,6.444243628042784,5,289.70663087557125,16.178703893673294,393.6593253224735,7.536517563784692,27.65785899818418,NO
3.5822504174680025,1.7084868980224226,9.911120377180646,0.5543166672901364,6.0,40.0,3.5894671046046005,5,305.0323723350526,18.42176428358558,350.6066088702755,12.859028789302698,16.685956297001702,NO
0.8588865283748949,80.47750216777415,5.21116867426411,0.6550686678461473,7.0,29.0,5.600215779327,5,246.56223524255233,19.942356122446988,397.65002898849224,4.467191138925462,37.7653545071802,NO
3.142165320427404,1.4203255625241937,19.932670279319613,0.8996131928535636,7.0,98.0,2.395428373147146,6,403.3539699145649,15.368308053808269,364.2138927823651,5.444303963116523,41.39458201151333,NO
1.8371296419418635,1.055179279150162,11.460401988614574,1.5928748946253708,6.0,-2.0,3.921313657420196,7,432.18611952412635,18.796633508430837,391.85152074160953,14.618974344717119,19.532252333320944,NO
1.3331276903524498,0.7646430743985054,8.591483308941271,2.289773243443717,7.0,86.0,3.555145918007187,6,384.88078377079455,22.183298013399128,389.8691492672362,14.41731010302064,20.787717670093567,NO
1.484535489098277,21.47073423140846,5.742220184767142,1.9521273390829457,6.0,22.0,7.018428279768496,4,243.7000747280207,17.745496594396343,397.7092347370706,8.829774859497103,24.186150172339904,NO
0.4524992175525178,25.828531428672214,5.97871346486127,1.4622558739208056,6.0,48.0,7.872935933584782,8,284.527745115985,20.457411441946416,398.6502648182079,9.26618103356981,20.392076770617297,NO
4.261590743347697,0.38113374031085684,19.226241252067478,2.6945658971833564,7.0,81.0,2.8504855943758205,24,666.8324347617215,21.066042319296876,392.10759699909175,13.282764655628146,22.77701047708542,NO
2.434840315724596,0.9529759889686134,7.0217724706431985,0.9184209992895553,6.0,62.0,6.735837022434041,3,234.13145013218482,18.783104536701035,396.9878618243124,17.70847353374305,19.90621013141707,NO
4.711641238751855,0.20861411189013657,19.801289811606626,2.0915451745968965,6.0,52.0,4.476973861401935,25,667.1955698847134,20.796969444015918,389.0209305668969,11.395068979610414,23.17064365938481,NO
0.34528311859556726,0.8609996454348152,13.462230306142425,0.596113125473776,7.0,46.0,4.922797424093081,6,398.06397153461967,19.60216508652301,383.7156550314051,9.845956821047336,22.445156557561535,NO
1.0051015192827661,0.06472233468331742,9.694178032549118,0.6415230608325051,7.0,83.0,6.9556803958352855,5,307.7366377089675,21.368441761911594,386.90146852366263,15.593649563462996,17.712648655910954,NO
1.451506756719532,1.4954690481929178,10.895346415641356,1.403953634160151,6.0,94.0,3.416585765406958,6,433.5183681013653,19.579502271010714,395.1429361866941,17.89655273472749,19.343042524231866,NO
0.3497347374075679,80.58894341473336,2.178173838196126,0.43484094714414423,7.0,32.0,9.617631757108814,2,241.67371592087025,20.43680011928471,343.1354865673188,14.028166251808544,20.129651648074802,NO
0.4680504401398578,81.33606303032246,4.202568268127435,1.4321777856991438,7.0,32.0,11.233344618892797,1,316.0662715534276,17.018727990542317,392.99144470280874,6.914410770069886,23.059967624723644,NO
1.1736205887016453,40.08015595701573,7.348256392171611,0.48171174642918585,8.0,49.0,4.943413795837872,4,254.87945503961726,18.499648534560613,389.61691519452893,6.514248657403415,33.47907247255262,YES
1.1075491472610044,26.65881528420644,5.884504126451547,1.6528136024385223,7.0,67.0,7.39943588794503,8,284.1660203305322,20.132849377524916,395.1358046814933,14.713514865588543,18.78781818740189,NO
0.27548017638092004,1.3903792080930617,6.573692884049216,2.105908191198604,7.0,42.0,5.110460541442873,5,279.7400965782436,19.739872501877507,397.1436026403676,10.209378431131054,21.287760842220536,NO
0.30271131375608185,1.403070151179403,10.48061803628916,1.5706926683392584,7.0,80.0,3.5514944560754276,6,392.0540266681381,19.53719737661683,397.0980091451248,14.561990970360752,16.803075267779317,NO
1.0428312523246899,13.28281312437151,9.033012777458275,2.8267746336344084,7.0,96.0,7.846125613376633,5,311.58900843106625,15.99030900666711,398.53532430713057,20.801636441314727,28.243988159622702,NO
1.3887682032790543,1.7534855848467241,13.35060225200261,2.3671225971890566,7.0,47.0,4.2023815661681585,6,398.5609948586625,19.82754124310691,387.6610319530291,11.869949761783783,21.028357952301793,NO
0.2649768135277673,12.994056928863124,8.125412024280315,0.5580970712490526,7.0,68.0,6.375187998686759,6,312.0308032819143,15.781592699180557,397.7051489399802,12.869563846997478,24.900621354215474,NO
2.0433218396273265,20.082892639024386,4.80828351540036,0.8938353040240046,9.0,67.0,4.2696476718911835,6,264.6834170562854,13.359965286518655,384.6169739534634,8.14452695731579,50.998030479470195,NO
10.577280041057467,0.22255223599341598,18.36048802123289,2.324956167738571,8.0,97.0,4.589038689900336,26,666.7821833651004,20.664166170316626,60.79507072400781,25.40952990683016,11.062148275717288,NO
1.1637840747588117,1.442848769958179,14.277677240658528,2.327518818127173,7.0,39.0,5.053946013754497,6,398.39778204089754,19.39281292218837,397.2601719008544,9.124928448497656,20.965548137498168,NO
5.687115775257196,0.794433722055333,18.616087469994657,0.9116472536799448,5.0,89.0,2.081997543581584,24,668.4423777949074,20.702369779056614,354.73117412512386,8.41907526980195,27.85581357224198,NO
1.809484402455426,81.17086113706158,3.9782423732296497,2.1868152554612412,8.0,19.0,7.338670762535121,4,338.9175129160956,17.80924312757702,397.6914389563106,6.085479550857335,23.849838214834534,NO
1.7971674321871485,0.3651760735040246,7.703468904251193,1.3760805319226967,8.0,44.0,7.01496671935046,6,288.33840819583907,20.172433373342027,397.21242977234925,13.036193512670934,23.382669099352746,NO
0.6910457815192859,0.6557567346969211,22.157931356850845,0.8426025088173396,6.0,98.0,2.9795453388811577,4,437.17688350302615,21.471958106383063,392.8276737899533,18.283835767507394,18.206356187337157,NO
3.1885355620964013,0.10990255984587771,22.20249996345628,1.4338561172967368,-1.0,94.0,2.8229765680594423,7,404.7606395986783,15.00612623912767,240.40440441244408,10.622503588596254,26.401509288711836,NO
5.120827249626511,0.29996047054304104,18.87159871360896,2.5740092901733944,8.0,90.0,3.08074663787568,24,666.3016735853356,21.631369659256677,255.43104551104346,17.198801772720184,17.326948543042178,NO
8.042393810373264,0.8906713084242479,18.62901816464917,0.9472307602643529,7.0,66.0,4.7785262827593415,25,668.0776360476717,20.422276761219784,397.0732337201774,14.109431088596477,21.43486502485722,NO
2.0100655609607028,0.14438670283111565,9.716032276692559,1.3716868514425236,6.0,84.0,4.868134487020134,4,308.5884611760417,22.04610473055422,232.88423069004344,29.331797739236265,13.66636557102905,NO
8.060949890364363,0.048974472346301104,20.01731635567951,1.4490218149419463,8.0,78.0,2.6141788822753913,25,666.5016899230626,20.942184154992166,96.89264015824901,21.55130495536488,11.782872354922711,NO
1.7082110367722438,0.3421496061961069,10.009594271268965,2.484128926737922,7.0,91.0,3.731590589664269,4,304.58394899892977,19.51892888361398,397.186650612044,11.966539436203561,21.258847179701277,NO
2.9426610262033717,0.4425283713081503,9.31854079465332,2.8546164246438543,-1.0,90.0,4.615356150190554,6,307.1792552670111,21.95434102793329,308.3823220006048,19.019261936077555,15.68598623025793,NO
0.707193750836255,28.099323867367712,15.497088392196748,2.860663317171214,7.0,78.0,4.20850245471255,5,270.02155595063545,18.51281192933976,396.9619913295346,11.192149696092228,20.73785514986335,NO
6.80760195284687,0.0063740859384708885,18.218211468510937,1.2942710104623656,4.0,90.0,2.1969897481715,25,667.5509164519208,22.186199801508124,355.2018463943799,7.413569114986337,27.89140326732701,NO
0.46090315903214907,35.64705093290248,7.908721797114658,1.1164808962612474,6.0,29.0,8.174262233911804,2,304.94811706944665,19.203197210387522,394.35071482492475,14.192918761007165,18.31416374441114,NO
1.3416775492691637,0.16070600854546188,6.728360093447393,1.4833931674699248,7.0,89.0,3.6582898871531295,9,308.5620585709877,17.737749438652116,392.98969536994326,11.775817274241765,27.772592800155827,YES
0.6400605738453632,0.9008028110183145,6.452912537200784,1.1533500589479464,8.0,67.0,4.136274690255614,8,308.8997157497213,18.153966974795292,360.709121789066,8.264275007067678,29.822239154701442,YES
1.2111201666084452,2.268499729125613,22.157370170677193,2.190830944673302,6.0,95.0,3.2672116671067783,5,439.02183516701797,21.423838923412834,398.6167348098759,18.6836932355124,15.65590156223533,NO
1.1626491220395905,1.5076705950630085,10.771076357742777,0.8266067208898733,7.0,54.0,3.6099992911749634,6,391.6884763103217,19.55862991712626,397.080734788761,13.474787237151896,21.969565646225355,NO
1.126268584370003,71.01111957369208,2.8758586961288306,0.7288569568482988,8.0,10.0,8.015279708697252,6,358.8615397946571,15.412869780763957,373.76406814985324,5.958993138609474,29.417506449463644,NO
2.673824154604338,0.5947919387815314,10.352191927803705,1.6062886897866813,8.0,74.0,3.131884974117864,7,432.3982601709586,18.25106530132647,393.41719921075213,12.749434213312124,21.341917969161752,NO
0.15334904565814414,81.04976377190513,5.818932909477885,0.516702748494928,8.0,29.0,6.8222712127787375,4,246.2109702419615,20.12365311945063,396.97690846700345,5.0872117034265205,38.84764768507051,NO
1.4812362188947226,45.26924043129294,4.743431521622053,1.6031277261429067,8.0,22.0,7.3263419690381975,6,398.59950892699106,17.16441038141188,377.92145601648065,5.650709244732103,39.05048416887432,NO
1.98596120483358,90.56300319805314,2.03256988088027,0.9220189331497524,8.0,37.0,13.100519830555063,6,187.63801176423001,18.143171753402463,385.6849490455141,5.008979023630381,30.855086556422133,NO
0.8811983530874264,26.208144650993503,6.117481234474335,0.6477262338086572,7.0,29.0,7.91063470132884,8,285.09191634880744,20.454953413273625,391.4341356120743,7.533191493259951,24.339350994307193,NO
1.3042395864833016,0.04407806827375008,22.44483508469139,0.7760954189210909,6.0,99.0,2.981648054052333,5,437.09864357183267,22.621824118092295,263.7010178784204,17.34681827888127,17.681162800790805,NO
0.18096360398604955,0.9641262430363253,14.115530186559988,0.626275727703883,6.0,9.0,5.649941542684983,6,398.57591907922625,18.93084962966236,395.27871397669844,7.268007573031636,25.26704626892092,NO
2.426129267499196,0.026697492893339246,22.12871344091345,1.683897060441999,6.0,100.0,3.498912110514717,5,437.3199246957106,21.72096699622934,395.5581484288812,18.270741599355784,18.74728579418141,NO
1.739514043952283,95.67564484750558,2.9690408239517616,2.0276536812145025,7.0,16.0,9.684877446794955,5,402.2707240228354,17.785439706095605,396.95702665817697,4.716341778079752,35.42341774272778,NO
0.701325811984113,0.8882696475915751,25.073126396066222,1.1205557526852563,8.0,-2.0,4.2330234357478655,5,439.06354128859203,22.169931231826958,386.2141946767761,11.377470841496695,23.865720878088833,NO
1.5724197795283223,1.5822266435631265,20.00757918680873,2.7883928083736667,7.0,101.0,1.6532826177488762,6,404.47383475811733,15.234878157889309,343.34591863371264,13.659164320330545,19.654597337850255,NO
0.8925456314113712,30.767050023622065,5.340269204496658,0.5288155744875384,7.0,19.0,6.355079707716182,7,300.6447450369655,18.720073856971073,379.4150271072473,8.171869853126386,23.739994487772815,NO
2.776048286529333,1.1909523801831257,20.505736268172438,1.0537958991441403,7.0,96.0,3.347206891685719,6,403.779592523541,15.206101533794756,294.1967752708435,16.329101032718338,18.041008595371856,NO
0.5167117416506528,1.2053390350212518,11.030275844595332,2.7590446976985756,8.0,6.0,5.331775089356144,5,308.0632813487251,21.092995747384084,378.8064050644743,7.697143941586624,24.138164999255846,NO
1.0567298265123215,40.30821456025405,8.176101201798723,2.56991324386509,7.0,28.0,5.051958538584181,6,254.0027840419604,17.62530797597182,393.68341692780314,4.485281200318141,33.603525648400854,YES
1.1211008700867762,80.03476305777991,3.1941421789717093,0.7509648412794001,7.0,31.0,8.460391135985036,5,281.02322945721687,17.70859725097995,391.013693970896,6.368428398999311,25.86356342943747,NO
0.10902778277461235,0.38557837970111625,14.73000304973035,0.8849438523731296,7.0,47.0,5.3340548816895215,5,398.92511906539386,20.41499818830252,387.05771278442353,10.4552586546619,22.341057024971448,NO
2.552598718914073,0.25409071443034364,20.40095098164224,1.2709302718570392,7.0,98.0,2.808752644983733,6,403.5496967031521,15.375781757568365,372.8805249114841,14.656603450159107,24.251448333965396,NO
0.9690732099552937,46.415813848154784,3.6721057385589004,0.5682145320356351,8.0,30.0,5.3937830739002255,5,398.1575095881944,15.806483883488998,383.1799972161456,5.274286817215366,30.873696212503802,NO
9.105261727619762,0.4449822578772585,19.807411803162807,1.9925152227550624,6.0,71.0,2.485061330037111,24,667.6755054915446,21.64103429040816,4.386844746415062,17.668069566655863,11.831002605032344,NO
2.072674403524445,0.29987383195260847,6.485597579827232,2.1318214061606264,8.0,69.0,5.233955717619145,8,307.1031206020243,17.790947353067484,378.6361225117028,13.477441543299879,24.801484084795863,NO
4.24930362660752,0.32624966683615475,11.06991401661644,0.9559682403228207,5.0,39.0,4.243797182897529,5,304.6601281320808,20.492153018769844,350.93375380276575,12.823044058263577,16.45340618759524,NO
7.672033504070232,1.153835794861419,18.274235201774484,2.2282431008600767,6.0,97.0,3.058517554463455,26,666.0813221471243,20.306314816072355,394.90987679767665,18.007528842277363,15.615218893207807,NO
0.4366896854500836,55.38758216632815,4.047399107895946,0.8577412825977906,7.0,30.0,7.114078963368172,6,370.6178524862042,18.650980335259163,388.11455435092284,4.981307067583408,31.437243587189382,NO
6.1024964462769145,0.17961954036173683,18.387226027157762,0.7626547856745083,7.0,98.0,4.263246006513999,24,667.1863169474883,21.246321312734093,356.255755390266,18.31721793912209,17.235401964164378,NO
1.4260149488951148,1.6591650982329533,5.2494585348292615,2.340911174553425,8.0,59.0,4.838055075655821,5,224.33757708877843,22.061591387591577,397.70127942733154,10.872082006482028,18.762718807364145,NO
5.406131304424825,1.2879309362294338,18.493476976902524,1.4218535535655838,7.0,84.0,2.480454507438547,26,667.6509090982997,21.616152739004676,379.97225661451773,19.41660315195338,23.43296430658667,NO
1.2655891508186483,91.33121019408084,3.2278215267871957,0.5348896880287837,7.0,23.0,9.52472720574423,7,226.5739771254427,18.284471175994728,396.6853063679969,5.099231072479229,35.71371512644921,NO
5.287503102804887,0.28919689854575514,19.716282159655435,2.72804027523985,6.0,88.0,3.136560873480637,25,666.7794329866355,21.521789757157737,11.170162576140259,19.36599827775765,12.947064354230758,NO
0.7414074239952844,0.26455897359052666,7.302651402221034,1.3314537512734392,7.0,22.0,4.771709504819689,8,307.03671265339426,18.44624550106556,380.9907734198691,4.100860495499939,31.92107068656643,NO
0.45754355801526636,0.5230365924264517,28.641698278475157,0.924102618273468,8.0,84.0,3.5678131444369625,4,711.1958906704107,21.94043317719498,399.2441607637617,14.036558659174913,21.063574851418803,NO
2.8975480730271297,0.33986468754355276,20.37590168821029,1.8802577322836773,8.0,91.0,2.7071651351714103,6,403.44635518502764,15.68071444573196,374.75381272167397,2.2587842999933443,51.02532027111974,NO
0.9810717165954272,0.326978057160211,7.607988122235762,1.3581457459399733,7.0,62.0,6.843875096207553,3,242.4783702307066,18.97248077655965,392.8526426271543,4.335486714568536,35.53774992228127,NO
1.2587409187916503,1.2331879157833638,8.648039607228496,0.9167956126908567,8.0,95.0,4.821289629428941,4,309.34617499078695,21.28596304225989,395.6320126584536,16.58369762577088,15.657809580666527,NO
0.3006933013470175,40.9385405784139,6.800058011779788,0.8853810047646576,9.0,34.0,5.198815380331468,5,254.82531533386043,19.604406843575052,397.1461365485335,4.406991752869333,33.059700301914916,YES
1.0133183137875743,30.392725349489147,5.514604686047449,0.5875849051032024,7.0,9.0,7.080542745599582,8,300.46080579734064,16.60393084250427,375.2050309965512,6.386958074445955,24.316384410592885,NO
0.08198067117598776,81.67159854332198,3.99584486075124,1.385123913042204,6.0,33.0,10.187231568181794,2,316.30268542681847,17.147349704903355,392.9148300228066,8.146318971336406,23.336765069916463,NO
3.644094369913325,0.5478046522189536,19.61428758367642,0.993088669264397,7.0,96.0,2.716982544653659,6,403.92114279399635,15.923813962293105,330.53106709493545,11.83902738955345,23.392492935594944,NO
6.3817577377095205,0.9555093933310541,18.110324858777656,0.7345442934090858,5.0,100.0,1.4284346964131707,25,666.6334167975563,20.375890392223113,376.0782446861034,4.036562754692164,51.28770102848644,NO
1.6300528630798212,1.0967120306143214,11.396924182627904,1.3754234511527748,-1.0,73.0,4.53819431285859,5,277.09380544325046,19.403452933702507,390.76717799425904,18.781544146043544,23.094598053237856,UNKNOWN
1.1968599469195345,1.5809161116598196,8.78296713939429,1.2652086611787223,7.0,100.0,5.406075559150001,4,307.2040808987208,21.233800959127546,395.3764164325408,20.016816911764668,14.952385472993802,NO
3.101871587916862,0.3638114487895939,20.062944355633373,1.5584839537330066,6.0,96.0,2.3430134078650515,7,403.91467132053555,14.715764035039367,393.78586705012447,30.12698156792145,17.1037703505111,NO
1.520551342833444,0.7529546534928154,8.390013039938149,1.7212955145008675,6.0,30.0,7.077921536843055,6,307.747592812032,21.919578310292696,386.97525333316685,8.034808339666434,23.66181887282986,NO
0.14159814005023255,96.24279999885282,2.8399600078650047,1.5470995939539698,10.0,34.0,5.3556201412266535,6,224.2264516026492,16.07775391746671,392.8412203803557,3.8542757421221223,49.254237229611476,NO
0.8686606699750014,41.47629049808794,6.531298607166974,1.838832908149495,7.0,29.0,5.78282608255963,5,254.50509149146825,18.168233567162307,394.9100288015761,5.60114796970179,34.77711033390398,YES
1.402955171401296,1.4276594745276772,3.508451538893929,1.5579663489328621,8.0,19.0,6.17675491983632,4,431.4702682515857,17.03947129574007,376.26043124584135,7.46265628531125,22.64993356048132,NO
0.691411725898342,20.33256963600914,4.883566659931456,1.9297468659131816,8.0,83.0,2.6835062293556735,6,264.6003635069583,13.6863560704255,393.741893240002,10.061043282788201,34.12608480851226,NO
3.094255992064912,61.26558897103774,1.7470812136219762,1.8646151793925254,7.0,21.0,11.366025579189346,5,411.7016437273101,18.827559091819555,393.53742061418365,8.801894872687425,19.065064471514077,NO
8.081584919335793,1.2410548627395734,19.99112224540488,0.8878659256987826,7.0,101.0,2.564414952508598,26,667.6588826028993,20.958530597107426,396.2075544952207,17.60659631306186,18.635654978201334,NO
0.8239357212410834,80.55134616548503,1.9407914782692128,1.589859764155943,9.0,39.0,7.872718102956242,2,330.97469129557066,14.567468511907062,393.2050458299742,6.910218375007624,34.659360462750435,NO
2.0517763843063115,0.7765196149848641,19.86361898033075,1.4509158271823968,7.0,96.0,2.1416377458371807,6,403.99775207431856,15.082484066020848,321.3456444809781,16.0209000848768,17.747689386600047,YES
9.35350266992357,0.4664156824106769,19.809761144735003,2.85424496179049,8.0,86.0,2.697724458571672,24,667.0382119225426,20.276050987972493,84.08400993704763,18.434180375621878,14.681207318772355,NO
9.381015266488228,0.10034053032184931,19.42853687999392,0.7238526639311438,7.0,101.0,2.9155433950400864,24,668.4677961887564,20.27025643436868,398.79912552099944,24.62741909627206,11.348730763594608,NO
2.8779850615346754,0.04500045429748988,20.378969427505247,1.7596000795980111,6.0,102.0,2.636217959972489,7,403.87187903378884,15.61887804156524,173.79069609636332,29.6562956497911,13.908464159495438,NO
0.48507909432721297,95.4181250511583,1.9739282246222634,1.4031738425085547,9.0,14.0,7.8460661505042495,4,402.85258543191725,19.235221670299776,386.5895603979393,4.622997048541877,33.61237375977881,NO
6.509488964978611,0.7104515663773326,18.477810467987275,2.237646039019114,7.0,96.0,2.753778174225924,25,666.4474525536313,21.197470548221222,397.1809141694852,19.645847172860314,13.878657014057161,NO
5.987029390591047,1.650907889191511,19.80449390093932,0.8985884157549981,7.0,65.0,4.306633383376663,25,666.1567822091911,20.506786118431567,397.5698738603016,11.455958761102014,23.99593833434945,NO
0.9013726724627252,45.87719502364711,4.296552597816313,1.6036767741200078,9.0,43.0,3.922821082052558,6,398.5223901169857,15.826859793677704,395.48415398453426,7.033603357768101,33.39564228419271,NO
0.862367744222492,1.0106872496576031,7.735756826193537,1.8327940288705244,7.0,92.0,4.762015938839593,9,307.09793865626057,18.488895417641295,397.0780249861731,22.24457849887454,22.198198416150703,YES
1.0198424461920568,101.11657408664941,2.1700165235890445,1.0166797450013871,-1.0,43.0,10.118318427392571,6,256.1771165600998,15.145496595338464,393.34465017146385,4.260999556141998,32.15197139981185,NO
1.25150760714038,61.12958062008272,3.2440880958538263,1.1369532229520825,8.0,10.0,6.3483769818403255,1,265.98391922623915,16.977359657478203,393.6704747150719,5.625968594231821,32.045265402031745,NO
6.066474194636973,0.6965094323582928,19.16554494477858,0.7766878674065197,8.0,92.0,2.705295159069771,24,666.2699201677883,22.001654177210835,255.57484640189892,17.48199003303373,16.669336183099144,NO
2.512518832756519,0.6714098082302689,10.390416477964619,0.986609860029401,7.0,53.0,4.448537804536631,5,304.46455858848486,19.328845600232107,397.4495090609625,6.0322656186469885,22.33398102201718,NO
1.2768462999281072,21.097462283496526,4.720290861739083,1.1227181788531144,9.0,68.0,2.5462165638121315,6,264.2915363165765,13.453129339287731,384.5409959060791,8.184973355882665,50.040362541443415,NO
1.0525454388178466,1.3656038472471221,4.122995820515157,0.8136128049530216,7.0,84.0,2.6922765073181942,5,296.26521182341975,16.839936563617005,396.2652601373263,9.24376432386874,25.47506942881295,NO
10.910060897530956,1.8616461010999412,18.270880586311996,0.9444767074568807,6.0,97.0,2.4566258628531936,26,667.9805484432684,20.881868578949536,389.29653005612545,17.04703959160107,13.549745573212585,NO
2.8964175063089463,1.2092661527211717,20.16098784681867,1.6408302680705598,9.0,94.0,2.72132814074198,7,403.87997088791235,15.44029017673836,389.5272360409796,5.188242321281141,50.40945529023822,YES
0.9338107090255825,0.43762526571505717,7.979673031918261,1.7741292009958745,6.0,74.0,5.1152828102410535,7,287.2677332912883,20.16031196664719,392.18601411775774,11.830008608830939,18.888082490405445,NO
10.487360695151258,1.7535955621581423,18.213033866742496,1.4170119533585563,8.0,101.0,1.3678274941617166,25,666.4374442200261,20.766347367433482,397.881887898311,22.406912721376155,13.394988991598147,NO
1.2663316552365966,1.5621760808244476,6.720884868769441,0.6471162135257191,7.0,90.0,3.3458357637878757,8,309.6543454564591,18.160832266854957,392.36771589396596,11.24977989397113,26.861836130535682,YES
2.9847521800003722,0.006567863856863981,20.212837695459168,0.6664308878995191,9.0,94.0,3.4804891700848,6,403.7004206743499,15.007196995084529,389.2638401533431,4.737673287217598,50.30524505086376,YES
2.711652385862261,0.818426288004603,23.128091365495973,0.6241798362448919,7.0,98.0,2.3876642885846917,5,437.8944274214723,23.509104687910877,398.0517048459187,13.051241635404008,20.033942740397393,NO
1.1208879854146028,1.6556906573749162,6.186640151251395,1.201040332195399,7.0,44.0,4.688106669092449,6,279.2651200115505,19.990153343164476,397.1667184539141,10.52825377307839,22.28042767748027,NO
2.7618943190167546,1.0305750687662483,10.318653784945997,1.7067347260010024,6.0,101.0,4.478900687046534,6,308.47611991806355,21.672453426689515,394.85575807422816,20.074668094301177,16.045108111826586,NO
1.0765011299985034,0.8458552370895723,7.51495831241343,1.174596416260575,8.0,80.0,4.31918752305163,10,307.6967454417024,17.85825928333175,385.53162549785543,5.658646959686761,44.976833584481355,NO
1.2313550958206851,95.52219281108042,4.46448876587738,0.7031224530062977,8.0,35.0,5.794915431895228,5,224.3340733789559,15.230424721393124,393.2783751130173,6.829807066176295,49.38449906078806,NO
0.890479671569911,0.9266456916675735,8.372585878816391,1.220229487812929,8.0,77.0,4.0632170210253165,9,308.14592301119,17.696560411619675,376.29431947797246,5.283499196332099,32.5473307771318,NO
1.3369865522795208,1.0817008543697486,6.426473491281831,1.489091207114333,7.0,81.0,3.606151107769446,9,307.171463088176,19.243003855134145,397.0840444953083,8.62382515945445,30.94332764169088,NO
1.6151341413431053,25.254213776767585,5.195615849950447,2.314554626656386,9.0,47.0,5.440555411456846,4,281.67579932499,19.740501705825338,391.297930419367,7.895314283027949,23.23464155281263,NO
7.352033155539949,0.1587231282410442,20.780472705553404,0.8949510240252962,7.0,85.0,2.546643856137442,24,666.7939108355201,20.876414596247994,3.1025917253895194,24.659371753340107,13.461030165352247,NO
2.7878213397079556,0.26202995286963404,19.661740905358055,1.1985560545655414,7.0,97.0,3.498231006893798,6,403.25074751137583,15.895702241206287,297.1294619197385,11.42641233868796,25.668405752658288,NO
7.1663807830418245,0.7693498066583344,19.055756492317816,0.9491528442452557,7.0,87.0,2.791907456039451,26,666.3651325321943,21.325503252629375,2.905352736352461,23.491073705236982,14.21017442363604,NO
0.5953983715039656,0.9761491445156536,5.446823792008687,1.1941271963619013,6.0,71.0,3.856535141604592,6,296.168685206705,17.215797707984102,393.25788449831845,10.20007370130606,22.91978414365426,UNKNOWN
0.6265307759045844,21.588740134284294,4.360548895316492,1.020396502870715,7.0,38.0,5.972002213697181,5,216.4701686854978,15.325737404626397,393.51174860485247,5.2845052017995435,35.76056122201193,NO
0.6273084812282562,80.36886776709582,3.604251555290074,1.322381635562972,6.0,32.0,6.678152446636925,5,337.65626419574807,16.84248830259308,397.62887784939153,10.3984933375638,20.20281684676061,NO
0.1529933310948964,2.045941079911462,4.794226559208259,1.5786269762067227,7.0,48.0,4.970552185432247,4,248.24491016879708,20.783446569192765,398.40914153109037,11.170628239176834,26.1345811444862,NO
10.470915203983441,0.21381207601099095,18.725428509694765,2.104950994920791,6.0,101.0,2.1920450648556784,24,666.2027929768839,20.240502452406012,376.633359945169,21.306441793520754,12.811631794561402,NO
0.2222933408280554,82.77948439997151,3.1159586289103305,1.3486043177041047,8.0,16.0,8.385657033701607,3,349.38752650796624,15.51425814219084,396.724414334233,3.3570111789593984,42.54317453496426,NO
2.734392894887525,0.6009971529174181,9.514554979413086,0.971872780196577,7.0,86.0,4.594296350941756,4,307.50729280244593,21.003326874378953,380.7489197583488,10.941429843182442,18.567710393949913,NO
4.507380886736514,0.8860321130360516,19.97715085947157,1.289837057822476,7.0,95.0,3.1531425700428555,24,666.7422975750358,21.79475808997723,332.1559387293323,23.23403289379724,19.945477853980744,NO
2.847036835411279,0.2858512611433774,9.327037264159262,1.4678392286706063,7.0,97.0,6.1034769317614295,5,307.87842144167007,21.486660269509088,248.7430539812163,21.211503562094734,15.566664029094508,NO
1.272701190961566,81.78187035277124,5.629251673753396,2.132021612540924,9.0,-2.0,7.28801755265429,5,245.08294207926414,20.374753380562172,397.45926143561,3.658947463299671,28.793236654379953,NO
0.20935069261366007,0.8401403365061023,13.498867996138925,2.5081184270907313,9.0,90.0,3.3818927316720364,3,273.22421387843815,21.335963409004698,393.48233945397146,6.806779650531768,22.537229215932722,NO
1.8517555570006339,0.20041294462790696,14.108969192961553,1.718276883677555,6.0,56.0,4.5307649557193415,6,276.5330782453354,17.093335021456735,393.4946482920841,14.642365439352561,23.980867893783433,YES
5.421213675456578,2.071671598923743,19.584701392744034,0.8921023809837144,7.0,102.0,1.7370433582743499,7,403.2326122641264,14.744270341828088,397.7689797802475,27.006743118340776,14.285507334381121,YES
0.32434031039696365,22.00084510812903,6.765518506211259,1.2677454098202512,8.0,80.0,9.223600343187893,9,330.21775547228367,19.287275471471517,376.27650579572355,10.267266518952454,20.55792294980151,NO
0.5200512544761421,0.7228575054030375,6.436707804809691,1.3090185716360323,8.0,61.0,6.867194174257666,5,224.20042084667523,20.50936131873294,395.1108649974264,12.161948620067422,18.53655327659386,NO
0.4641222125540055,20.576293697130478,3.9692002325495483,0.6036280126040501,7.0,34.0,4.680116252744051,5,216.09682452389117,16.13148704491375,397.9435423624549,5.579374393911833,36.442827362019116,NO
0.3194942514911532,0.20280146113236966,4.282716942661547,0.7078958457985911,8.0,69.0,3.203624469960957,5,296.33948683531827,18.332487920662413,393.31760659661427,9.832646220392927,23.210538975583994,UNKNOWN
1.5172070581653607,0.21355686030041748,12.841616004622473,1.3491271110342407,8.0,92.0,3.214792615295522,1,273.270753399286,21.14137434359422,398.33544577703196,6.2347315709024675,25.82879463303692,NO
1.9731409458397422,1.3341586696703158,20.066524643763614,1.6690834303280413,7.0,94.0,2.397342895983312,6,403.1002562960601,15.252126297806864,339.38036682500416,6.927601681344148,27.148806340040405,YES
6.6670780190778824,1.6364359204623944,18.756603203909464,1.3887910397706236,7.0,89.0,4.431030099176953,25,666.3285291288154,20.22591094814845,375.2253105158206,8.045622508094745,27.108194449354006,NO
0.7868027694797199,0.32401432558231474,8.14151035516982,1.8562726512246668,6.0,95.0,4.668909038873756,4,308.66270148876896,21.01741551413919,394.8483179604846,17.304350926896323,16.247224329578785,NO
1.8743437941351315,1.0729289030185205,8.157892065365628,1.6840248758957506,6.0,100.0,4.170233908508856,4,307.3710885400735,21.184479112377012,395.56770112300205,20.278610474257068,16.24787074427383,NO
10.196889841029837,0.46921872400669384,18.503452718044144,1.7812768867264404,8.0,95.0,5.477575776547535,25,666.9788691889194,20.848458676098275,7.661293695439757,19.095782593025895,15.517547839905808,NO
3.996764950150225,1.30031020378691,19.878660888022463,1.4926143961073723,7.0,41.0,4.21239917472319,24,666.8660709188719,20.38174592330486,394.04151350627177,12.613605213449864,22.366813629208433,NO
0.20874652448923975,25.404966528080408,5.311467822431412,1.0164411691404436,7.0,48.0,9.310538627831765,9,285.39900653944113,19.798925501624478,398.7461279780341,10.568832562844625,21.884195759709,NO
2.7853800204283212,0.10019520261209298,22.593564575657805,1.6024617505358911,6.0,100.0,2.5183912170861724,6,403.9501362960945,15.34701273086338,170.9597425431196,17.822590600741243,15.882831033977267,NO
0.6220436628894775,40.5134288930878,2.019410095349568,1.8912569673220598,8.0,35.0,9.442591531243963,2,336.3675142635668,20.21073446749167,390.2942552098194,6.8500581111762395,27.09111241568758,NO
0.040920502375506256,61.059106979990425,3.475578946982594,0.7127687526488978,7.0,11.0,7.162607280767298,2,265.59965138560017,16.430764817033328,393.7101720373583,5.505914749211837,31.632475527936805,NO
11.2594818606706,0.9790315236072236,18.637472499924968,2.1696725548929683,6.0,96.0,2.9468503542467017,25,667.6468940968759,21.25344674698868,60.94280362414042,24.386248387635604,10.683013794301687,NO
0.6532316982699381,23.182655636024265,6.547229499682652,1.461286753447185,7.0,9.0,8.357229578618544,8,331.1478609236064,19.949751965904422,377.3438583751487,3.651153925202809,24.996543593133147,NO
1.7119992340434658,0.13263607809938918,19.925973030478445,1.548338165893504,6.0,101.0,1.7491040368333932,6,403.89488976568026,15.155453790860838,342.32535042074585,14.62334062050317,19.730721087041612,NO
0.39160627295270295,1.5141149582192912,9.16724401600112,1.4761196421783467,7.0,41.0,6.066273534660739,7,287.8487865124138,19.643067602743958,397.9051417391504,7.678088218404293,25.991681245409005,NO
5.50610293970978,0.36077985863120127,18.21438054821378,1.0094331586983356,7.0,91.0,4.693269657282601,25,666.0386814968934,20.27388643552755,351.08779816300404,15.75642917573352,20.449933533766874,NO
0.8143901849932742,75.97526717896135,3.106030800199287,1.6671024872734965,7.0,17.0,5.892338887783162,4,255.130922018951,19.455099628585167,397.1945036115846,3.6678697373186506,35.88036882579628,NO
6.038040376817296,0.34570418754752497,19.42024227215526,1.4299367407550088,7.0,92.0,4.508940912336943,24,666.9861971676012,21.191173054765173,385.2070963275258,18.273379769807143,16.611519097066935,NO
6.580197029454415,2.3562275787677716,18.325083001951896,0.7718287636158857,7.0,88.0,4.287071278588387,24,667.7393534348623,20.971955757426826,101.97582399901891,17.587534254637372,14.78684193590089,UNKNOWN
3.979798094629964,0.43615067439489413,11.263008403882633,0.9601671348407694,5.0,38.0,3.687666226461083,5,304.0400794973443,19.54740459485696,350.9320249200108,12.715135176408584,16.39124596132602,NO
1.3475099007390967,0.9585419205630329,8.28666841582855,0.7077675250200633,7.0,37.0,3.9216463837768614,5,309.0171194738653,21.606141583347092,290.5683390097144,12.345807822623723,20.409595648940098,NO
2.171568381505212,40.54788541546024,1.496439831563936,1.0534765050640147,7.0,45.0,9.042830760249092,1,335.26823381032506,21.234089247796323,397.3191210114846,6.220285533565244,23.511049499665344,NO
7.837693445764,0.07151525755290405,18.970049059305097,2.827014071855105,7.0,96.0,3.0453451539528076,24,666.8263033209294,21.405454345119114,318.3530957200922,17.796011513142926,15.091104684464787,NO
0.49764504193352843,20.040635622517126,8.373464752814604,1.0896323755104844,7.0,44.0,4.58626585048156,4,223.81274825011985,18.69840725121919,389.42785858707776,14.131501251336003,21.55528504932252,NO
2.6156706903127604,0.7822420096586975,22.133707649530162,2.2530048856708307,5.0,95.0,2.4174803339112936,6,403.3292124830984,15.249782670610152,357.591628647021,28.677546658171675,18.03037430878328,NO
0.6838385661630179,75.08886184793408,5.007764469220275,0.6975655526581913,7.0,23.0,6.282753176884678,4,253.5822510741603,19.66119926798243,396.09785539273787,5.5828067169566715,30.994125305619544,NO
1.3260218566859,1.2622948513470948,3.385797834643424,1.6018285647271624,6.0,33.0,6.371644207449994,5,430.99488502943245,18.39796025937143,369.25005443781015,11.49764551995179,19.8586010138389,NO
1.1183752752409974,0.616416742119043,8.381639106825272,1.2063597728891295,7.0,-2.0,5.306434280682021,6,287.67301189763117,20.418355702861405,398.97654530386814,7.774547225874685,20.499683665299887,NO
0.4203451694498891,30.85658627260806,5.022869448647957,0.4329441333827866,9.0,55.0,7.027249094807447,7,300.36739332747834,17.139886363919615,391.99159540042433,13.122900212492329,22.27838305621786,NO
1.3839799066068776,95.91164447696559,4.599841607932035,0.6895040112929043,8.0,33.0,5.434572209451713,5,225.0935428023162,14.979418939565589,393.3597405683788,4.944218525004608,49.70827111585331,NO
0.19399999566177364,80.34741752748816,2.38870360492321,0.6226661610328896,10.0,39.0,7.40653453160356,3,329.5127975639692,13.230484863753656,393.58508946169246,7.176590733869296,35.14365652769952,NO
3.362709957632616,1.2943840920497522,20.24101905517894,0.9830779058960235,5.0,97.0,1.5480888075205537,7,405.9613623294626,16.922347955287734,392.3841030705676,29.894067896263948,14.838293922613726,NO
0.755449945451075,20.67097533422457,4.818528238701293,1.439813659066422,8.0,100.0,1.9335109805956583,6,264.7097332946744,13.946258138044104,384.9538823071737,9.925247970448346,36.30116127322425,NO
1.7635806231659767,13.102115718614211,8.771605147225863,1.4610799050110832,8.0,34.0,6.84203736236857,5,345.5332589458253,19.39261556310563,397.36836556687973,10.221232223512867,23.00828582657065,UNKNOWN
1.8745903591352366,35.82474362909983,6.229678618043199,2.028981362356532,6.0,20.0,5.720822329815401,8,329.03379717240057,17.086686087689984,384.71585320555477,9.160393944689073,27.069866460703157,NO
1.5086275472796893,90.2082425882967,3.0808436688404295,1.5687142002672636,8.0,21.0,7.491163044600414,2,285.1772521025887,16.130069795691142,395.68491319948697,8.259669353014392,33.33870975157983,NO
8.100844083137627,0.37484032534768613,19.378085467187297,1.4970259405217157,9.0,85.0,2.2025176190434466,26,666.4995949563862,20.23335611894934,2.8807995753054487,23.55317648557695,13.822572347463687,NO
0.3875768105079589,25.061152302607148,5.200949663314249,1.1743891475343604,7.0,35.0,5.660046605310415,5,281.0035370617433,19.634720811647895,396.9045397989012,5.298372619764845,28.42493576315089,NO
0.8365043329138725,0.36894210272334216,22.687854472056024,2.4255222338525715,7.0,99.0,3.669630530201944,5,439.39452228551363,21.504776434976247,395.37589737647045,13.201529039989579,20.39929802907437,NO
0.10807806812407246,82.03926236554526,0.49536243226357923,0.6209880464048599,9.0,33.0,6.364623862713363,5,255.57110618432446,15.543154244872053,395.66990093072343,3.994036359057004,53.05624621110815,NO
0.46068567288361134,20.04124140699636,4.365758263266535,0.6814495554947888,8.0,66.0,5.54281374224333,5,218.25520912351573,16.17840370588373,388.84886134753935,3.787798757060476,45.8131860117269,NO
0.4230687925347074,1.0106400460156362,6.829869165835391,1.8060033366768575,6.0,32.0,4.0085520553264375,6,280.27495945277224,20.74048650663063,394.1064819992869,10.290841307030838,25.81810834071054,NO
2.051965539127382,0.20064035430149188,21.80280416851269,1.5497460925365194,7.0,101.0,4.165306825662148,5,403.48575881056024,15.27627552574912,364.6762415534734,8.340408326033847,23.379882511347137,NO
0.5968639504671293,1.5042273977300715,12.0377630057215,1.956340841692919,8.0,91.0,2.5898196611965814,2,273.13715373872924,22.127369155416424,398.62613358675503,7.30516020099219,24.164054655181435,NO
0.2956987298376398,80.34385974673165,5.633518817953316,1.1982437163589195,9.0,-2.0,6.080449837029778,4,245.25004748648746,19.231701775037052,399.32380370242237,3.855023849579958,28.64280072487409,NO
0.3641749916669215,0.7604366993373479,7.41246183707479,1.2925611859104555,7.0,35.0,7.823569555203511,6,224.13671029866288,20.423603349030067,398.1385948315686,9.243768872118395,21.61344085794962,NO
7.761726049552153,0.4262102091908612,18.66957841684006,1.5732913972304343,7.0,79.0,2.213081945957585,24,666.1906461675837,21.657019248807597,98.034638239698,21.747303672757052,12.691114091462238,NO
0.729428865227569,1.1779028293736054,6.965578189051603,2.3429729071258216,7.0,69.0,2.707195246023052,5,296.40130111622994,18.588396139925784,393.7253135490657,10.06340645511396,25.15843096776043,UNKNOWN
2.7351230628599943,2.3558718178221616,9.456554775645746,1.0765755551062601,6.0,93.0,4.010914652921564,6,307.7614631280918,22.58386915678054,397.20270991953737,20.300765465477156,15.24122078622926,NO
0.5072719175046492,20.27040198888899,7.336302113437216,1.208927437172564,6.0,17.0,6.801384441030995,3,223.8258161221198,19.288918157950068,398.0350932712086,6.839568652935556,25.529231836739356,NO
1.4396387857645716,22.75073226071062,5.862057220788882,1.332862865229376,6.0,78.0,9.706240657945667,9,332.20600493594617,19.45908898343185,374.1336973571352,12.600221944659888,18.86652227609977,NO
1.807564370323506,81.84129504995975,2.4248420317482604,1.4771845309402547,7.0,37.0,7.924629846459723,3,330.40351481405537,13.367447501789943,354.550326332927,10.365469151960191,30.763295074139325,NO
0.5274772756019197,0.6325933940650126,6.376615904479457,0.7000566550662879,7.0,22.0,4.171405987895098,8,308.2711770690303,17.57926993354863,380.8368209650093,3.8842102668219454,32.37326060658451,NO
1.3424308588757872,1.5275836847453814,11.431844087242832,0.9136388580581433,6.0,23.0,4.521814057032696,5,277.37153833217366,19.46775065335881,397.3796280536916,10.9639052025452,23.01744177827397,NO
1.6121421400129308,95.30300487166453,4.357849021913019,1.0149865675296246,10.0,34.0,5.661235419266556,4,225.3922707639857,15.375126479435549,393.1849489933228,4.408873401481805,49.86619983136348,NO
1.0680205956378421,0.08582563022310799,7.423255278829641,0.5582503077826166,7.0,31.0,5.216376359429425,5,280.3881719513042,20.014448576513054,393.7647926011732,10.186802099231036,25.503192454254645,NO
0.25406583828844015,0.9690543064654046,9.844029201842153,3.1731883583672023,6.0,81.0,3.1809941372916377,7,391.42679013592243,21.209876413378495,397.24848142823964,14.633757417804498,16.81757437042887,NO
0.4318397261724829,70.64169093600772,3.1111782746746446,0.6819294750407927,8.0,47.0,9.349246490074462,6,359.19556063365894,15.218811258963543,392.1295462711081,7.155110940675125,24.952333143612748,NO
0.171903101816263,55.53715030462593,3.819864624171103,0.938886940697347,7.0,29.0,7.79723409138316,7,370.8244615993682,18.05858641892437,389.629396703105,5.0333658124618035,31.77347901901844,NO
2.4784486764262468,0.6589883085325116,20.532333646757927,0.6306381017300549,6.0,95.0,3.295702989875846,5,403.1836815862458,15.638856738016411,292.8018214520175,14.570788692158285,18.2837556646232,NO
2.6902151422653198,0.10308614126757097,9.195446324020866,2.1355014065351527,6.0,87.0,4.654454761152454,6,307.6667950458344,21.829516888440775,380.2016525440055,10.371652257268082,19.332611345245134,NO
2.557051551419641,0.5556294887840784,20.184302644437466,0.7992578650183257,8.0,99.0,3.8431865826165943,5,403.9467777165272,14.700510544328253,389.64848084827736,2.040300753970517,51.185183909789224,YES
1.0293908573603452,20.09845203225363,3.515331636202404,1.418458657408085,8.0,50.0,5.4875392478301315,6,216.9423366226972,15.798772961174,377.86614301763115,3.359210775045691,46.906503395874545,YES
1.131405854722372,0.24873408651612355,6.840504205897079,1.6383692563203045,7.0,81.0,4.425412429101646,9,307.11712750550026,18.511023187694715,397.414164285617,8.11505690235919,31.100914862047304,NO
1.3506792410862054,0.4975303668495256,10.688544994173398,1.6697944476676863,8.0,91.0,3.7999298580579355,5,305.00137647552697,18.79941521258642,397.4243552995214,12.628265932005137,19.892593291138834,NO
0.10813980277138834,0.20563403897804766,5.184503070513962,1.232929485023547,6.0,69.0,3.249754189938118,5,296.0081355149484,18.265358659163578,394.09258892943205,10.31926670381903,23.7890457562024,UNKNOWN
0.6126522131364851,0.7402843508494232,7.549997751124936,2.5121810288160513,6.0,-2.0,5.151872532831035,8,307.76778513962535,18.30496862427804,377.87443792598356,11.627884789899348,24.534071961262292,NO
0.45091120924563277,0.6055794902190903,4.877197737431074,2.319396190173292,9.0,77.0,4.973661442765147,3,278.6532413473305,18.048935292224794,398.41990769871023,4.769740031179432,39.52220975897197,NO
1.0245078305778748,0.3074501466397221,5.164968537114103,0.6520506703435487,6.0,89.0,2.6186506621233243,5,296.7254837013357,18.181368273061732,398.74246252044645,15.071896266585624,23.61223512343258,NO
0.2360146208797085,22.2898809785732,7.2215349694104685,0.8222986343330572,7.0,8.0,9.00332993901218,7,330.9460679235156,19.999640714847317,388.2251872699801,4.491436131631594,30.226074279849175,NO
0.44520845724104885,25.786496639612494,5.419219386809429,0.5014035568858416,7.0,47.0,7.615032083064747,9,284.260121138451,20.329600703866422,398.8609767396177,9.525013914986548,19.60112998416663,NO
9.135058425047287,0.38276084080277906,18.263049076049665,0.930944137753307,7.0,100.0,3.260830694727488,24,666.9292925529544,20.794923974823185,392.994550846178,18.109078391308188,13.364142896023788,NO
1.5513452926578097,13.48015688663482,8.0613823752178,2.570903523829765,8.0,95.0,6.537821969689076,6,311.28643198989784,16.09503408299987,393.3144679791412,21.635525435826047,17.19930584142549,NO
3.49215355755982,20.79263917064839,5.5551216109965775,1.154074703159527,8.0,92.0,2.6490952815861553,7,264.4745552440055,13.660140200721385,389.59615719954814,8.499087333591158,44.04209098200032,NO
2.370340680834165,1.03521959300889,4.829756904264711,1.8308022484814066,8.0,57.0,5.828891315052577,3,248.47651701638392,19.547054313312685,393.2074349785619,6.864554496896876,26.60193499046312,NO
2.0499198026339713,0.841026796713912,9.21581760286328,0.7973434869140035,7.0,102.0,4.561654287139353,5,307.20457568892414,22.486067864554705,376.8440777868468,14.124132079123168,15.137346836377423,NO
0.2479522224955749,0.013886955921658823,8.147798068730033,1.6109325319399401,7.0,45.0,5.419983637478724,6,288.02890178244525,21.417945339575652,396.9339235905873,14.309909914632797,22.957137360061008,NO
2.987844174433097,2.070108164803302,22.715221187175516,1.1450411215684682,7.0,100.0,3.1182473121747467,5,437.0712883066664,22.311471871816504,397.3895448198176,12.720593443118524,19.39857596212748,NO
7.766638816961171,1.0729636406489995,19.481245620687865,1.7200716487437302,7.0,78.0,2.3055657380897308,25,667.0627799130972,21.522917402057537,97.63148122401526,22.44404835456607,11.37225808730963,NO
1.5864318965333628,1.2119645459866857,5.88304992106961,0.5908852641738777,7.0,40.0,6.813097732543893,5,224.21190565280082,21.631712507111466,389.99343441469057,6.627696677078932,22.55983539171873,NO
3.0094853548244997,1.1615277287522603,20.819010484141195,0.9872915803377862,5.0,95.0,1.8095679039084926,5,403.09769182204724,16.244283474864176,357.3743174916685,29.33363808579627,18.015748852146665,NO
0.8248628873686853,1.706628000479494,10.26719818454778,1.1100245789636807,7.0,84.0,4.801562899746456,6,432.4046386713231,17.96047185428544,396.2017339747963,10.588114467284152,23.952461100892265,NO
9.202497892060036,0.5127482217241084,18.45286406754963,1.064680807900564,7.0,99.0,2.455657151763224,25,668.1180983363058,21.864578220641018,305.0407255010048,21.10789816142419,14.101677807445803,NO
1.1797553627435784,0.015405537511699052,6.307814301721235,1.765341378339603,11.0,83.0,5.1430368020116735,8,307.73802404881195,17.630589246959488,382.79816457068256,5.735029636278104,51.14314912778871,NO
2.756062756242394,21.897236654115463,5.108222299355069,0.993045018471317,9.0,69.0,2.652351838638251,5,264.55198141318164,13.321826023668427,385.93538380220093,7.711972439705166,50.83899438044949,NO
0.9568197645239016,0.19214428861665173,6.257782341598847,1.3690027320220253,7.0,81.0,4.189324429427427,9,307.6191883141024,17.98195787193201,397.41439819092307,9.158540327423104,30.798921940972637,NO
10.6213612002445,0.22172364108090142,18.344351975783916,1.411119951498799,7.0,100.0,2.3397460348677,25,666.9558317491922,20.524679943165598,397.9547663294979,22.22925509778061,14.227435091485647,NO
7.0832699907367065,0.0008197063086069963,18.963856800248145,2.108759351827836,8.0,94.0,2.7407625359535936,25,669.8147017823433,21.24412242329497,1.9465363038052115,18.617537012916063,14.473505987918783,NO
0.4703479961831168,0.36570510262391454,8.729821323977987,0.877557508919588,7.0,90.0,3.7444072266990824,5,384.35470757984257,21.311643340049944,393.1457079014312,12.575586855726428,21.119509854421015,NO
1.1989588365509058,0.8373990105505559,10.866773220114556,0.8041816034166498,7.0,10.0,5.500639589250968,4,277.52649246236393,19.66915545415129,350.06585032661314,29.698669058444075,25.649025193178854,NO
1.4695707919796572,25.449609730337592,5.604141571417383,0.8293144917204093,7.0,30.0,8.752977132888267,8,284.953572859915,21.547201783795828,390.98832782958897,10.232190297030325,23.51101689630594,NO
1.5408757118930718,20.873276041151183,3.9714833276633827,2.1824955676625737,7.0,63.0,2.3538801163453473,7,265.03534087148796,13.354080381061793,393.15368211280537,10.473587693692847,23.308798379389202,UNKNOWN
0.2253869557521395,1.0164574767440289,8.367566930545788,1.4135537131673925,7.0,69.0,3.508215646074353,5,279.967907007595,19.756932529224258,398.4853977795905,9.919031862214563,20.738179536300684,NO
2.596644659357433,0.17839402015053826,19.88664147672095,0.9768109162417662,6.0,98.0,4.010367186600816,5,403.04374122755905,15.583451586191474,349.18532562299544,12.700236136114826,19.370373861837425,NO
0.35168076739393883,0.9162898146438441,3.7599781247979776,1.667252326011251,6.0,91.0,3.5000589193587692,4,193.15124611179732,18.74605949327239,391.44994896647546,14.457640865461347,27.925151622885807,NO
0.7536213712213976,0.4459266438814662,6.166561887220853,0.602084749311957,6.0,62.0,4.030829940914393,6,280.2662563381464,19.855093267365408,378.0016221156856,11.97852907133956,21.358203554665423,NO
3.746878388746783,0.40006008206466875,20.41683331923245,1.2715488736255258,7.0,83.0,1.757064964889652,6,404.43378134221695,15.792089420076818,89.9142007436957,15.394375634273398,16.023986882202394,YES
0.46554120156229706,1.8558464109357375,11.479872158117571,1.7732662938022883,8.0,8.0,6.593573651983292,6,305.3642499833293,19.618328469787706,391.8265580139697,5.586470751193731,23.357547553971852,NO
2.65196622810026,0.48899885189774794,19.76187682197684,2.443103395743015,7.0,97.0,2.671843036405915,5,403.68194159771537,15.896495439525488,299.89215535476905,11.947047730997213,24.74411048171052,NO
0.0807107014931266,70.13461866750829,2.938575966028815,1.447857301455762,8.0,21.0,8.28279357700917,5,358.1865028310112,15.282138891673956,369.4293257803575,6.1674694271759805,23.21271952928316,NO
0.10359581006579396,41.059489436036934,8.265414449824776,1.3118810830907266,7.0,43.0,5.154442855827385,6,255.27983424667627,17.82216317655442,397.899936499213,3.307235032950521,33.51756391937684,NO
4.966489851076022,2.355380372554167,19.70973020531884,1.0896226914365357,6.0,100.0,2.1214280114210124,6,403.1572232477118,15.43069143697314,399.0926872997734,27.026842832380172,16.322109120731916,NO
0.5385671361167654,30.351877440924536,5.488289653414705,0.632650115053473,7.0,42.0,8.243229041043092,7,301.94737843004447,17.061196911619618,383.83828019191606,7.609995417673024,23.599414142262535,NO
0.34261336487254146,0.5702385260588209,26.275461015116473,0.7937184115665867,6.0,98.0,2.1146136916583487,3,188.73360932256284,22.252731448911113,380.3906394234748,17.867078167408707,19.127129648750635,NO
2.0031359998120393,0.9116034484523529,25.872780931705567,0.9594685087353647,7.0,93.0,4.305970421175788,3,188.1616629391449,19.646503766050536,378.60303443894475,19.308621580204104,21.53779670876753,NO
0.7381568839496905,0.6744714369471736,6.103293347245131,0.8299756698400796,7.0,39.0,7.886269463068198,6,224.08632051808092,21.281825768502944,389.6950233869417,6.833359021202285,21.53337365912955,NO
6.177032167384706,0.8385470758444818,18.127568228912473,2.3692648502909472,8.0,96.0,1.9230738889851289,25,667.3392917160719,20.449320343920157,397.8020462549306,19.525135019501654,12.559464648465548,NO
4.721240224788192,1.6629618289867407,18.897168742717263,1.3585947159000615,10.0,83.0,2.4957298943912245,24,667.6694080261298,21.583517025015272,354.88072921502607,6.205470036817438,22.047068117098917,YES
0.9055124368985171,1.2427151986258738,3.442197285252368,0.9181216098847412,7.0,33.0,6.13490643827934,5,430.24431286523543,17.725479205132,369.6148292020092,9.188117358224051,20.90385575375489,NO
5.780394169334517,1.2793106044499298,18.230221356699044,0.9404877837964307,7.0,95.0,2.699217971258692,26,667.9233317788086,20.744094978221778,331.5799517962468,21.89667585278338,20.05869901574664,NO
8.069898477280109,0.0533454964408341,18.672366323309134,1.4358595086634331,6.0,98.0,2.664014474084797,24,667.0859771982393,21.765074571626446,314.955558769978,26.564916609963984,17.45231918252977,NO
0.4034602588650053,34.53697726564796,7.495761083566267,0.7057352686872624,7.0,43.0,6.230573711136104,8,329.27067678681647,17.269327704771054,395.8732507442713,11.060327765957908,22.27013725596399,UNKNOWN
1.1983486037363664,25.86811755808924,5.282200310258744,1.3732704824449238,7.0,68.0,8.354342876962228,9,284.58657554408836,19.814076095726133,397.8536443839214,8.391477012226607,22.594226555527847,NO
1.2334494666169213,0.9316437450593112,20.81323469368376,2.2302527001911323,7.0,98.0,2.664254109006984,5,405.0841675768723,14.884642606021037,364.1354615883672,4.652183500849508,41.91386993815036,NO
0.3435938025875751,45.935134530095326,4.962885213679767,1.5010876863629143,8.0,39.0,5.003345535001128,6,398.38139562530074,15.299805701529058,397.4825611189297,5.449029320962763,35.80043105751707,NO
1.4225326932602917,0.09445199653647926,9.447296099500186,0.8155397588188413,6.0,92.0,2.607569641631599,6,385.17174779125344,21.336465104313465,396.1002807639103,19.081278492407048,20.71872445093928,NO
0.6932211228662857,1.3896024317903815,10.94394915881282,3.894658664789544,7.0,30.0,3.2965315889046427,7,392.54828568172763,19.273519486948057,394.79598683653626,18.835915591811847,24.949806809139613,NO
1.2963238626405222,0.5147614017479103,7.678916823960821,1.141660466190619,8.0,74.0,4.567466190258683,9,307.2416506363487,18.380600879740054,386.0060183646209,4.147941723723029,42.705484493303224,NO
1.707081016894682,0.18733155004210833,8.598429421798377,1.3413818580677894,7.0,37.0,4.875774048361958,4,308.4050467459442,21.913462363083053,290.7902474304378,12.966760159432745,21.250030180637253,NO
2.132638594480806,0.5542282756007967,9.81256491652268,1.5524518303408283,-1.0,89.0,5.566517362246419,4,308.0343332918818,21.522657318660016,307.34701600473744,17.511370849756382,15.804132977208917,NO
4.730410554834884,0.36738638344100044,18.273535980875906,2.3772837081919347,6.0,89.0,2.8164240284649242,25,666.2142630992315,21.037798708866053,375.45663829423756,8.373456502817126,26.30869302708111,NO
1.2118528250205756,0.7347846682744675,10.896140358268795,2.204559994792028,-1.0,74.0,4.692083425109488,6,278.306735544307,18.971429679082064,389.51271460470207,18.458991870051424,23.587223774254603,UNKNOWN
1.6287740938668847,0.03481437353839893,3.11109507945158,0.6453044055990902,8.0,64.0,4.398551548832742,2,276.9834767626879,19.001556580198006,397.90049831895243,7.530217223516191,33.52229341036045,NO
0.9304157927331294,46.55532424056518,4.411711320822046,2.3162460562656046,8.0,41.0,3.9346903554902424,6,398.8248982848916,15.301986892645532,394.48373932661985,7.292224381403168,32.25762432790576,NO
0.2998231628803214,0.9137974338494695,14.191339151465941,0.9372760318147733,7.0,55.0,6.497859862742328,7,398.09290265827775,19.70769300294269,386.8285508656465,14.068267338510921,21.41810827561739,NO
7.444522540895844,3.0605252631071087,18.188361055715557,0.7403511939545196,7.0,75.0,3.34673800701031,25,666.7623368240102,20.960252810263338,393.33921864123096,7.987585071489553,23.765510804061428,NO
0.4346922579831444,60.48096301303642,4.272653655847738,0.7894573715729696,7.0,12.0,8.004310743256191,1,265.23142299641677,15.957879675771785,393.70140970687567,6.302111152168973,31.157636510453155,NO
0.5773821708785579,0.8672513675282063,14.472634412947718,1.443375959512584,6.0,94.0,3.971144104696125,5,277.34210003683006,18.101326255296165,396.91082525177626,19.20524931737379,21.951801321314388,YES
0.5292800060432782,0.5472466557168715,8.865998160259455,2.309903029961834,7.0,86.0,2.6468327997088017,5,385.18061978832424,21.39853724274569,388.5313588051688,14.605455032340359,20.526017911554916,NO
1.47114859292381,20.035248857036933,8.350956564301216,1.012112305380042,6.0,43.0,6.281931278071859,3,223.48871146987798,19.019364122006152,390.4041081440473,13.624186220272684,22.74969728639059,NO
1.3985043305215668,20.425516485336928,4.397749586761517,0.8917803022817392,9.0,38.0,5.764804457383319,6,216.67210813493386,16.043566121192434,392.99108457404293,4.997424199921851,36.50579515551285,NO
2.2953410725998484,0.7344559016021707,12.542762916818997,1.0971401758856807,7.0,23.0,5.654886835981005,5,277.2790937380242,18.818156854746523,397.569721613485,11.595318199502746,24.22232902707559,NO
0.9791593565116621,2.642538715030692,6.601998741177901,1.306751284749676,9.0,80.0,3.7370106078152334,9,308.0288549453632,17.618469185112684,385.9097645111171,4.812915198545003,46.89799181942189,NO
0.2540355774845125,81.13218714883352,2.9060926739781103,0.5344525251904564,8.0,38.0,8.112242613983918,3,329.9123267189937,12.987845637136397,355.018044645873,10.65819338033415,33.66258811230238,NO
0.6957887763282837,80.15780043554241,2.5929464892482743,0.6154085144588594,6.0,32.0,9.675390225003987,3,241.23031809257523,18.79124310016202,342.02169964827755,14.358855582912177,20.581898643169257,NO
0.7485547804602317,1.5103377351492362,11.461950096520177,0.5475094679797938,5.0,90.0,3.7743561660168954,5,277.7313212870732,19.276432873745097,395.35138524669804,25.74062257634595,19.71783925368813,YES
4.3456623186019065,1.6240981008376405,20.003871466243595,0.9036096215031397,7.0,92.0,3.611792904525833,24,666.4462200006507,20.450076612619025,392.5227801307465,14.150518597444574,23.609141316961843,YES
0.9807648401500504,1.4761964437448138,3.557248717549457,0.8603537778510593,8.0,59.0,2.835614140962557,4,194.42163809083485,18.59289992741493,397.37609106261453,5.374727735620388,38.10227630311221,NO
0.9754419586615816,45.85766682305277,3.7263978903012687,1.6432722103207,10.0,22.0,7.615552682078483,7,398.5713284687635,15.380269654382406,378.47241232048896,6.479589337760935,37.59637769632233,NO
3.098278649445339,0.19540940302816304,20.36888132221642,0.736559106357005,-1.0,94.0,2.7156508608623806,6,403.0855184546588,15.114083692233558,240.24704682983622,11.953682197956653,26.111336683498276,NO
1.216879943831332,0.9597028943964242,26.643939596482088,2.2826808404036854,7.0,98.0,2.782964184123844,3,188.26207313218794,20.14522050674411,370.54580563029646,26.39847728514807,17.32798879083639,NO
2.078581154565506,0.1624198361313523,10.27095550869292,1.3278119312844496,7.0,78.0,4.5256643686113565,5,304.99894470071916,18.960620443110912,398.36127648895905,12.536066686316477,16.845272140809975,NO
9.494568619974102,0.14251355836910015,18.628211274001284,1.284144104108208,7.0,94.0,2.8883637811432026,24,666.4775386316712,20.385943658803267,397.40522280921425,22.907190151044027,13.177074832466836,NO
4.291161022394409,0.76548977988811,19.24038998833333,1.2398084249652934,7.0,92.0,2.7319494617613054,24,666.3072224048556,21.834899506968544,351.50017529798185,14.59160077619825,21.47043511851063,NO
5.4635812680818745,1.3407556455620875,18.106582625629553,0.7704387517415675,6.0,92.0,3.848561180622736,25,666.9418134661215,20.797340781224875,385.3863461653153,17.658736539768025,17.491201216508554,NO
1.2652311646862322,62.10431083744746,3.4968877574936386,0.42766733901974346,6.0,19.0,11.178248095847787,4,411.49732548149245,20.137457301578554,392.7552525886583,8.481249964471937,19.883633592146293,NO
0.21838427281406186,0.11947740669197245,2.5757373277030373,0.9669337693892996,8.0,84.0,3.612664258978108,3,194.11195121535948,19.77677032289302,395.728394799473,7.677654594875651,40.81790141444645,NO
5.566463655737191,0.2100942758999827,18.494098515977903,1.7914468358025148,7.0,87.0,3.345800951747588,24,666.2060850982365,20.342551120181774,51.32338177511253,19.410971196251875,14.515598252230404,NO
0.45115572472720356,0.3991051438852772,6.700308702709685,1.342378050212865,7.0,36.0,7.724804450274914,6,225.00916115821235,20.480459821675513,399.3952393325331,9.824134108673922,21.8226539556557,NO
0.16073408987080362,80.40950304173758,3.437603867752879,1.602130793069366,7.0,18.0,7.384921433856924,4,337.0637817038015,17.071324384430977,397.1792877860175,4.753216769019137,24.18194927948382,NO
1.1573233343412612,0.9643148865229204,8.277252627811077,1.1422008336127538,7.0,95.0,4.5101277520253635,5,308.13837005620354,21.137329978391005,389.6585524501086,13.124475771995389,20.079623258339694,NO
1.4479389693958715,0.002743359250827104,20.38335667499288,1.5515261534860412,8.0,95.0,2.6120031934391075,5,403.66062133765774,15.18767659448469,293.9566542259509,15.13699649943611,19.099631125236137,NO
1.208874997476384,35.295266957262726,8.005578024606358,1.1517060851359544,8.0,18.0,5.961648080639243,8,329.61696639058215,16.726753979016685,391.14906729221235,5.643950123693975,33.264699318084574,NO
0.19204364015522019,40.83628047822961,7.878980210486778,0.6780566581119026,8.0,50.0,5.654574887429548,5,254.46221605665818,17.63684093424462,389.9138863802633,6.43372880330929,34.035899684414716,YES
0.8354651693354772,0.31577732853031965,13.66743147880119,0.550876920828511,7.0,76.0,4.4970991478538025,5,398.1574882473518,19.025606774947526,374.13391078496454,12.344020784028428,21.803222095147,NO
1.170207175539761,1.2718243064843953,25.77216764985348,1.679900437085113,6.0,95.0,2.7942538942869537,3,188.30256227860272,19.221449689181707,378.3307859919051,18.557958292835114,20.54243648540461,NO
0.560313171571512,80.47119312730553,5.94788765943826,2.5703744550405556,7.0,-2.0,6.663170552651362,5,245.66766284370223,19.295268746431486,397.23828288471867,3.6607085813318205,29.72016627178592,NO
0.32812965189142845,0.47016721471191797,25.81309553279588,0.7415717464044557,7.0,98.0,3.6060947653339106,2,189.72684002418805,19.217527438646297,370.6703285496404,26.016626176065007,17.49386794021609,NO
6.383708538375672,0.22263834631765742,18.162194134942617,1.4370951277194965,8.0,78.0,3.618728816698388,25,666.8323274075757,20.400651792652337,396.1330408931561,8.18175264667174,25.448466252732523,NO
0.4210264371184733,0.6484490856343693,21.89400063734041,2.44733325807731,7.0,95.0,3.1948397694975563,4,437.39151775206193,22.545096109750553,388.77075181797994,24.91414921475259,15.42031008637268,NO
0.734706070775559,30.217645106065778,5.969457769686178,2.161701999667439,7.0,19.0,7.391934310251862,6,300.2091123379663,16.639703127739033,379.51828536072145,6.428568506178982,24.31262960076586,NO
1.6149531392210719,90.75705352903996,2.3921781103214235,1.8844719790862547,9.0,24.0,10.465801893880482,5,226.9076275061824,18.339971617015948,397.04050710975173,5.005043919803904,36.511017520231434,NO
1.2420807097712039,60.0204554271079,3.3752273048950405,2.1933569882744797,8.0,11.0,6.303797966956937,2,265.8256553784522,16.911874726970474,393.55341606313493,6.059960727467283,32.194163788228956,NO
2.090347606565528,0.7829922253756139,23.682599309450776,0.9453847093867931,6.0,97.0,3.1193184252801536,5,437.4017538047916,21.94345689438846,392.90450846083206,17.609549751210682,16.37021970469276,NO
8.8398198018316,1.4550271424943289,18.753040194451458,3.232790405562317,9.0,101.0,2.7082045031812707,26,666.4514322577635,21.774677976079516,375.94471850311174,18.070280836750296,17.958369457046754,NO
1.3042793199024016,23.705487446849162,6.242535213156766,0.4894271141944274,8.0,8.0,9.062699754101109,9,330.63344669526754,19.2611348201551,387.8538398976028,5.0753996420013925,30.002810507014416,NO
0.27392480870510966,0.046900612650256274,4.762202944718377,0.7907883602857697,8.0,56.0,5.05011001380956,5,247.95121598870594,19.533134283679175,392.84518983247557,6.747000526593731,28.40384208368698,NO
10.92934088830863,1.1380540976556406,19.09103126113289,0.877900885727052,8.0,99.0,2.4608912834314807,24,666.7147084593336,21.21432745632594,386.1341395880505,20.550137067822632,17.61481096307623,NO
1.8133264066222774,0.8762156502506705,20.16499696651734,0.8909696891398609,6.0,96.0,2.5710945381686776,5,403.2225303486718,15.832100314478211,322.95655839457237,17.71589090933402,17.348198915881376,YES
0.44732733969821953,0.047148932672860216,6.725211615655667,0.6112921984180415,9.0,22.0,3.6356230100738216,9,309.3039258384959,18.555290863299327,382.3722134543924,4.4069121457919165,32.109767489806444,NO
7.265069182995823,0.8037250357747815,18.751338738421577,0.7386574426674529,9.0,93.0,2.5306075776440915,24,666.0614946972985,20.5269344156084,0.9503069158022686,17.663121146239384,14.811761669036809,NO
2.4733183671558363,20.292037185302764,4.278629338139218,1.4230428567709708,8.0,100.0,2.1328778198335243,5,264.8703268287353,13.97438897959821,385.9851117010656,8.938887745390733,36.073844654117586,NO
0.14088188510004662,20.910150124608634,4.240027507313864,2.4086029580991974,9.0,51.0,5.275847579958977,5,216.5941472404394,15.931289207781106,377.69998279184796,3.7884608440923646,47.921492275704836,YES
0.3274206991416853,0.02149297156524069,12.970693054419188,1.352739925731198,9.0,70.0,2.485199615375616,1,273.9286012778413,21.778923123677963,393.5890422352363,11.48252295361809,24.05605866541248,NO
0.5824111766691282,1.1549213487692809,8.705470738904545,0.7365724126478943,7.0,-2.0,5.687343440454879,5,287.5151171674758,20.167714492957057,397.0623360880682,8.053154604088766,21.455658792931583,NO
8.836022984299493,0.4979776979456207,18.182829965125734,0.9887111417799586,6.0,96.0,3.435009480930302,25,666.2933058328747,21.138014318826684,353.6718363934761,18.29489449389664,13.951918933787645,NO
0.06245663938594611,1.5718170174623982,3.486034237323202,0.462162991749649,7.0,60.0,6.526810322865888,3,222.28612643768963,18.953140295355684,394.36769085417507,5.669369285695777,29.658277011363694,NO
1.1037179534821482,1.4695115256089963,12.982178503966786,1.221139379973513,7.0,76.0,4.119763426514267,5,399.2870757179385,19.133091613003334,374.9898215515508,14.553177413322544,20.02064187103039,NO
1.4210920789705934,0.03854196848422695,6.403535282434998,2.8432230632247726,9.0,74.0,5.3838686781400815,8,309.1656456914548,17.597843190223372,386.1168814831906,3.1617359833332044,41.743335978560836,NO
1.468436754698615,82.42862805506418,6.4013503056259955,1.116355921967394,7.0,-2.0,6.44780206093692,5,246.32987875276456,19.287964606080727,397.2421722683463,4.326281018696992,28.918909272750504,NO
0.09685748953393196,25.57240733469429,5.390677163584373,0.8131277472662732,7.0,35.0,6.95547274321067,5,282.54498427616517,19.348166639489236,398.0216534561595,7.667610983580811,29.037411343499272,NO
2.1549266230267445,1.276233433561729,8.887506096192531,1.0709586452755129,8.0,30.0,5.035920294146009,4,308.6828268497496,21.670183020394155,386.9375534386649,6.71463348964706,23.802442942496754,NO
0.6075954569024525,0.6828075014138942,7.753593765986183,3.5063113134868966,7.0,54.0,4.7819914271225485,5,287.90475841784604,21.721739475108695,397.20437191132214,9.474491575072097,24.866231285762723,NO
0.47327070695914925,40.3863384727343,8.087765580037273,1.4232791887033929,8.0,49.0,6.186593308360365,5,255.6440682988318,19.66214342823853,389.9340871063828,6.993132093158647,33.99930727146868,YES
0.5649586881176883,1.8321603381777123,10.62182084478619,0.7092776414442229,6.0,89.0,3.9273923089819864,5,277.4954955625325,19.254613880286577,395.7346993391814,24.30030351907388,19.801631292137646,YES
1.723988541093174,1.2562574240300928,6.2287657312001565,0.5430399955567923,9.0,71.0,5.28248783341703,9,307.14381586888715,18.161713102364654,379.90099472156896,5.959823440017665,48.5500150487504,NO
0.3289909867609554,0.6712471209811061,11.070243714682396,1.4742377880769233,7.0,35.0,4.554378064978164,4,277.92125620930824,20.02929165592362,386.3005072542541,9.74672582742243,29.124938490565622,NO
1.237240047569494,21.02850156057334,4.327124516149451,1.254475642942175,9.0,101.0,2.650697959805172,5,264.86429525415826,13.990859639434081,384.7702098342456,7.916498783262821,36.62431264006435,NO
10.210117573862986,0.45135690450919125,19.190269817689266,2.1870620170980213,6.0,71.0,3.7329995736459294,25,667.661247276509,21.4595569315464,4.871851163764554,17.39120964217082,11.75392559378711,NO
0.17326163170238945,1.209987593052179,10.22420274011652,0.858586518082688,6.0,75.0,4.045944598197269,9,432.017747813634,18.45135033234973,393.62844750631234,12.783313022178456,21.280217650103825,NO
0.7452671514318296,0.7592246827450853,22.26359475863425,1.8002304304032104,7.0,100.0,1.8462187243090626,4,437.3432457428778,21.790627799051872,397.84974008847706,15.745127237981556,18.11778432259625,NO
1.3509796075252627,0.12816841296436193,10.804344782772153,0.7831812083586354,8.0,94.0,3.0857135586307067,7,433.2580647891377,19.297125518330734,396.49883387446937,16.82011305370053,18.861915672788268,NO
0.09097012734070939,56.45604670767531,4.217453593678505,0.7648084398234839,7.0,58.0,6.843736128347409,5,370.40641861018963,18.34410940036987,398.5742879389989,8.15657799652093,24.751781369632916,NO
0.47024343263053825,40.86516683560647,7.09130462676452,1.0748076343922903,7.0,33.0,4.417539051354167,4,255.58205248999172,18.264160346160963,397.01951675442155,7.279671692692993,29.665621233593296,NO
0.8586155284603768,25.698815937555477,6.53800785209073,1.8493880469800847,6.0,47.0,5.831733224978899,4,281.8252027532639,19.93842662130782,390.83036787347356,9.64137149059467,22.958889101853842,NO
1.7529539269518213,1.3539628959840826,26.530200230965026,0.6347909511728973,7.0,94.0,2.2088836560648746,3,188.1541079099524,19.353294867531105,378.7701088096969,18.856276705842436,22.36088708490236,NO
0.4011636222945463,0.6572426559648142,6.774654352367538,1.7449878637368572,6.0,60.0,6.026052246435945,6,225.23299532514324,20.224795836915717,395.31124374496903,11.045258009033587,19.24153760893462,NO
1.440574193721556,34.47518163277175,7.7365691207804055,1.5532494280904199,7.0,19.0,6.591138897631025,8,329.09695928696925,17.735753802793774,391.5323836119682,5.870213760193652,33.15079008867333,NO
0.23924304761220683,1.7335967975410385,28.635431604610936,1.6688809839988201,5.0,98.0,2.4791329205531905,7,711.6823951665014,21.143121787989326,319.9364775404088,30.885872485557012,9.160046448807131,NO
1.52876391229017,1.2643358639976863,19.990305241558122,1.4323083692633505,7.0,100.0,1.8150309434957237,5,404.66602179423495,14.846597470076292,341.9008282385647,13.792735714060452,19.71646959590346,NO
1.884351459715786,0.8670254361160235,8.794806771017983,0.7641661382107243,7.0,97.0,4.01931355518554,4,307.10831840838415,22.059687827117223,248.44566938549877,20.423541096504515,14.360316995209926,NO
0.3103632069780379,101.50787094756998,1.6664690361759145,0.9887158938632463,-1.0,42.0,9.481853281099397,5,256.3185958252852,17.08091952457808,393.77297217682985,4.238226687663878,31.953954780414186,NO
1.077138287956196,21.328077205482934,7.147769639404278,1.1259525546652,7.0,44.0,4.803462268846028,3,224.05840704258577,20.234303671851496,388.95242561443087,13.132507490742249,21.83442007730968,NO
0.2521567016104958,0.0532765932636626,4.549734860182401,0.8569169106686216,7.0,49.0,6.180478307242819,3,248.66543262050155,19.30283317056503,398.4813485365098,9.977862648982164,25.025958007978613,NO
1.3392842237195763,40.276810615558404,1.4633204821396484,1.3201003448889954,8.0,46.0,9.095272022124245,2,335.03677575868187,20.401048447283134,396.99956639748973,7.380176321795894,23.160812221002985,NO
3.453243183864872,1.1698974562367612,19.75278978506293,1.3560151613136813,6.0,98.0,1.7967744552602603,6,404.68463042374805,15.078040652999032,396.94418910264244,29.79008991025423,12.069911476137657,NO
8.768323572645137,0.051454320708590864,18.577633674262483,0.6372516430408075,7.0,87.0,3.482967505073928,25,666.4113437746781,21.508491469685033,83.65162036909156,18.668221973714964,14.760421290529374,NO
1.0903618346449022,30.08790432463809,5.71977200336446,0.5008789546480781,7.0,56.0,6.869903126989536,8,300.70752555747885,17.716582671860742,392.8391650296196,13.133449455475805,22.160448648151625,NO
1.4666978317701127,0.38991928540938653,9.236240044547655,1.8102379384800233,6.0,83.0,4.834652269286384,4,307.93698170734876,21.708281077358215,386.8862325209183,14.999776309816234,17.558481714845346,NO
0.8668267943372409,13.845262624648838,8.09329346947939,1.9888416808280178,8.0,100.0,7.135063932042121,5,311.22163452482624,15.367863126974697,387.3158372439359,31.72620740921559,17.39884494504478,NO
2.0385367973619535,90.6367885228623,2.2166881374341414,2.101207680997398,7.0,37.0,12.346709773529756,6,187.5287627955735,17.007170502837692,384.54153958486035,4.670748856461395,30.88276885880767,NO
6.43501553009485,1.3755862534422634,18.29617786088287,2.3211937322884197,8.0,98.0,3.5703009310303657,25,667.5537108511066,21.07953980498384,356.15219409344905,19.000043997095798,16.214365300690282,NO
0.16596324731421644,80.41433995555009,2.655038709457176,0.7290890072418245,8.0,30.0,8.943627411242648,5,280.7841494604373,17.53921678268582,391.71613747945656,6.202375213829964,25.6799597568903,NO
0.45153906516428466,0.35265437342128425,8.729262330409902,1.3678181270453869,7.0,74.0,6.774881397981305,5,289.3593565233384,20.760207900924247,391.6679848120347,13.431431874102968,18.77075222151319,NO
0.11191295342150138,0.4526590385853935,13.168413373243599,2.2540456671097275,6.0,37.0,4.772568774920153,5,398.7016744423825,19.21175716956103,396.91852592805134,11.629974929529538,21.280910937435348,NO
0.7629042079483901,1.39148504250975,10.85613274395164,1.0543069039107347,7.0,53.0,6.3453066709976165,5,277.32103973964934,19.754976039929495,395.5184524362778,11.315383003305199,26.079967544713355,NO
0.1690014440436065,0.3657954044683904,27.05190500908706,2.1211414762621326,7.0,97.0,2.4869317471677688,3,188.0525766865574,19.59304181387334,379.70037332556973,17.885548106680197,19.711647577041546,NO
1.7811328687375863,80.29550081257065,3.26356659701806,0.8783883784916575,7.0,22.0,12.11907666368399,4,334.6508747910387,22.956356843084365,382.9228899812025,8.127076119408937,18.60813263541123,NO
7.203794680780591,0.673926558786968,18.62571033371804,1.9819806094747143,7.0,97.0,3.227081723542433,25,667.0551530744428,20.489427962280722,398.3301142153842,21.15462974360375,13.393825944736554,NO
0.7075063165422271,0.4998172897238902,10.516001520615244,2.73344501310109,8.0,88.0,3.7436480402643713,4,305.47182576331875,19.11359672533461,396.21244195641196,11.251986035435458,23.92686478739106,NO
0.7792249316701744,1.2353476692531435,7.842450022087466,0.6502497161784732,9.0,41.0,5.221319451326661,5,287.2560186355463,20.096431186376805,398.7441100759196,6.22545048021807,27.073838927288087,NO
1.0813793907042608,1.5355607313537325,8.068606170090588,1.4365627355032906,6.0,75.0,5.264807571979902,6,287.10603103699054,20.499238274047972,391.4683994398775,11.997279493329202,18.658951887552924,NO
2.5624879667198295,0.6293862144850791,19.590896347607288,0.6273808624298759,8.0,91.0,2.628176413028516,6,404.0786205158562,16.506503394894665,374.4416621052787,1.8893048611580336,51.3696863610317,NO
1.1380631101472636,0.5027812331944024,7.811416525420331,1.6228224799453952,6.0,46.0,6.2146414363362545,6,224.20389818650133,21.719701181278637,397.11851661650076,11.295252847487324,19.57717733543599,NO
0.9926158177176514,0.5040898343209361,2.9309352252771306,0.9305911385324559,7.0,-2.0,4.147022894602758,3,193.10937643412103,19.260330165949618,388.0724619689466,15.303525565591965,30.193845171969254,NO
2.9029193449543844,1.1946069774340546,7.526712453857429,0.8302803639020427,7.0,53.0,4.930318189813604,6,288.118038324886,22.271421961476882,397.7460590592478,8.099876711881539,24.825451484871028,NO
0.3434176228205753,1.1082682357503906,5.082932198595293,1.0294095318480025,7.0,57.0,4.446974142775373,4,247.5076157971725,18.699642997538035,393.23609906406347,6.914542002935742,26.991881841809892,NO
1.5971170458754906,90.98494508559929,2.7154000944219816,1.7131196336123042,7.0,36.0,13.253074716974973,6,187.893550857663,17.512568357231803,384.71531670164467,5.354537607018997,30.60371540351333,NO
1.779335795852139,20.63061558190325,6.073261750638395,1.4446184281173295,6.0,63.0,2.6006615631250254,7,264.995006054522,14.44829146603493,394.1919262165265,11.740657062567662,23.04371809712039,UNKNOWN
1.77023157934092,0.4719001559918291,19.700430617189898,1.0076540386631203,9.0,95.0,3.5201437825190283,5,403.1768776254815,16.213636302633535,388.9615472175689,3.8228396281956427,50.73947860858359,YES
1.024084624679958,2.3318103014386375,10.7830101376493,0.7186805179451153,7.0,55.0,3.4356246275531825,5,384.777641779364,22.477230863644884,394.02802620169547,13.230758990589685,21.77903621904819,NO
0.18773774654442954,33.25653122331524,3.722919136100119,1.5463199389773152,7.0,41.0,5.115559911136992,8,223.11255825729282,19.878933042494484,393.83967022361867,7.126363389930566,36.59833157013364,NO
1.7248406989377518,20.3698778254054,4.963567344183028,0.6566431628047492,10.0,88.0,2.1077288571836568,5,265.69351272905027,13.465782797513015,391.2281991101392,5.593142201086278,50.67435967062509,NO
4.952171239035591,0.7698606938611925,18.64378850403107,2.439342388242057,7.0,68.0,3.253785793944435,25,666.5549267408363,21.423179249975455,375.0297082632709,11.969834976324293,29.858211533682343,NO
0.5062176205047563,22.67073338853831,6.317556790527788,1.1143820505094257,6.0,77.0,8.381641041166061,8,330.74445127310946,19.159928197054892,372.68087766712233,13.658341236835009,19.438551789940973,NO
0.804130908950925,0.3568979831402563,9.297022828987814,0.7585226411571402,7.0,62.0,5.81870019833339,5,307.0688930782477,21.698040264862755,397.8984480074722,8.906376742101406,21.613855652612433,NO
0.7333726476316352,1.3676625916469651,28.158082693328048,0.6394819580438308,6.0,85.0,3.790279714264716,5,711.2530822744532,20.69124220912775,397.24393398066564,13.506357697262724,21.049286063129063,NO
1.5314799666346082,1.8303719532910971,10.506844459639378,2.989494667008073,7.0,93.0,2.918021370870653,7,432.53445962508414,17.874504747040465,395.9109816546943,17.082968357198137,19.900926398005147,NO
0.894902657460822,22.21811603212231,4.645205211765556,1.0352472301187103,9.0,95.0,2.219530949449175,5,264.65359959476007,15.076115765909854,393.48225860026594,11.379614317446382,31.725231994576006,NO
2.3456472116121074,20.780336641777236,5.006768001933549,0.8585169762592686,8.0,96.0,2.8909026120947576,6,264.89592619642747,13.940278558433818,394.91209566204367,11.3077798215733,31.008900572618913,NO
4.076960036906534,0.6167256161302246,19.929472537506193,2.2816264146350864,6.0,95.0,3.0236305717247904,5,403.55469979658847,14.706325900454562,331.0460656489155,12.062629201666432,22.539111436206195,NO
0.312427405216331,1.209388141027596,6.126138516361465,2.2495468017956073,7.0,44.0,4.003785111466443,6,279.6237388817278,19.519760717210932,397.3328303205482,10.550861900515317,22.047629904649025,NO
1.7479391729576628,1.649788592672077,10.63637525298856,0.5511354792845665,7.0,73.0,4.0899731174839955,7,433.3987446030762,17.921717133882453,394.32215955174325,13.050748804910292,22.53382712233905,NO
10.55367030329832,0.7461654051924667,18.52205431296795,0.7484313747196755,7.0,96.0,2.819251792862331,24,666.2245212592359,21.227190420757328,62.05444118787026,25.407982219916665,10.274687162339427,NO
0.8749213093982723,33.33254787113145,2.894121211111161,1.94056324526482,8.0,71.0,4.475909332085162,7,223.1429217572868,18.995204365797033,397.2477797874076,8.10361545072447,29.16505465306847,NO
0.4230211837775859,21.457794499658906,6.9360491448467245,2.1703700873061025,7.0,23.0,9.10494015162597,5,244.03584337913242,17.78355130755764,397.63504661565014,8.472773912824916,23.971565437439423,NO
0.5380966926452598,75.45802378287537,4.950515880790525,1.7406800860605616,8.0,23.0,5.503244322871518,5,252.0693004556798,19.246329446016514,395.7438070909795,4.5408688433953115,32.08568265707889,NO
0.12232452597565607,55.74791979384717,4.24424999018771,0.6641984057100782,7.0,30.0,8.178973023410181,5,371.2141172669469,18.486884203058622,388.6774095813128,5.029669335939718,33.022442464532055,NO
0.3437696923325725,20.668393644200545,3.9933230244610174,1.990352005683091,8.0,65.0,5.874352335474761,6,216.31070972915512,15.926684588840484,388.026904113445,3.7938104701039914,45.78011933201787,NO
0.41503246500505925,41.23742164554713,2.5030733413394515,0.4405676509713909,7.0,45.0,10.244563880342737,1,336.51849478263523,20.43992542547979,397.2452644389173,7.228715016814609,24.72260626028182,NO
1.8251504507721312,0.6322186329771641,11.288979462386997,0.6853937700227705,8.0,84.0,4.5113678761772125,4,304.419079330412,18.625191571173396,394.32125357841886,8.00464670477814,22.38990284817796,NO
5.06336523196932,1.1252357554290249,19.11898282666318,1.12994824127937,7.0,84.0,4.649376725922204,25,667.4329656499708,20.873315132328262,398.7863249924077,17.044365394548635,20.92517168515561,NO
8.5021252744427,1.0428742061797143,19.275054868861975,0.8160117814700114,8.0,100.0,2.990967679361917,24,667.0660818203664,20.429016439469983,376.553817663177,17.97687504573945,19.19250896691273,NO
0.25573324925396734,42.16827222471808,1.431926464918702,1.225682195832662,7.0,35.0,9.710188972489291,1,335.35094727981124,20.19924013676505,390.3701457853812,6.1994462144090186,27.683007618747762,NO
5.330297627607873,0.5214284533540444,19.42431771972221,2.474466285099943,8.0,91.0,3.171032197838214,25,666.3973463028882,20.73690856441254,257.14697496670794,17.83258768703371,16.67648475712936,NO
1.506066593528321,95.56475318631315,4.1217894194322895,1.65350792175373,9.0,34.0,6.167945514812577,5,224.5520126600632,14.7218883272836,394.4821205869601,4.1167578670552745,49.284833410022735,NO
0.6790583401971678,0.2562643411632847,6.307793011237899,2.611401157672227,7.0,22.0,4.74849869502951,9,307.6235529245282,18.727423142548997,381.82821430330097,3.8289297018201847,32.59755387529545,NO
1.5037737311980952,26.024842882843004,6.069345106784335,1.430791442262051,7.0,94.0,8.158318923153164,9,284.1695407522227,21.122200141737004,378.23360444938373,16.38233766824058,17.049427151459483,NO
0.9826683255596864,0.23006145757198584,9.55864411590455,0.8971386763858927,7.0,70.0,5.301673622918744,4,307.5617494271802,21.71597391977062,392.46955762014164,11.34206248511329,18.22348087877,NO
1.7892434593988833,1.301228571480703,8.40425336746446,1.3204360858665019,6.0,53.0,6.283467307074487,6,287.9140672110704,19.775154144643594,396.93143920375167,8.176026090026419,24.66054250861271,NO
0.28568083086228147,21.912309963193294,7.439675239771452,1.2491989013753768,7.0,46.0,8.078608762111047,4,243.89274242206164,17.56333151907369,396.84948665619737,15.343376491307406,19.793912862664566,UNKNOWN
1.7642575894362464,0.1108000562831142,12.0514517900718,2.0356250597744094,7.0,102.0,4.413627454247682,4,277.4565941965464,18.67958675720064,397.285791521996,23.270030876885492,20.325575084526808,YES
6.448274670236211,1.3191006040582423,19.167298428096327,0.9853588391641116,7.0,88.0,3.066949597677797,25,666.1453299651589,21.06029251081406,101.31346542814121,16.952301478353327,16.72742731957639,UNKNOWN
1.418818053328513,0.3956120750191017,2.302868933514279,2.0772093263593963,8.0,46.0,7.42567055265555,4,222.676434555098,19.047562091856335,395.1854513068743,4.300336783495491,33.75280798715288,NO
2.5790788781134864,0.6265508666820778,21.463009270646552,2.2232521875083555,5.0,98.0,2.2909042139206726,5,403.84919980855767,15.357960937086517,392.19359995089104,29.931254912965738,15.486611965791829,NO
1.3783095655229205,0.6447034211017081,7.227702356362012,0.6765822470094012,6.0,63.0,3.4492549674740403,5,279.72593136281415,19.56674000512649,378.60290297154046,12.152344176522073,21.036629411888818,NO
0.0684614255960866,1.3648824938178388,3.534453833285582,0.8982987523231192,8.0,47.0,8.097997433409084,3,222.4945361533715,19.630818585322768,394.8937263477614,3.1877930019750793,33.65408340742239,NO
1.1619532920474762,52.55415575879128,5.528108320552798,0.7029422027371365,6.0,47.0,7.988073120541601,7,293.6653207651056,16.797570504929972,398.4743047452289,8.31311676569688,22.98183773522514,NO
0.9602751942524302,0.5205223441311158,6.275314035896498,0.5969645566593476,7.0,46.0,6.4126576154114785,5,225.0313065032523,21.6482983317838,397.59760365940264,10.042407786021906,19.904080599879364,NO
0.6167046925134735,21.31608049389261,6.325301883030549,1.103908257982902,7.0,23.0,6.9052399460337295,5,243.2270414083544,18.00337509334986,397.2636555183774,10.013838248872052,24.89589871123293,NO
0.22142097886264697,37.2751509446629,2.157836174092474,0.857755266970829,7.0,50.0,7.444922215116949,1,284.89223996940615,16.005715340416366,395.580916440569,6.595477675452665,33.76597959422338,NO
1.9296635976848124,0.13007815962998276,8.15156550968413,0.7364603038000376,6.0,30.0,4.562861503671201,5,308.14581155088763,21.530902712652242,387.1665686534678,7.033086738769138,23.406672767450246,NO
8.849499511087243,1.941100480481026,18.291381949600986,1.4846752533760084,7.0,84.0,3.066839070009885,24,667.0413987249584,21.079866492458745,273.27348066892864,16.825051849030114,16.19820421816812,NO
4.519179317570943,0.7335302413643022,20.15126203524997,2.2105064746300105,7.0,101.0,1.5042899232101719,5,403.6545543482425,15.463636975156927,173.87125688550827,28.623674585419874,14.401636855858554,NO
2.4271533504108214,35.49189668042021,6.634718096936081,0.4405099200609866,7.0,23.0,7.189326897427639,2,306.40086037705987,17.88928641601391,362.549258282698,8.06022363693361,19.741881679061102,NO
1.5422178312124888,90.24217719535538,3.88035693034944,2.093595116045579,8.0,34.0,6.706356618174917,4,244.40215308076156,16.553898305953727,388.8469599316939,3.2031045128037197,44.424730183589695,NO
1.9346197985532452,31.039030429688385,4.9888016936744854,2.3164036753834014,8.0,54.0,7.971969745067576,7,300.59186665792186,16.64457884851,374.35473413345915,11.836551785874347,23.495554178345042,NO
0.21584126257232072,1.6417280698359886,12.348254488468195,1.5057824613476785,7.0,82.0,2.9027509953443973,1,273.5711158346655,21.9608967036972,398.13591056223873,8.685359593391935,13.351196868509689,NO
4.695514857687034,0.9772202103209701,19.154667676111757,0.9435401219143913,7.0,53.0,5.811962448424819,25,667.1174666760141,20.65096871024875,388.9377740169148,11.447197394200685,21.97396265377905,NO
1.202741847637223,0.7767698247928965,22.019167591038837,2.5986937936814427,6.0,98.0,2.7154374596513224,5,437.26462356685215,21.25838756425031,397.5728341477008,12.605298749431,19.922164706878892,NO
1.2861329691913077,0.891602887380214,4.623641625093468,1.0643430793542918,7.0,58.0,3.959160263726594,3,247.92060046805747,18.559333334852333,397.6429574380365,10.358729306211316,24.75787777298854,NO
0.6017081745648528,13.600011475713735,7.685220075001523,1.309556000097749,7.0,33.0,6.5706852236862705,4,345.23252600960905,19.976149422107998,398.2758285574112,10.009112930579887,21.986622254281773,UNKNOWN
0.486469513626272,20.263946077725077,7.352075445818792,2.3306761174575152,8.0,53.0,4.495727662472451,4,223.42295324962,19.500262301370984,391.2143463345654,7.229533220950829,35.91983170545811,YES
5.680847703481463,0.6801130810586925,18.614111274806312,1.4140111041528804,7.0,88.0,2.4007143717173647,24,667.5745321853868,21.748307508735056,101.02281478600297,16.32191153327792,14.871551502332837,UNKNOWN
1.256771100852055,1.7553559952169298,6.872501541449576,0.669438314394796,7.0,-2.0,5.867287651471466,9,307.1809845996857,19.4515816486858,378.3876588224583,11.223228065077757,24.40457522220926,NO
4.619114436121183,0.10822155522666617,18.705003098092348,0.8561125143160775,6.0,97.0,2.4816803345444414,24,668.319280390158,21.369369681606685,380.81176055719357,10.997215878304598,21.361023724811375,NO
9.913855369094717,1.7076835222059505,18.157487021327224,0.8744682797557857,6.0,72.0,2.8987518259615728,26,666.2403723003875,20.785816892703192,3.7973808296020026,17.51352400517107,12.683736922975633,NO
0.3041186062144509,90.2104992170841,2.1461772629361966,1.372421958363537,8.0,23.0,9.85112726775117,6,226.86030277242986,18.923384686231078,397.0257747439997,5.05787627419513,36.56101930531889,NO
0.44452612278098236,1.4360567077634914,11.007649100336302,1.611752701590294,7.0,54.0,3.987534510974211,4,277.9019440175814,19.210116303360675,391.79755637665653,16.90514781356802,23.071971463628937,YES
1.4731201644685616,35.66532958384061,7.108048577660404,0.6513049246047636,6.0,24.0,7.762729500775663,2,305.3491946513113,17.072549048126163,363.173469782059,9.004253285423093,19.940214627918436,NO
0.4905675744386704,70.49879745900593,2.7794621884209354,1.9913763211418587,8.0,48.0,8.818264158980714,6,358.323529963192,16.17563844653116,390.9719766216209,7.089452936984969,25.064322948246197,NO
1.2489624094104292,0.1730874538476463,10.75906939154555,1.0708446249714636,8.0,54.0,4.7183237263358615,5,277.70915786902464,19.382557621291973,395.14502911478485,12.15567771903289,25.412875138497405,NO
1.5542427152431408,81.06451334693634,4.848452818913441,1.6426050366871743,7.0,33.0,10.674863362175046,3,315.5397551833202,17.687458099732588,393.90512132985924,7.5028074945818695,23.039273950539492,NO
0.7700291356856199,22.673115232501814,7.284639267825623,0.8048145117570988,-1.0,9.0,9.583971427549331,7,330.09039656569325,19.81077621664624,397.4316501315366,3.8498306903741075,43.270017027770436,NO
0.6607422099259634,1.3445996069461075,8.092757886565906,0.5616717337876632,6.0,34.0,5.393090403094564,5,234.33528668158706,17.939566380633384,398.5861316711869,14.68452282662508,21.151519507262396,NO
0.9410160676269609,0.39943258157535494,5.226127942109295,1.047966839562255,6.0,48.0,6.130019483367725,7,224.00827419352177,21.76130803082621,397.2966149314463,10.117347059917623,20.375319045227045,NO
0.6169118593395395,61.8058297644456,2.950927882025776,0.42578089883301584,8.0,10.0,6.856813394379007,2,265.1639636613234,15.62658402952119,393.871379136096,5.445096737821218,32.22222264717851,NO
3.9247039557339636,0.5107077168379627,18.32999715710476,1.450220152661637,10.0,83.0,2.1807010848399684,25,667.3832622347163,21.567498139206947,356.8707304516195,5.662406408351065,23.273136336877382,YES
0.9525344615535618,0.2659775302300473,11.001381830373195,1.1052288734220375,6.0,8.0,6.066309412694391,4,305.2303849410329,20.023438407999556,384.9495251535092,7.3693938307523785,25.402014494436315,NO
9.933460866124664,0.488689658198882,18.795122440362643,1.8142726895532721,6.0,95.0,2.8638083790097455,24,668.2552370273993,21.9490237726138,399.2041598784318,23.312160576335284,13.952711254803642,NO
7.404734559548015,0.19367233005365014,18.58007983992987,0.7324487817461358,-1.0,100.0,1.3628420869595577,25,666.1134487858769,20.275117609180874,392.81165476471784,4.770402623370829,50.158127396014194,YES
4.657847076724284,2.964985412812073,18.154250226741546,2.3758163790378637,4.0,88.0,2.439266169540929,25,666.7481340439055,20.506701487348064,355.5960188376678,7.574473531324344,27.873264973281486,NO
9.523206849470386,1.1483731693246058,18.929026441883195,1.0370516066758553,6.0,96.0,3.554173203105037,24,666.5057233573903,20.293051793916224,354.5512881779008,18.607461176319763,15.511323795255057,NO
0.660524053686054,0.3367891917500087,28.206014514600056,0.7970166473430039,6.0,99.0,2.7700233083327586,4,711.3421434535888,20.549578297662322,319.4896147525702,29.819944613034714,8.96975176234279,NO
0.06744589880113869,90.44118289229883,3.1654823825092433,0.9992020701228367,8.0,23.0,7.855718019449757,2,285.02161178406084,15.422455602205188,396.36620168847634,7.885451539686819,33.17473549622135,NO
2.09706747005671,2.283957980398399,8.431490510532935,1.712342954438793,8.0,8.0,5.823910088566166,4,235.67052037957546,18.04819582665926,395.53303162497673,8.385731240084867,26.548331350445846,NO
0.9457383145680878,1.7292235388684878,11.439449767460292,1.5788396537690086,8.0,-2.0,3.6493591345432224,6,432.1889808516262,18.980882674632458,393.2113739884569,15.042583435200628,20.793192718494566,NO
0.12106357829099751,0.6351058533833992,7.255560094496215,1.41783056067252,6.0,63.0,3.6101252683780607,6,281.2022554945959,19.517449413388494,378.0050886842886,11.651047378952656,20.074887802025902,NO
1.8155439450446706,2.4520246783366533,20.75918046274582,1.032253527908212,6.0,99.0,2.5783608416510972,5,403.3615211767192,16.052141316007127,374.48232079795724,14.220497824419528,23.07230644521652,NO
2.554251456387506,0.320036770981515,21.411324281801722,1.414550014111498,6.0,99.0,2.7553646993607677,6,404.41945263206685,15.448331084877672,262.38426693372435,16.177267692733555,19.411822906036157,NO
4.872967313903418,0.8755482145993256,19.33582135800843,1.7781474806756092,7.0,87.0,3.007778898590084,24,666.3478139799809,20.565817406679322,51.86159137529431,18.584456732174736,14.830956725432609,NO
0.45523567142102617,35.39355273720341,7.933984852098136,2.2008161489070086,7.0,41.0,5.993794509566349,7,329.46070486507756,16.921216962791615,396.04382766012634,9.636580263843097,22.43988010900017,UNKNOWN
0.6030721842835802,1.112593895497904,11.130533067369486,1.8892798090678826,6.0,73.0,3.598051356792406,8,432.2438604053272,18.357616452867486,339.24793266135856,16.833346483703785,20.566203983556672,NO
0.10179071900711201,0.056511450970791126,7.316226045489779,1.0672698671562468,6.0,42.0,4.402204861769432,6,279.3372662404716,19.78595389540799,398.7620154568249,9.251908389346067,21.04491918035172,NO
6.6567974403841355,0.48283490438853305,18.661505831073317,1.4641725583156984,-1.0,98.0,2.011075790208917,25,666.1720533968492,21.02113988453187,393.62162277923755,4.33630824429164,50.898326780143535,YES
0.2579655745602193,21.67383139261098,6.356548497425524,0.4561951954743196,7.0,48.0,7.485658680612191,5,243.94365853772734,17.11935256407514,395.83266636901266,13.827046702749502,20.695616100335933,UNKNOWN
1.603187543221639,2.2444169203121382,14.739361699178222,2.064106088849049,6.0,57.0,3.15999230480988,6,276.93431260520157,17.126961559460856,392.94397042711444,14.701543056541624,23.658800878676686,YES
1.755436664334932,0.7888546936398076,8.353893266573472,0.828153174751151,6.0,63.0,5.473193663234596,4,307.40667149743416,21.49205263033435,397.07218207569144,9.504978740526747,22.65138166332487,NO
5.4117961676889985,2.461769103339502,18.58036226395858,1.1893472333086494,7.0,95.0,3.054566818102415,24,666.6503893084516,21.130391651823825,332.09575937077784,23.00382674613458,19.1895493294528,NO
4.005161718603382,0.17411844689685915,18.528210799231452,1.2268614992414184,8.0,75.0,4.464554488519602,24,667.8901447379394,20.450278204254463,393.41724847278186,16.12432875038941,24.322513190429344,NO
1.6166168255151547,0.634189294822568,19.898347863364364,0.7379882139983632,7.0,95.0,2.9904807795236237,5,403.13949279932336,14.96822647631888,292.4520415255859,14.991551152842284,17.931605383107232,NO
0.3113412654694614,1.5344258190474755,9.199549853722095,2.183604652492421,8.0,98.0,2.6449605651375334,6,384.3773170045417,22.471772546035947,395.3339833297645,12.815751856133021,20.027178775226297,NO
0.9759021551982929,2.148176866433595,26.31966410743542,1.6633095094945716,8.0,95.0,2.2167767800296514,2,188.498676740299,20.360255305723218,378.2899005082281,18.745023555318742,20.737655436930574,NO
0.9147028346013809,0.4467079863582025,8.119333572921608,0.5262548269474642,8.0,42.0,5.7022537145609276,6,287.2248390442001,20.27662964350248,398.8628916414123,6.746550992571548,25.240622015046345,NO
1.221881419050274,0.7787169073842345,6.481077231987136,2.0653790669280365,7.0,67.0,4.360425504558992,8,307.48080328459923,19.06006162988717,360.2604840161023,9.106502772883571,30.368113694233745,YES
2.0448973696707893,1.2464432866306887,9.198694640911738,1.2376241984519618,8.0,64.0,6.439761076612768,5,307.5444596528897,21.61878828059369,397.1817347047547,9.112805475714648,20.512065229185318,NO
0.44226230070563466,0.4157576639788709,14.555187070752819,0.7243134061926477,6.0,57.0,5.226419511240957,6,276.63875615664216,17.59126900433764,393.06943127242585,14.70917705542874,23.39958086281395,YES
1.4568579248005469,0.8899083796384826,8.95230252351903,1.3138453025735939,6.0,96.0,6.703147637763967,4,308.21375165451013,21.092949863511482,361.2150133751233,24.407271701664964,13.484853788465632,NO
0.3519068251107471,0.024547609912174948,11.02642834183391,0.6049465790068506,7.0,75.0,2.7323861628744797,7,434.6535116117337,18.620723846718285,338.64952468753995,15.611277429930276,21.11185426276307,NO
0.34595997004065293,14.335737814051797,8.019220043924824,0.9901580390205516,7.0,97.0,6.892606458750332,6,311.9196427812778,15.286029209394238,397.50487625949927,19.890007477461605,28.56011205988061,NO
11.076009689214027,1.549601602538848,18.256868027361364,1.083977786256664,6.0,97.0,3.6022995299885032,24,666.6693945161963,20.28171222875556,388.6827280599188,16.932407903943716,13.015364577728674,NO
0.32229068705059954,0.06700872056939444,5.671445902506252,0.8461326398776543,7.0,71.0,3.2878381383504323,5,296.39109166218276,18.221200388213855,393.54567982750535,11.039287110280185,23.72209441728148,UNKNOWN
0.3613622159365197,2.42568888852667,8.938497890061337,1.2963251255085242,7.0,86.0,4.106746361933965,5,385.0106503761432,21.671539124700782,71.18573103906873,11.157762414780352,18.608017756804763,NO
1.4071367660277447,0.8411287373511823,8.182175152924716,0.9311867645348859,8.0,67.0,4.532724511796392,9,307.81933854993196,17.508492324873757,361.38392902392684,8.643102385423886,29.411373539574598,YES
4.3127983837420185,0.3899820754548006,10.099466825973018,0.834594674455222,5.0,40.0,3.088459929455341,5,304.89957255196794,19.22644774806857,350.70933905245937,13.275139815978097,17.271006895353786,NO
0.26437781759274875,0.7030034486049739,7.423128016173319,1.5103840576290106,7.0,40.0,6.94181368124406,5,233.29323744766293,18.67500287352385,390.21694061323456,10.090889615218938,21.94908990101648,NO
1.2482439662547806,2.1928425641114737,10.132196143987422,1.6393940684318067,8.0,83.0,3.706102487457089,4,304.249969186641,18.764150763348432,397.8546670218649,4.79047877525317,23.544641596900476,NO
1.2131622819426295,0.8964468831005199,22.34212821872415,1.2741245475491896,6.0,100.0,2.4306130732175815,4,437.00273274639125,21.985890606008645,395.50940064017294,12.613120796861157,20.05607537023763,NO
2.8293588631392224,0.848366542355423,6.58679349905419,1.3480083629651034,9.0,87.0,3.812826369689056,8,307.80241414996783,18.262102168561036,389.0217088433662,3.770529215275399,38.599435080248924,NO
9.392516532902253,2.2167177096488473,19.215479094448618,1.1796511491014328,6.0,99.0,2.861913742149221,24,667.4658627702881,20.39561289704848,397.95857331812346,18.21933310599814,14.203225620495644,NO
1.4243354425158181,1.0113246322348013,5.599538722603057,0.7821914322945036,6.0,59.0,5.990134617651434,5,224.1896282377232,20.67162535875686,396.9287125832491,9.695989415108924,18.9719257209701,NO
0.5852927955485246,2.1701231954632156,5.578437287565743,3.0983032904848145,7.0,39.0,6.7367942982205005,5,224.76759843973105,21.579417961574247,389.9858595988248,8.220678883944608,21.937849217618652,NO
0.5422357954429922,0.5884499526511927,7.674212754175449,0.7960453350240176,7.0,77.0,5.489734390315384,9,308.5827181579697,17.703099640711546,388.7262568955443,10.684903771398305,25.949443214268126,YES
0.6948908733026875,0.5718242977356477,3.547115980987285,1.1032170579135514,7.0,64.0,6.060414459699205,4,270.63173276849733,18.069560372990676,397.51679294751943,7.110627637212318,29.672376844577563,NO
3.7662452700120834,0.03318571773456355,19.685011951850306,1.6251682092287163,-1.0,95.0,3.2474089698395137,5,404.0164868399734,15.335441376211005,240.44293202582932,11.005804915053226,25.34219650886767,NO
0.1587147487682829,45.48077440929824,4.1156668208281655,1.1800464303603513,7.0,30.0,6.099268936690294,5,398.03778528634524,15.929443938506841,383.29901660145896,4.566057511097427,29.974686270203264,NO
1.6609253189778004,20.96652818567977,5.18230277977807,2.4633531342790045,10.0,68.0,4.057051791958703,6,264.26260984713883,13.48956695161705,384.83352575454353,8.069198458186623,50.795230327715764,NO
0.290410798791153,22.954859735797587,6.550994104170836,2.6183929371295127,8.0,72.0,8.871370463416854,8,330.08045405778665,19.771816992883174,389.6982956408759,18.75788647817556,19.515403566038334,NO
2.353525290962062,0.3152156459924929,8.414507173473654,0.564405587064304,7.0,92.0,5.224895596624315,5,308.258031436579,21.456621553000467,397.69941461748243,19.071869426709366,16.11760598542167,NO
2.359927229109382,0.7785792253814587,3.6209730537016815,1.7910225941403948,8.0,54.0,6.376103616381905,4,222.15948731323536,19.966841672053807,397.81832674793225,5.599531772180602,36.5902501010806,NO
2.0052757533146393,1.0863280252801375,10.266671091204454,3.5848022154540704,6.0,37.0,3.9379608926821397,5,307.3593431613444,21.302449918451067,289.5658025205226,12.313303739263233,22.525570387474303,NO
4.469058015284368,2.3302107051145,20.533088260092384,1.416193701899617,6.0,101.0,2.283806814556463,6,404.07971101109945,15.147146850900672,396.93686828708326,27.386651411302527,15.84425747635058,NO
6.343453593148742,0.9561797099661742,18.810660403820737,1.383285741338054,7.0,93.0,3.0820579334370644,25,668.1341149077267,20.29068769269632,385.93830809478334,19.34039135118267,16.775635069430326,NO
8.904005930641706,0.2698442548872883,19.33600823464336,1.3954607816209608,6.0,100.0,2.3227194968103917,24,666.0260246780083,21.706939077751812,393.38883042826586,21.096449442572982,9.083043060280762,NO
1.1023714020647097,0.28529744261887163,26.752761513157825,1.552318785690757,7.0,96.0,2.5744817115099794,4,188.11903312638117,19.323928062100734,378.87477617669526,19.385563466690286,22.290267273700795,NO
0.4887824727729683,1.3003402096994627,25.656295998519855,1.1833205646148635,8.0,84.0,3.220874788632898,3,189.1992048778238,20.102737604301495,378.16320257621794,15.801091629544349,21.063239891979787,NO
1.3956281264392485,1.2981458156790335,3.4325417724562426,1.6972335136953838,7.0,93.0,3.274957566110417,4,193.100869338504,18.454191006851776,395.7757230940509,5.143459114944276,38.91697488837323,NO
1.1043514802968337,0.21694323482967579,6.183771662538959,1.542241338095263,7.0,68.0,4.142932746287612,5,280.44623183672365,19.63208874479103,397.80179251641243,9.879026888991467,19.620924162281977,NO
3.690029447314584,22.8674848885564,6.017671541438488,1.2925542954509963,6.0,50.0,9.095857687177046,9,330.92761805630477,19.63637341712997,376.4100498259,10.882482372499616,25.880296706137194,NO
8.128031804196256,0.1584001845407381,19.265585099313938,1.3155446564759739,6.0,79.0,3.4684433232799634,25,666.0927514410033,20.86718921112899,97.4182567093586,22.72885896210315,11.127586496899658,NO
2.369782204620274,1.0729416696074743,11.19309972913487,1.508727426518715,7.0,8.0,6.117926529484382,5,305.5564927332297,20.211367391045005,377.1750552196596,7.622720949124315,24.118005063578373,NO
0.403748143354952,23.275327249536918,6.206510729413206,0.8384575853781049,-1.0,10.0,9.486851144388188,8,330.345385733439,19.2676709417382,396.9189065168244,3.6375327118390484,44.362018777655,NO
2.252061818483107,0.148782621197036,3.8969687056379323,1.6445329632363723,7.0,33.0,7.398665204402593,5,430.9868156804458,17.80017424335324,369.2549019774716,9.354687535667006,19.808073626208834,NO
5.969576507801165,0.46096695692230816,18.781581508563196,0.8898396730072744,9.0,88.0,4.9332278260954965,24,666.9039647324176,20.91887346762053,375.4943159497197,8.553601620101361,25.181701541644486,NO
1.5939379307198724,2.2975137379376087,10.13701797681397,2.036146343731165,6.0,75.0,4.033532305040895,6,391.4304363027693,20.48754714277678,397.4498208381936,21.612861383424097,21.187100742227347,NO
0.7297495864166119,80.3141739743026,0.7750608657585437,1.3479961831354963,9.0,32.0,6.33980970635039,5,255.48301886720034,14.670772985737974,395.6661643429321,3.4079141642582234,50.17045015101843,NO
0.22071441192360763,30.72117589685404,5.2065336507290345,0.7407617117347634,7.0,66.0,6.730435744758494,6,300.8684442960703,16.924895267612374,395.63569654065924,12.958143263667722,21.579399912695628,NO
5.891384595605762,0.50521318567419,20.585937756562792,1.96197044592953,7.0,91.0,3.923980060703293,24,666.2178030136655,22.367780301256122,395.9136652535963,13.778795734101122,19.602673388803044,NO
7.78584421346264,0.39924496878878474,18.59998839438825,2.5993275638061744,7.0,96.0,2.7239285288498643,25,666.6234352593037,21.158636720435293,320.3294689532405,15.818868280205265,14.372642280119198,NO
0.2596091816781062,0.3041044065941009,5.608909220737887,1.9736885957463606,7.0,69.0,3.0618661640063602,5,296.44861550410735,17.01816512113693,394.2236086920029,10.909763566254034,23.397063782846338,UNKNOWN
0.1511225409667631,40.807780662822516,7.276208979247918,0.9881004820097343,7.0,28.0,6.273184829269145,4,255.90128126272634,19.355170344105186,393.6769344763798,4.5196626402314575,34.728727422052536,YES
1.569809909669202,1.0712325471790243,8.11069285728436,2.366805025051863,7.0,35.0,5.664246162196577,3,233.0120641619845,17.951206382453105,397.65518904454973,10.746404691783484,19.71717653048081,NO
0.5414856151759757,0.5903599423356786,6.92610152163193,1.304167467961808,10.0,83.0,4.0954717139909675,8,308.0713226458743,18.393779338797135,382.835736880438,6.0299274162637095,50.855163058901155,NO
1.440792002540662,1.45619414550765,10.311921219452097,0.8155300326957227,7.0,54.0,3.0792506717167383,5,304.06369202558716,18.48185294685124,398.36277998437635,6.27963613689025,22.372915679530742,NO
1.2608477262247864,0.7305170903395283,6.448645179229574,1.122861360595298,7.0,70.0,4.336974693851131,8,309.44954379073135,17.81140141360855,378.69457950419087,12.870637061294586,25.3098502669567,NO
1.2002835074449352,22.700989796413655,6.123898261872066,1.9835973059824272,7.0,14.0,7.948809980379001,8,330.5049778608133,19.471404613601873,396.96769259362145,7.8945307952519,24.774820725901023,NO
0.6718539017304213,0.033279304500641795,11.839322503939579,1.0276125809257721,8.0,-2.0,3.5101941423596017,7,432.0679854290567,17.88031397932656,391.61141803558485,15.230592790537608,20.502203404309004,NO
2.3157395501447047,0.02566147383819471,11.867106852287034,0.722780948183303,-1.0,74.0,4.995077467650011,4,278.2306551251215,20.61073691713564,389.8231663122126,18.355226615466893,23.770847626336593,UNKNOWN
1.7720212984964698,0.16776424393463224,10.200608977234648,0.734910831431153,8.0,67.0,4.877595579039273,4,304.71559201788824,19.43552994751035,395.7982027111867,11.452901227043732,24.431671282014232,NO
1.542101687676686,60.63236257951969,1.981543274758722,1.9720208068678118,7.0,39.0,10.907302364353539,4,411.78317570574205,19.24069271414168,371.625790462731,6.725916789594049,24.174648436165143,UNKNOWN
0.11143117685307669,0.17169055770311992,9.952772034931932,2.1046718324924027,6.0,56.0,4.563936778931262,6,384.67681513159,22.095549894983336,393.6953947848409,14.181620140733454,21.718759190770637,NO
1.993829645899459,0.9426944594223917,6.228698616479091,1.5615412486355158,9.0,80.0,3.387464553766719,8,307.4278466906469,18.95487654783832,386.7017188004932,5.423120502160005,45.30824402294905,NO
1.1844176597618257,1.468909846345524,6.570213243501166,0.8409751456136589,9.0,39.0,6.681239646686442,5,224.71704922743697,20.309487503909004,389.65026119187604,7.58371363249672,21.203145710520285,NO
2.4566768510550894,0.043065851676509524,8.398192768163305,1.2447730435396274,7.0,84.0,4.8559378966844875,4,307.87916222745264,21.078540149294344,232.71145088384569,28.079837738860093,13.825189400622083,NO
1.1942379860812395,80.1931058085894,5.097240801486465,1.0343470567556785,7.0,-2.0,5.526357158556386,6,245.155807669192,19.728811566318445,397.32110134608916,3.769644714406901,29.2255341123637,NO
1.8167693462323025,20.636840514647087,3.82524335591927,1.7252046598377642,8.0,50.0,6.864565682820353,5,217.37677491619564,15.204028794344122,378.6585207764623,3.1699863458565263,46.44811821268607,YES
0.9641797141308427,0.4952222399829201,8.04036696824749,2.017716389080887,8.0,44.0,7.2020931962188515,6,287.19033665130667,20.746669661109813,396.9465097659417,13.587611381124164,22.917519877361226,NO
0.31284814435860386,2.658790690821313,10.645194283753641,2.088335796698189,6.0,10.0,4.1391009044995455,5,277.7490337049329,18.966425632366352,349.2699929951812,30.27085095841964,23.76020636285545,NO
1.01064590143532,18.940183941773796,1.529861707027387,0.4613637862817251,8.0,60.0,10.71732813560077,5,216.62256753655643,19.356388018147346,394.34819618460557,8.438186397952014,33.884778500904105,NO
1.623750492596492,0.38633967851588086,10.43891873952527,0.6420721527337631,6.0,78.0,4.112701215224855,6,304.182249823227,19.207878766576385,397.4356867663524,11.60814665460694,18.69139915252757,NO
0.8197852775498594,25.86103241526437,6.672255346745003,2.1012779360887435,6.0,93.0,6.846897883567368,9,285.85147213764776,20.959725107235904,378.1117352049361,15.213659780965553,17.33510142004729,NO
0.9329143734396443,0.3832723792860357,10.714627018930488,2.2419601473339417,7.0,89.0,3.877593648637458,5,305.1257198527722,19.91690782495843,396.7842424737188,9.496523130621078,25.37645960040928,NO
0.5401817246198607,2.122636069159146,7.797994651589691,1.4754624932725733,7.0,-2.0,4.757053189032352,7,287.64392215067716,19.800645333771772,397.12694637715833,8.324775154266176,20.403803570636967,NO
10.667059187949453,0.730998282932985,18.24885671423486,0.6830647754907606,7.0,102.0,2.011867157910658,24,666.5121857971736,21.25243156617203,366.22701132190815,10.243585021603977,50.80781869628829,NO
0.050172962192832224,85.64170361015609,2.0003832607848904,1.8648297388319552,7.0,36.0,9.323608818191914,4,313.93382811734335,18.101292571838595,397.9494622299846,6.011765752831261,24.701463400904142,NO
0.6300439510610454,0.16623264289566086,9.405173318840092,0.757701395719798,7.0,92.0,2.9782578067320706,7,384.07902361639776,21.350569038042963,391.413043932858,16.491415774409518,20.115799009056065,NO
0.7120841677582627,26.45073356642165,5.470911833293186,2.601951985399113,7.0,93.0,6.8653906022905655,10,284.3986659906856,20.320826028670634,379.57011985240376,15.193629763775355,17.017332340332544,NO
0.8741035506669291,0.37407898232904563,22.636664131627096,1.0533935714583897,7.0,100.0,3.3649787012396044,5,437.10755025344656,22.075237583476333,398.8809647005698,16.95374197556884,18.165953981172457,NO
0.38459419645135245,90.59079396949647,3.6048830420941984,2.9535196172399383,9.0,21.0,7.686564373898079,2,285.4049618295398,15.834696007745709,395.8119449397564,9.015937716447377,32.432681269899675,NO
2.333124294765791,2.3148906103811844,8.739545133121602,1.0198295130057302,7.0,30.0,6.414851718319753,5,307.09320034707235,21.75257625271715,387.85159904883534,7.834006084634804,24.976751979312052,NO
0.8232003757853639,32.29911878071251,5.3123756424803785,0.4344235056494449,8.0,44.0,6.241791995157526,8,300.8990493221932,18.82408909145344,385.0282569045043,7.475840716411787,24.102810556708537,NO
1.2194332056210087,20.72791228190192,4.885977456734774,1.0681825565747751,7.0,85.0,2.1936892501519023,6,264.097544995833,14.71145754776994,385.2870237202997,15.698943205840166,31.984515118004545,NO
1.5202357587231112,0.7215486656151907,20.042790923490543,0.8153014134791232,10.0,91.0,2.8007651184770475,5,403.22238363948645,15.60994980448931,376.1579887591404,2.3460367819071077,50.37643296232766,NO
11.707745712515353,0.4638806694469817,18.3857335905386,0.8742468176182072,6.0,101.0,2.3572075753281236,24,666.5458048352746,20.414639597198633,366.176276016419,10.193485801918701,50.36304897691908,NO
0.2933003121254785,0.9581275887524809,11.237077486812233,1.4890058386038385,7.0,60.0,4.612819626942295,4,278.25338857727945,18.72562852092623,381.73003847347513,14.851081397011734,24.43115817709614,YES
8.82132063573719,0.4530959412195261,18.76613202216901,2.3609301416099076,-1.0,98.0,2.054155742514337,24,666.4318944467906,20.46233349378692,393.2225146580631,4.084996079896636,50.0778951176009,YES
4.201746752284908,0.49150500407662434,19.588357037351564,2.494831586346427,7.0,101.0,1.9036842943390277,6,403.29941422133044,15.427908537856233,397.4137190897319,27.691575019936288,13.697477155846995,YES
1.1457566954103005,25.750816974877864,6.39936337386826,1.197508510112398,8.0,66.0,7.78309035657591,9,284.268987482666,20.756474752617127,395.7023263589914,14.075543114215384,19.790661952659413,NO
0.2575352206300363,76.11106418560456,3.4260343261810378,0.5369983092447881,7.0,18.0,6.031881446615625,4,253.16456777163148,19.868294304101642,396.02924170902946,2.0761056251152183,35.557291428425216,NO
1.0955500674804375,13.60826915529245,9.022791544490513,0.8501340413532767,8.0,84.0,7.0877854317521125,5,311.6978824082969,15.283904378478466,397.18115024335486,13.693042548629451,19.428503782726956,NO
4.997209960303138,0.5964806524364604,19.001235689934557,0.6082587492615739,7.0,42.0,5.511946703882593,25,666.5561946299246,21.593893261810383,393.42441726182636,10.846308910163328,23.21998175331563,NO
1.4007372010232377,0.08887322560001966,21.66888394894098,1.761183589330876,7.0,88.0,4.102182894589319,5,403.35891581057854,17.008743332237145,343.65617133569015,12.150253819620357,16.717166591646983,YES
1.4712563315026936,1.1511128506991715,10.140859402580936,2.694226421779323,7.0,86.0,3.295777618024279,6,384.6310968040339,21.372736873054496,71.21373495673994,11.544234053316911,19.414665030813,NO
1.6002771343440398,0.5809133499699928,13.924052118614723,0.8265735366369854,7.0,53.0,6.823555579013438,5,289.79086655581096,17.097097519502032,393.2242903061215,7.925540156254275,27.28739652456958,NO
0.5764098912804492,0.6411054809247411,10.928121333732925,0.782430601498623,6.0,92.0,3.9944505551492018,4,277.3140847755129,19.449461338747003,393.59805640828847,18.003702408952662,22.958964699543486,YES
0.575537816044033,2.280017669000598,7.5415683253739,0.6483666516529694,7.0,80.0,4.536029613519549,9,307.648421140978,18.936189725815506,372.418352838457,7.944565546582594,32.08186908142629,NO
1.194313670068302,40.919750671734064,7.450707369856959,0.4658804204764279,7.0,43.0,5.999707674362445,5,254.05644860506624,19.39238467892512,398.0067172778904,4.344890012196679,34.24513204491481,NO
0.6230488434375707,45.274439502321776,4.112558554530142,0.8849399922542383,8.0,42.0,4.108620975516709,5,398.1484881861885,16.469506220282998,394.2367267347678,7.059059721028899,32.357343938819945,NO
1.3329516545449782,0.28353662321317147,8.911052173309015,2.1534178672391784,7.0,95.0,4.806993093658748,5,307.6315585844786,21.901888787663015,388.6586959232285,13.54672672531088,18.756577589472364,NO
0.7375361905769058,22.4846366933287,7.510609331656163,2.711695742668259,7.0,50.0,8.821773311295408,7,330.7883951172339,19.200398332251012,375.07152829113033,11.147417550003153,25.09235995561451,NO
1.0750822076359081,1.1292838113585155,10.494642295281183,0.6334473949390903,6.0,73.0,3.1459222342702167,7,433.0468394331051,18.67504818329697,394.78294695595014,13.828623751141398,22.188528066544173,NO
0.24283085374092167,60.19905464703544,3.4196692261536743,0.9705810095896161,9.0,10.0,6.270230354623091,1,265.3651097157711,15.843297403579145,394.11260326322866,7.235921278472569,32.68950814776589,NO
0.49822023247299346,55.226251510151144,3.8458367346521065,1.6627434073960567,7.0,57.0,5.7967102965888175,6,370.09819095543696,19.004473633673427,397.5037257724054,7.590197369059903,25.076508175688346,NO
0.8160588364572248,24.82643196716344,6.921886757742385,0.6648438335673449,8.0,7.0,9.801360930812361,8,330.5705798591367,19.55572365323935,387.5413501098031,3.9138864633315555,30.95183310184381,NO
0.07566130896352283,80.08707564662468,3.8413249051792864,1.0463006255151759,6.0,23.0,10.958692647908418,4,335.11586303756536,22.42631297630719,383.11007272111704,8.349707234882164,18.654397972296607,NO
0.11473057668304558,83.53024824836166,2.9177335146186296,0.6321388378826834,8.0,17.0,7.657805136393679,4,349.37526171851846,15.693585952696058,395.60737124088973,4.362566906150475,42.610539988109835,NO
4.531024498714919,0.8024243979081179,19.233593606255248,1.17031747861268,8.0,76.0,3.821864366888992,24,666.2688673909516,21.415483482874325,394.7943962768643,15.419371456011296,24.26690394403026,NO
0.6457596666286715,0.17518329066795083,23.157187942496208,2.255344949279384,7.0,98.0,2.9792872280668012,5,437.6807597240481,21.365458577173737,395.8566299836302,18.25631085882476,18.42356417800167,NO
1.4097312010036924,0.7183202852443333,9.981556492549155,0.8690807681108242,7.0,80.0,3.806910203594486,6,385.10088167712473,22.78187967120948,395.07888391348234,10.200616550528755,28.430197502121548,NO
0.9908184510305043,0.04808824421035407,22.648584682977745,0.6869693910024935,7.0,94.0,3.792711737565937,4,437.71790223577983,21.235147489581465,378.76581672541914,18.230323119969295,17.577604256723504,NO
2.4412577991796867,0.6773044293299778,11.237224682771718,1.1266213402598573,7.0,84.0,4.186027220041203,4,304.39174368112145,18.780273703414007,392.02976366815807,19.394035475063937,18.51662007971521,NO
9.981887451503674,1.4061222444886152,19.773271303193788,1.7074528788594654,8.0,96.0,2.8858945799741944,25,666.1058924670782,20.723130018187028,62.61885179784435,25.752959773728087,10.894076553290159,NO
0.33855626093545443,0.021167127118201925,5.372833343204568,1.196009057373936,7.0,39.0,7.012000239285578,6,224.23091974124497,21.21152683739147,390.67371778452866,6.791482249564024,21.64392879173503,NO
2.767679268647436,0.051753627982939324,19.72670443783225,1.3582790277562036,6.0,92.0,4.380824683541451,5,404.73421210898124,14.870141308015857,396.18656705493095,11.92999960848807,25.608162655774933,NO
0.8013460622470132,12.728743568168614,6.534411724842158,1.0420823642966237,7.0,33.0,6.628970200234061,5,345.11586750354724,19.000151804892717,398.6050580749604,10.498861427792608,21.261685862217472,UNKNOWN
5.744539040615855,0.9636854719623416,18.838420438361606,1.6710303479350626,7.0,92.0,3.327161761180209,25,667.2376637888748,20.688570723861318,351.0782159668639,15.877494164294575,21.01689922143845,NO
0.4953012920324388,33.47966413044571,2.3890662549007144,1.0246050010189547,8.0,73.0,3.200004180881247,7,222.41642888492308,19.3867641849411,397.39232403985204,7.658445840116504,33.46910689268688,NO
0.9572678654803495,0.6304260584369473,8.330190558769067,1.2831623587983145,7.0,15.0,6.129136369095572,6,287.71432725615364,19.821084643230662,395.11983765651013,6.865204376585362,24.612786030866157,NO
5.090680761692472,1.2855969547524253,18.94144196630124,2.0167432973148443,8.0,94.0,2.4065134733388756,24,667.7218986153003,22.00960106062522,397.8350865405461,19.066899557281204,17.360305853111278,NO
0.09167104511077401,76.5889864094644,4.288916221818498,1.1418929294396336,7.0,23.0,6.568663520533337,3,252.31671509563034,19.00800904621757,396.12153670119017,4.61055877424697,32.068833296823605,NO
6.63934292872419,1.0627713327249049,18.450260151607747,1.6543431016534702,8.0,98.0,3.073578015354946,25,666.5213679168098,20.556653606815036,355.8020509361069,19.71164508923964,15.366681641302092,NO
0.3302893247451555,0.11387129738851026,28.09860604956902,0.6343181894612492,5.0,98.0,2.127477244735832,5,711.2406228052588,20.666078620619096,318.51356549478754,30.419349140804947,8.172553563980742,NO
3.753397617167223,0.006103124328453741,20.472116638130338,1.6446209539915126,6.0,100.0,1.3963974486081767,7,404.2001662314874,15.19195699170541,398.54244577172176,27.315064015991236,14.459984316988564,YES
1.209305413514652,25.829085847949674,6.117235937402435,0.48565462391429587,7.0,69.0,9.117980172156877,10,284.9677322678826,20.764421583115723,399.3739178545215,6.855806450423093,22.734801224924055,NO
0.5078253421676173,0.997937202612863,28.90797487510016,1.8443990319523196,7.0,100.0,3.468261993485074,6,711.2939112610478,20.498326682722418,390.14809823271787,19.828197442164562,15.060412048577389,NO
4.546857279233578,1.8361074313245704,18.312202732150926,1.3975818907915856,6.0,95.0,4.851236159315121,25,666.154169322848,21.000040896930358,331.9555504854717,21.76112358464914,19.631767744328993,NO
0.13074973036145973,0.9458203301717902,10.011453920253043,0.9698357993715161,6.0,75.0,2.50888290640475,7,432.3674232565478,17.953066596743437,340.5310009913476,15.956773219298295,21.099381899291426,NO
5.373823566323158,1.8690701058892456,18.18757477264596,0.839917474541014,6.0,92.0,2.9342707411228073,24,667.5054181181235,20.950500427661787,350.907352148873,15.635774986300543,21.15362237488082,NO
3.179958875420544,1.1299881561927432,9.405944553372315,1.1800305163664864,6.0,101.0,4.5518177811926135,5,308.2933628004151,21.61993613530218,377.48452270528526,14.583098006656598,14.859791748418079,NO
1.4379592010750328,70.65653451814005,2.558676131916358,1.1466759691816106,7.0,22.0,8.084938439803036,6,359.64871811508897,15.297527108356698,368.6797037505446,5.332030813658974,23.52345441629624,NO
0.6046179149866693,0.3909842522987867,9.683994658488663,0.5436875793315833,7.0,86.0,4.449159520643176,6,384.6908651230995,21.653202046504656,388.5848016077842,15.263297229960848,21.215250002136553,NO
4.569346849500658,0.3491498941397399,18.229461908745282,2.172262878151704,7.0,53.0,4.1407765987993095,27,666.7528802218163,20.52440144259249,388.9583263647023,10.7128678314011,21.787590935061118,NO
7.53079004630743,0.7121233979940661,18.888096707779106,1.3913300031927462,-1.0,99.0,2.481142655111406,24,666.7131349297948,20.26404589662463,392.3834567851162,4.966943177010028,50.84418471366659,YES
0.5931472222176302,30.54590606465812,5.777650373386825,1.4959723403225942,7.0,67.0,6.838741008180427,7,300.49186518258125,17.36240676342859,395.0583591254751,12.55793132949233,20.455745988748067,NO
0.7283882997296706,0.21116539216405486,10.97410800846766,1.095867591614565,6.0,59.0,4.821689118017949,5,304.93342765159224,18.58153983307956,396.61827799052645,12.91077945151812,21.768042979810296,NO
0.628955254705573,2.6327263423017007,11.788700270249926,1.8012644480302005,7.0,75.0,2.753790708175371,7,391.1560013009353,19.918885045048356,396.29558843813845,16.52175167418901,18.397133636459518,NO
0.8596436988687215,86.64607277958812,6.080759280361277,1.6300673202185032,8.0,30.0,9.057749184724383,6,352.5655578531522,18.366299928718238,394.55220087080284,6.636548898273432,24.55907442384608,NO
1.3681245332416487,2.3401925562205284,3.1182877773235838,0.7618690593343971,7.0,72.0,5.530436102083483,3,276.556278787679,18.382533543197617,391.8400345437175,11.467066649097925,22.55784423286037,NO
0.29761137180339187,70.184857943332,2.379281943916411,0.4666454756662396,8.0,11.0,10.471589039939543,6,358.46725000440205,16.97448271567613,371.63146325863335,5.497100245136351,29.45439629800538,NO
0.6016246672650943,0.4407052033208399,3.9083165197997953,1.4587489793132757,7.0,90.0,3.94088686899725,4,195.26835783816398,18.605715935446792,391.4924019401192,14.885143438144222,27.00207903717653,NO
1.0270052201015112,75.51464829522669,3.27530254707402,2.4323102215959667,7.0,23.0,6.1184126845163505,3,253.0295418015738,20.243460105116334,395.65653767355445,4.484986856024855,31.747355830173348,NO
0.753552212223424,0.5625260589027332,3.8092042170379083,1.9352941473568857,7.0,75.0,4.529496767267251,4,270.6170565790398,19.046990531877356,395.50942187593483,10.260985994371397,22.517276637786477,NO
0.767181089110536,0.2821641050458937,2.768614763289728,0.6259191689656312,7.0,46.0,6.156600462075539,4,222.37579653950658,19.449889066997766,395.3924623652655,3.310805586674527,34.506125004479806,NO
0.6222656339137703,1.025197485779179,9.751649064659707,1.6578042760356455,8.0,72.0,3.5454802428185026,6,392.2901542844679,20.02941141606528,398.51279328120614,15.8723486251905,18.910697834998984,NO
1.4057169814914572,90.32310376182585,3.777557525891217,0.9160802918965937,8.0,35.0,6.806247994180024,4,244.33222256649736,16.554969777639318,386.588833363999,3.6386306884813555,44.10697343610707,NO
9.061628500191192,0.730854490437111,19.152223709485934,1.4775224577787347,8.0,66.0,4.440880679711368,25,667.9747452007977,21.767354605033702,397.2603607433519,13.687316790976677,21.577853628661703,NO
2.818967523452178,80.2762496980147,1.5688763488053226,1.7858703385730172,8.0,37.0,7.512023003184477,2,330.0837514948411,12.869730230959812,354.4577001374476,9.555987396584118,30.83054064003641,NO
0.9436125320851462,100.25791999900113,2.7032783269641336,0.8414862012214213,-1.0,41.0,8.545727941477065,7,256.50784814944006,15.722673479633883,393.0529491208789,5.38247368941751,33.22444418126658,NO
0.16169675555091556,1.986874878731257,27.627186556045267,0.8140196753911324,6.0,94.0,3.0595198685402107,2,188.47395127507858,19.956654185406396,378.8197655323937,18.63798724702469,20.518795464100382,NO
1.212423747891022,2.5444175974595784,13.87941489425462,0.5573881599771088,8.0,76.0,4.226119456610756,6,399.77101951646046,20.453764077525598,374.18834787037366,12.259409132962979,21.388517779145666,NO
4.622010726617674,1.9256474521126925,20.016456026349935,1.4615362223919606,7.0,98.0,3.060189226909431,24,666.4481577857586,22.347429626774996,381.82627304935784,13.094673172846964,21.17169645247064,NO
1.4478723238122961,1.4913941452765296,22.243257760681058,2.198239368907582,7.0,95.0,3.9720098337436696,4,439.3479222128306,22.265006871561596,379.3535233078918,17.108563725218488,18.135138914064797,NO
0.15572291482163714,26.943946588262456,5.45271034142296,0.9854572322036892,7.0,69.0,7.239905270872624,8,285.27772456790586,19.7258969172157,397.11265201790616,7.446865179169987,22.894144792005168,NO
1.541823096965237,0.9260963718871277,25.900419890750797,1.472418330367221,7.0,98.0,2.7612727294371324,3,188.54432604086725,19.80733170280005,370.53341303149153,25.62716948602128,19.286924466476854,NO
1.6556301068698958,1.2962607414704024,10.10076483492473,0.8601225734219635,7.0,53.0,2.8280333097062873,4,304.76549171128346,18.516682484788365,398.6640229859651,7.054302614505132,24.357167573983446,NO
1.0408847362630733,1.5172167928545546,4.426557420973897,1.511232624360747,6.0,89.0,2.9233097460830386,6,296.66199676999656,16.7882342356128,397.9190890186239,16.556159243165673,24.85302093647511,NO
5.683050053187401,1.6005645806230588,18.29835822926987,0.9572116481616816,6.0,84.0,3.4975415346316185,24,667.0964418956336,21.391272564908828,395.52766719604944,12.096716416103543,23.03409430615763,YES
1.8068756228283112,0.7472461724350633,10.76410297894239,1.1029167519011784,6.0,86.0,4.498714684063801,5,304.18917407656636,19.59891730848482,392.02371679676804,18.66613051108454,18.52083113380493,NO
9.733407590264752,1.558310579562519,18.688997815010598,0.9260030381603583,6.0,99.0,3.1303930932516812,24,666.6268333324294,21.49275237018368,314.94299447896486,26.569390138147586,17.348929289408826,NO
1.0581637538170638,20.367303994399112,4.488197974374417,2.0705997834699112,8.0,100.0,2.1506191355325655,7,264.1829293714337,13.210979912041172,391.9393555515472,7.230813365026222,30.33234330580913,NO
0.36954126362357054,75.28510751636078,3.121730595931656,1.3153753698839385,9.0,16.0,6.2195019184148155,3,253.22429529855407,19.398970117052432,395.9466822692592,2.611540465348213,35.148652472263066,NO
1.25568443041449,70.81149985757072,2.7232509748074074,1.9030756114567193,7.0,21.0,8.515213508453643,6,358.79214434996607,16.545670371890125,368.6289006652672,5.2761347367719225,23.45284622027762,NO
0.6692640105708609,0.0008061192862770566,22.679289426814538,1.5427583327643002,8.0,100.0,2.7096046414441215,5,438.6382943101269,21.25718235394979,394.9131753725759,14.96666255904478,17.79946273839296,NO
0.2581031861659149,96.03226702475372,3.4530865938877136,1.2706853630437975,9.0,34.0,5.95672074928184,4,225.11601789416824,15.62551916646706,391.9026128760199,3.1945249670700524,50.52278428833785,NO
1.4192894335652118,0.567581339102074,7.166867510931872,0.8855017244730488,7.0,8.0,6.565233996576961,4,234.65578063808624,18.103605508512224,385.58019743595145,6.0334304948744775,25.6193700753533,NO
0.5159094295301244,20.05771614463893,3.4261276220423125,1.2244892061346146,8.0,66.0,5.5434578106898815,5,216.36304404779688,16.50636225546075,388.2438036507366,4.988301024152591,45.53068943707336,NO
1.142692440635376,0.864587136692052,3.3209769733857577,1.9634278785246286,9.0,39.0,4.5631371174842394,2,276.2319301534223,18.08631035268582,393.6521246970875,3.775262270233381,44.40871706534841,NO
1.028681222736518,1.57630543595634,8.909545625937248,1.0752840069934657,7.0,44.0,7.294669708571835,6,288.6252431726031,20.661003863965682,397.5812911721495,14.15545841878318,24.432786740837027,NO
1.3667429054227531,0.8732132559822254,9.931325051313955,2.1802359657909114,6.0,94.0,4.6912873230471925,4,307.4486828451123,22.583854711386422,395.5646849868503,16.447550839426356,15.879892360187311,NO
5.305328943042337,1.2482491616369416,18.776625342811005,2.497756377594377,9.0,69.0,4.449298404256547,24,666.5183299713417,21.54207879238564,375.0062561964259,11.705274018593046,30.772086441140694,NO
0.32138073695482233,0.5329716795070214,12.899609428606976,1.7454315504925482,7.0,82.0,3.753268686340807,1,273.22421459875477,21.157440148798404,397.11683894788047,8.804459110704133,12.063701828101467,NO
0.23446152968898196,35.157951250952586,6.318063296223227,1.7477500640215995,8.0,24.0,8.826135444137833,1,304.622067090617,18.827271796335204,362.63669216225566,8.604117831383292,19.48035657971173,NO
3.4220886395243397,0.8914408351492782,19.95552098125944,1.647446555303012,7.0,95.0,2.8364648807900013,6,403.65655470662796,15.138311614367622,352.0710588659403,21.496600415386766,17.011762348221378,NO
1.7139967237740075,20.12859143312375,4.433047740362328,0.6236852979802298,8.0,53.0,3.0551435866279313,6,265.3458436137244,13.673617222647248,391.1377801496878,5.514740734960738,43.748244755342164,NO
0.35334560376489005,81.24641258897232,1.698715571690178,0.4684852857349171,8.0,34.0,7.697771635410897,3,329.85324750571954,14.185772520366418,398.2671852806789,4.408006538289237,33.96521061923048,NO
6.752426263019859,1.8140902170457616,19.72882240354407,0.7524740224751169,8.0,84.0,3.016903916785675,26,666.9459150730933,22.685524034294943,397.3109628483238,14.0169141993887,19.70306972043487,NO
0.4824273352310092,80.097434211088,5.76181393602403,1.1240395185589251,8.0,29.0,5.7300768788249465,4,245.3878305522633,19.27834275170844,398.70667911146296,4.64608490398753,37.42137783404358,NO
1.305731389713806,33.28443004063718,2.7526850347859284,1.3258581738223874,8.0,72.0,3.9577107869702597,9,223.3637379574449,18.536230469045048,398.2235406803143,7.5176076748285965,34.303936375674276,NO
1.6451926078359391,1.2959837149046363,8.396748544817516,0.8978501264163339,7.0,57.0,6.805995493797335,5,307.5494525612344,21.52697918457101,395.92077756553095,9.681224245229695,20.469443929926197,NO
5.592838178734591,0.4403851947253496,18.78001936123578,1.5908365917992118,8.0,69.0,3.8791925057986996,25,666.2119010711195,21.439341956409447,375.210274838481,11.904210632976898,30.24999360403726,NO
5.710601405400643,0.874230600233343,19.99567634100036,0.9693191935600205,6.0,101.0,2.644856793801195,7,403.43837693225754,15.3032474163606,397.8001636110871,27.511240719772886,16.503007136184227,NO
1.6971682159967785,20.052092275493052,4.7601668004523345,1.2573198621824104,8.0,100.0,2.3627821674283713,5,264.80091898350116,13.172471781401292,392.01653706454096,7.429605032071055,30.632146123359608,NO
9.684026905727405,1.5309582551201737,18.30575912784024,0.9367495139824162,6.0,101.0,2.8540419214315045,26,667.3728746110191,21.22353260027898,397.8955332465957,26.68655786960986,12.395997586712966,NO
2.2365071763583533,45.83113618464607,3.931077583385272,1.8282377507560545,8.0,31.0,7.053218119160605,6,398.59519175482245,16.03145060946672,391.1319842929079,5.22956255867633,30.86345314834676,NO
0.3528013524462537,1.389741260611531,7.549552757311507,0.510029400646307,8.0,34.0,6.513953073663869,4,233.56194807271,18.262830891055984,397.52815765279547,14.288880436997076,20.257950489551448,NO
0.4685029908119912,0.4987594711501296,12.135441601987491,0.6574085544829065,7.0,60.0,5.453505337562784,4,277.31784102902037,20.138859657185677,381.9343652670301,15.688621491967474,25.841376441275827,YES
0.687532295889056,23.95228264339721,5.995860248812464,1.5180009297003534,8.0,14.0,8.440098514031874,7,330.0001515575595,19.94429200453738,399.0275977683489,7.223276462773524,24.885593487271404,NO
5.461536679779091,0.03816791601966038,18.640661554136678,1.830713352003115,8.0,54.0,4.021425916380146,24,666.7124346785209,21.436796724363543,389.05479653265496,12.189518672189111,22.2334059121068,NO
0.6388141175654706,21.90416890313451,9.224460250084535,1.1606061480390844,7.0,17.0,4.900842498951211,3,223.85267911336356,19.54520700932865,397.6340984506256,7.732252165217002,26.91704491994068,NO
2.058936507159874,0.05919740781328417,20.345411742527883,0.7297307900530685,8.0,98.0,2.2063290104550175,6,403.7538591891402,15.768311132671226,363.6346995936036,6.431023314038366,42.645294544983166,NO
1.8990222856532768,0.5703237352539797,7.381510810083707,0.5299045404413877,7.0,75.0,5.577306134147896,6,287.5641913240667,19.655212156648037,392.27829604924386,12.205464996383693,19.696899149111093,NO
1.7812493843318815,0.978351856660929,20.63266143793813,1.2513504841456298,7.0,96.0,1.7807141497529602,6,404.637038773429,15.034901687234731,322.1299281487268,15.955759990829055,18.059774836239868,YES
0.42562679806078746,0.058170105966999223,6.507230910039288,1.7527924368400396,9.0,71.0,4.078511026010592,8,307.0767968376681,17.997516272221894,379.57730812640455,4.447088523755464,48.449863877641945,NO
1.105808292259218,0.6755110947072548,11.140511583896714,0.5598076361200331,6.0,100.0,4.30339958691457,5,277.0820020127174,20.006495170854457,397.2273398933161,23.942304856257927,20.439542313737835,YES
0.6278039219667627,1.152684833591815,6.288128844834636,1.2374798607419377,6.0,62.0,3.7888551462297624,7,280.75224300147926,19.43441655895398,378.3872066758996,11.639962054745476,21.188363872254588,NO
1.43722169716997,1.1652115372440601,8.314903669490961,1.6992747672429944,7.0,95.0,5.502359101115989,4,308.57921298777154,22.323067926750234,395.1317242908767,16.587138107659342,16.74339804326735,NO
1.9520902158505038,1.060482205891147,20.034839225054892,0.6741781741489444,11.0,98.0,2.3397909898499956,5,403.2312861034619,15.768014513721868,390.6272371264982,2.2820420987557215,51.01968673475533,YES
0.2145401011621622,80.07324434024042,3.277600056730398,0.9617308119365102,8.0,40.0,7.748312398621751,3,329.16222751381105,14.035383675323468,392.4874585064047,8.576818584999046,35.01347558964046,NO
1.303323329690242,0.7238452370135089,12.837701932276598,0.6318514088656678,7.0,78.0,3.2239104534805683,3,273.1142659099007,21.141894830487438,397.4211964212442,10.307292525955404,22.051422626289963,NO
0.30280337497882903,0.06622560084582454,13.482681165765019,1.1363440253841035,8.0,45.0,5.269267891761971,6,398.37633359544805,19.26844482796813,383.97831586871354,9.183957932853433,21.7138386236294,NO
1.0020955736028179,0.5932327184578591,4.15133617946433,1.429688448210959,7.0,70.0,4.445007695826468,6,297.08276827330036,17.356970511620514,394.05177618914,10.48810818506488,23.93462458411932,UNKNOWN
0.5125019320212143,0.17531730710717214,6.9964175799203785,1.6330143478158845,6.0,8.0,5.786507574120829,4,233.23157531663426,19.052857313279738,385.3504047189668,6.183885293675115,27.089569800753523,NO
1.5036333654733574,20.031644804026644,7.115309701051599,1.0211445054327968,7.0,17.0,4.712954715653113,3,223.85433727045532,18.86152946340217,398.0057632682697,7.047201706771016,25.5187493269738,NO
9.008315339120657,0.6213259024205002,18.48307974661453,1.179739574316469,7.0,66.0,4.0212489965238625,24,667.3877261372877,20.806660988717823,397.42610671164385,14.533054875011107,21.492874107784665,NO
2.77371428230516,0.8766739902304708,20.087657568420187,1.282316569478546,6.0,95.0,1.763316661723686,6,403.1955879580987,14.822291302152681,358.1127191894041,28.95514336554402,17.97548938043184,NO
0.24290933358255493,0.6516151683667566,3.313537507823434,3.1181992861889034,6.0,18.0,6.077629446857766,5,430.5889275754922,19.2902466815867,375.3147900590853,8.914816044155886,24.371347278511244,NO
0.3693808733047184,0.5974827866113199,11.750581824518747,1.2011893145190258,7.0,82.0,3.377109774127907,7,433.36697143898107,18.37037932103591,396.24943425496,10.410493132096853,22.99030970773234,NO
0.3445258664509728,0.9631079680333463,3.5570315673430137,2.683825027191319,8.0,47.0,7.373795241381285,4,222.28124356912235,19.319893002822766,395.98485792252313,4.449689022227357,35.42661286000028,NO
1.1241522093281124,0.620816178178504,4.76152839122504,1.4297422165525957,7.0,27.0,5.25058431010579,5,430.66937674200466,18.065448722766877,383.6868156829411,10.242743009862103,21.438319322527917,NO
0.7463163721369656,1.248043846456266,6.756333708708942,1.4712558676804115,9.0,79.0,3.5173699258652724,9,307.3679985846463,18.327196173735437,386.1477650043109,5.376289374358963,45.39710425374791,NO
7.243051516913073,0.4471060693774583,18.67321438446919,0.9191016903029399,8.0,86.0,2.436490679252416,24,667.3923420707865,20.268497515444228,2.521218300987094,24.52614652057797,13.544081687059785,NO
3.528587176708034,0.3236199909328975,8.482632472017114,1.2672841695030022,6.0,94.0,4.530500743798545,6,307.18074831108294,21.209619267459853,360.9177612717899,22.683440412461838,13.51025970004553,NO
1.4459919864620567,0.625752097761435,6.398242146343374,0.5326169779729336,7.0,78.0,3.516321498337905,9,308.32843453630716,18.228358274200716,392.89068816552964,10.400013597818841,28.5579008379215,YES
0.8893275550671813,0.18654508531407007,23.978530700785523,2.198922828012603,7.0,98.0,2.342846178779763,5,438.01103991777904,22.60785377261971,393.76857382572143,21.44802058418113,14.256398148340796,NO
1.4038489446738025,0.11643770414701958,4.829054488279345,1.8095664237268116,7.0,75.0,4.205343391824749,3,270.9982461264078,18.992275982299258,394.13265229660294,8.4270144805369,23.315954935884402,NO
1.4618395873143275,0.6643002279455797,11.398726336978674,2.470943521432385,8.0,101.0,4.592571539200575,4,277.1349077984263,19.179260337552336,397.59467979455127,24.83583262405433,21.60805515438011,YES
0.5324424389755661,81.08456979610953,2.3522012920026873,0.5728281131738251,8.0,41.0,8.529027311024993,3,329.63954902626915,13.75507221278062,392.95938111337983,7.093012032512131,34.81079333936563,NO
1.73684480890858,0.14985047461195425,11.164317800384737,1.0452885619684191,8.0,-2.0,2.802223523334455,7,432.77639138261935,18.633772223464145,392.00062583582024,14.028067384278724,20.35824974748907,NO
3.8924294479593393,20.804277213198347,4.562312835728032,0.7563823551802565,8.0,95.0,2.2819362576072373,5,265.11353655721905,13.379620548249873,394.497220383214,12.70059599903362,31.00011548889316,NO
0.6677090652945942,0.4516780041591048,4.913545695574426,1.3963760099687041,8.0,75.0,4.256796876910694,2,271.0699161070402,19.206900365424197,394.93214811811066,8.25306724958547,22.563012311921995,NO
0.8649836290246529,0.6269579146549268,6.373315320595829,1.117529510316841,7.0,72.0,5.173546833871318,9,307.89165130310107,18.245272175996185,391.0019041663005,5.414420770446798,32.66081631693492,NO
0.9184906194046119,1.0886235754948201,10.56293829811559,0.6412785227120416,7.0,78.0,4.538491067785891,4,304.63454481296213,19.244584609386912,396.73875696528296,11.911727364517368,16.58316778486986,NO
4.033296786539818,0.7944986813553077,18.728507160670507,2.578725682499201,7.0,90.0,2.6236764182365055,26,666.9587737317703,20.23134773977181,392.655642507407,15.524222935026183,18.458755674761917,NO
2.5019371069629464,1.134889524698927,8.908811967068013,0.9834388542108081,7.0,100.0,4.518213092924814,5,307.00827639855237,21.584573676349546,377.67118177834703,21.08114324980978,14.234577543656087,NO
2.468818675034572,0.01572115487614925,9.95460195529369,1.5915968437357544,6.0,92.0,3.8146702107472623,6,304.6961148336969,19.14257205454307,396.91817003504804,12.558753373387189,19.55426768525332,NO
0.7154086843350959,0.8755426071786756,27.803862995012782,0.7156374428029728,6.0,94.0,2.180549648346733,4,711.7423812411292,20.161137428556373,396.993299706783,19.172803365421988,16.131407829181953,NO
1.7956472007958486,2.100906403174296,22.546854032557608,1.8543652966146675,8.0,98.0,3.4140355266101436,6,438.2562385545776,22.134445407365288,398.02751411989925,12.78044825844961,21.455915447448618,NO
2.163905164571633,2.597547604689822,10.541665087507692,1.1365266790519066,8.0,68.0,4.3229531750061865,4,304.59509106462235,18.91572515346516,395.3476635864654,10.387643262981848,23.32295258922652,NO
1.1663143217989078,0.8553780641145116,11.080590757309901,0.5875189723918207,6.0,89.0,5.238390636459988,4,277.3788292232005,19.205053842100686,396.0184852435311,26.093257861295726,21.035217338484294,YES
0.664846459824642,0.41118245653057794,2.9635778998388513,2.4501309203760187,8.0,63.0,4.162705189276014,4,194.63657806358123,18.298605723166098,397.33076382446825,10.745864075719782,36.98078970550834,NO
1.3831079061811016,52.71526156336413,6.252502195330689,0.6569285515593859,6.0,46.0,8.452637576140743,7,295.0524756954439,17.116614201045667,397.4931435227932,8.651352121400365,22.83127400752052,NO
0.18924604329846495,21.775040556053117,6.241303594982728,0.7894688709979452,8.0,46.0,8.234215686089746,6,244.2369608799103,17.597207038449422,395.9492253425022,14.414855214282198,20.66791924568291,UNKNOWN
0.9076380782146296,0.2938285996587822,6.693178108450331,0.5777930725441487,8.0,80.0,3.933421125232639,8,307.3814618747309,18.772920991496665,372.4070267569222,7.231755668049451,32.74629134263043,NO
6.606211588555681,0.45415202594957294,19.1887430414871,1.13663970436376,7.0,67.0,3.6797476880862816,25,666.742487193447,20.66084423945771,397.8948830643849,11.677523388532823,24.40338846774645,NO
1.1491955605925803,2.00020392904548,8.56756002688262,1.9576846305992066,6.0,91.0,6.257271348691688,5,307.459793257744,21.95726567216217,377.1562288516113,14.810128268609036,16.675504309085184,NO
1.3545540492657837,0.010604913423946314,7.055529518046476,0.7896582633116728,7.0,22.0,3.579428934931675,8,308.1238925949591,18.636294649714355,380.9139930059994,4.606832211288682,32.18425604157641,NO
0.5607044654209745,2.206938924262499,8.893444957776426,0.9306377289251437,6.0,97.0,2.320359556697736,7,385.8230909489858,21.23996078076046,394.83483410908696,18.09422776422979,19.806241490157724,NO
0.47874095290752233,0.7225516287049466,5.361942655958098,0.5269205161967716,6.0,48.0,5.737708527407714,5,224.20680403502266,20.877342010705295,397.3187627282905,9.827758178223695,19.675767042905587,NO
0.9077151728937822,60.35363017538973,1.6979405174471707,3.1428148661439455,6.0,19.0,11.712633738400287,6,411.19315069141254,20.999052876891835,395.11495087478784,7.896449724663055,18.85400076309322,NO
1.2274300432521068,1.3063477039628069,29.112795649186513,0.9104324535262227,6.0,99.0,2.195136112128235,4,711.3850662101196,21.085276474673556,319.0394662423668,30.736827623415934,9.209146331082648,NO
2.5125803509162234,0.4307743245071401,20.71293516448296,0.7529006701099683,6.0,99.0,2.77334965926814,5,403.09937265633704,15.951892723267044,348.7304744418461,12.597886461561036,19.342975830439546,NO
0.23685144258348456,0.4839762331521899,8.620143395899452,1.2081531151626446,8.0,91.0,3.9067797542412643,6,385.60484228676404,20.97229709594917,393.6831315393564,12.563085254417105,21.072296253985236,NO
0.3122879696605233,95.67458010298026,2.130482579929007,1.4031325695100456,7.0,16.0,7.790009512752506,4,402.4226762343448,17.96225181316373,397.9197724823282,4.634839383560068,35.44782607145014,NO
1.464705760266749,1.2187839417837376,8.889425579575635,1.4658178417677035,6.0,57.0,5.2880290364828095,6,307.15034604409647,21.862097063868173,396.5248683846047,10.101902652433436,20.641629784806256,NO
8.902737778227598,1.0455167557749636,20.044411035677424,0.7660260728158355,7.0,91.0,1.6289124026557822,24,666.2535753546223,20.655238091994388,348.5992171504125,9.546406355233401,51.34955512978172,YES
0.21603648772376133,0.17737884070509213,10.590804788050267,2.0124110321679662,7.0,75.0,3.0408501983582523,7,392.2092777341069,20.5379018410351,396.8008529504379,15.15168973252111,18.140202057534367,NO
0.0564709422998675,75.37525352351794,4.620467226197994,1.8323042824452729,7.0,22.0,6.394546332888437,4,253.87765103123567,19.011085636744227,396.5412936287303,5.7989556395221475,31.004574712326523,NO
2.0632532063355553,0.6782005142439594,10.676694105153656,0.7525250849934122,7.0,43.0,3.502439307259145,6,391.2036360372082,19.801181698490648,397.8588602902682,15.670140738079466,25.268621573294503,NO
0.8116969175159584,1.7022441886649444,7.413298216335008,1.976484877237151,8.0,29.0,6.175659093547095,6,287.7701719926644,19.634064642852387,397.0219115195762,8.366784485136712,23.08585635684568,NO
1.27860022960967,33.408917042705596,2.356286080825947,1.0881519576432193,9.0,72.0,3.7081053156761445,7,222.55992818370424,18.837819008673467,398.41367022296555,6.845761434457406,34.08832790675985,NO
0.6747478424265698,0.9168176539088987,10.638197968356105,1.7468428031360372,6.0,89.0,3.0313526001546696,7,432.24281559155463,17.86924608016576,345.00960639017796,16.29687159611309,19.406825248766296,NO
0.525181427837003,0.32153994794274265,9.015807006360493,1.5376424517611273,7.0,80.0,3.000617886060032,5,384.5122227942244,21.85787393787847,395.60039773942714,10.262033519451348,29.27098836062985,NO
0.38171668596308495,14.554240043387669,9.241829612987969,0.8632887772043188,6.0,102.0,7.731728667560142,6,312.75756112611333,15.55548377732931,387.52529241866296,30.974412032512255,16.57896582724216,NO
6.927273071665967,0.2829003970645237,18.415335528255188,1.1576600831530772,7.0,76.0,3.6718466447566973,24,667.2469056046135,20.7214374135244,393.7677446259208,8.786345589228056,25.482414821254764,NO
0.6139274938981035,35.066306966560376,6.837669205979139,0.5456778169661083,7.0,24.0,7.904764442930168,1,305.27767137487865,18.20458950962401,364.0923554106952,7.852129674257101,19.809044220752455,NO
0.23937872774603833,0.019387600340601545,7.929139513365563,0.9319080574910088,7.0,81.0,5.801823027530903,3,244.1112354682399,17.842492531501456,398.5946079771914,9.394801879748812,21.61150772666962,NO
6.390707392655062,0.8403176948811909,18.965152862213294,2.1402666610540764,7.0,78.0,4.597443920895501,25,666.6327838078819,20.542406561118888,396.1815695000647,10.445374699078357,25.55327545567862,NO
5.108425566196646,1.207045302812609,19.37361764817339,0.9182885983612495,8.0,86.0,3.058248010230916,24,667.2762670324068,21.70467377987326,397.630498270455,17.426814654017523,20.036783310299427,NO
0.9704221571148991,0.5371735307774543,5.53767878338134,0.7010970910585961,7.0,49.0,4.948031277515595,4,248.30893854576868,19.27584068799263,397.45348115785737,10.616173345825393,25.444586384038125,NO
2.2443347346014226,0.4524637194799308,10.786954209252286,1.302957920830405,7.0,33.0,4.440966558477715,4,279.058555004255,19.419082512788492,386.3443828723137,10.153986143839191,28.225707235023865,NO
2.5048547500692173,1.1880067289414091,10.209641910108363,1.5918303346729379,8.0,87.0,4.433120895499837,5,305.1571154451277,18.550537881777004,396.33899245327865,9.935192966648165,25.202094622941203,NO
0.3153730651795896,1.2441705091115791,3.463126289366458,1.6675682565261638,8.0,37.0,4.09046404652246,2,277.00106967602545,18.645507519080617,394.05515568984794,4.6881502238376145,46.02183885048739,NO
0.9688209892516393,0.8289252687281949,8.305634277001772,1.9913468146283726,8.0,80.0,2.9472371899158976,10,307.57701996386544,17.567021384930435,385.230750737904,4.994182024540751,45.93331373808903,NO
1.3455323705722504,0.6592404661028112,2.895085409337627,1.740265939486746,6.0,91.0,4.004907871993849,4,193.27107329739223,18.235051327738233,391.2209969357831,15.527307967286124,27.056308454717687,NO
1.0415986785407854,45.78815691300476,3.736587240070227,1.0851850804387086,8.0,39.0,6.291852755990506,5,398.21344375018145,15.770225494126445,398.0250313637735,5.513314125971175,36.029217065638456,NO
1.8267147020772752,1.197675224134263,11.094358571617992,2.2294056899776966,6.0,94.0,2.762335299350164,8,432.1701469425361,19.009014673196003,395.1185482465077,17.729985229340045,18.96138703297297,NO
8.103453252512743,1.9326598102730204,19.041135317263016,1.6564984223922448,7.0,98.0,2.1791042665210765,25,666.6956064402754,20.258979960362847,395.00725387060663,19.885355448631504,15.167256065878492,NO
10.123684623522788,0.35863100626365646,18.442449697627925,2.1872106336817647,7.0,101.0,2.140550333805461,25,666.6456274640589,20.662081425062098,367.3318659224176,11.864235149473318,50.135720652084935,NO
2.0231617274426323,0.607548781442082,11.712171478275346,0.7205246492012114,7.0,59.0,4.48971937134538,4,277.09482711030654,19.339266746855273,382.40437819122803,15.466269359614575,24.50040732773201,YES
0.8395813014966578,0.48814356227541006,22.27579250713388,1.0766520051219277,8.0,100.0,3.2703390251818325,5,437.89038559693563,22.95314382951386,395.8066165357151,12.81394836135119,19.596663845791646,NO
0.29846949923728205,0.17133338176558577,7.616972050648029,0.8455222099770683,7.0,96.0,7.150775401290713,3,234.05068274822526,18.000114338819635,397.00023329911426,30.932857759615306,15.918517935097473,NO
0.4989329653553088,0.40204129995405985,12.584731963892569,0.6569798631138022,8.0,94.0,2.6774739438160333,2,273.9171279235674,21.62425684903685,400.25528469216835,6.561986807801991,24.11025040890998,NO
3.8346484421927127,0.23825912107032668,19.866926420879047,1.2064089316631108,6.0,99.0,2.253976461672113,6,403.71548829009754,17.070262452825105,397.5312413181089,29.402142601983734,12.146559208084149,NO
0.5811819553235601,28.46179694938347,15.75861314890926,1.6714303046073902,7.0,54.0,3.754548518942897,7,270.874997976151,20.456788830088147,397.0289420134431,9.619292824291795,23.093024737516828,NO
8.381698498878338,0.4109139531039666,19.031429254344253,0.8395440996516459,7.0,66.0,3.9772331818707216,24,666.6818584584628,21.73437494763081,397.464401220155,13.231780307839644,21.451454932906472,NO
2.4337609146364256,0.7906832472369639,8.98583034668895,1.2044534944832619,7.0,29.0,4.86054457557874,5,308.70450962585386,22.041357781805743,387.5573873102094,6.885554960673135,23.749329687818477,NO
0.22319560529832033,0.9736617353364025,3.865498999275837,0.9198002473165454,7.0,66.0,4.465789597842221,3,270.5672632070987,18.149550785462015,392.24425874073813,9.484993928343828,23.277353990428583,NO
1.091927969381725,60.9855801632882,3.300126907810058,1.556423593525422,8.0,10.0,6.9210051446255125,2,265.09673435582204,16.088912858160192,393.37027648685677,6.364217630044996,31.976360260654623,NO
6.777106789126698,0.18335558305715483,18.472049512150093,0.7283359451912597,7.0,92.0,4.200839124901611,25,666.6221167915722,21.465253194882216,385.42332278718817,18.466106757662896,16.729445716091444,NO
1.9226986357616318,1.5875984542179091,10.098350243523397,1.8597215224094936,6.0,72.0,5.024702870848329,5,305.56596246441785,18.47014730839277,397.26931314925855,16.335695056133922,20.06859490758608,NO
1.174573644492845,0.559275670226977,9.779409245223766,1.4703988764519669,8.0,57.0,4.925242449652928,4,307.1171513340097,21.14161665750006,396.1322177487794,8.775260519502512,21.064194222694177,NO
0.7816812813824975,40.45627329992313,6.838753803598541,0.46996039190688516,8.0,32.0,5.3048728533026965,5,255.00531385238756,18.62826185603054,397.8017082411226,8.524325049427379,29.307664041048554,NO
1.8799920768655656,13.477942098432328,7.9494517980704895,2.1361559226829305,6.0,41.0,5.714005826464098,7,311.898685427291,15.224877615545767,391.2927744483872,15.975019722171902,23.154965568205107,NO
0.43471056328759655,1.036327568304947,10.015835228051442,1.415928882708711,7.0,72.0,4.863233837273047,5,304.07001004478076,18.490753083486968,396.9091852517766,17.334518725137222,22.220945407713874,NO
0.09905915181856771,30.005067885975755,6.639020803985119,2.850955988929196,7.0,42.0,6.991395290229827,7,301.4595414988649,16.96059753930184,385.33857762567277,8.449006260869966,23.976803739154757,NO
0.6224803686734349,40.33180985005306,6.6438084994199285,0.5419763718610876,8.0,33.0,4.887169658469592,4,255.16387150111717,18.505307628379153,398.30979335320393,7.590715612463983,30.511168014009193,NO
1.7782796560164975,0.563869701116864,5.659844194455053,1.4577343073209064,8.0,35.0,6.669357814468506,6,224.91147277970194,20.579013585162645,397.7626953121498,8.618422012277739,21.146147784571042,NO
0.7963110350012741,21.860689991162193,6.341086591094386,1.3029704941753837,6.0,63.0,7.628446569010835,5,243.04474987264362,17.08994138637493,394.37291304528674,10.396433202493645,21.869919757998293,NO
0.6859827757801358,2.435334838504306,7.396957184617256,0.8373990590695766,7.0,77.0,5.424114580075296,9,308.0636241597225,18.867665996476862,389.16709494127093,11.17452714857646,25.242359908188906,YES
1.158605782339396,1.0485360382213786,3.044431024054918,1.874075859807243,7.0,70.0,6.069462931682441,3,276.75028786045067,18.390102499960566,393.1657948640096,12.751178296795652,22.699857286755186,NO
1.1647843835561051,1.8135977339681713,10.870421814049099,0.9510465404941606,9.0,83.0,5.424962215254475,4,305.59732620141995,18.532883322779885,397.5033406261555,5.834072839005509,24.435830567605596,NO
1.0267822181571973,1.4392473006730016,11.975048149371474,0.5242092656793421,8.0,55.0,4.932125489816544,5,278.0106834408687,18.820338768291343,392.1452265294095,16.375287721225295,23.380137736232655,YES
1.7287254900780449,21.449471001326437,7.455667208561782,2.1339683246323644,8.0,22.0,7.733380888039693,5,245.98889086274764,17.744673237539455,397.5679638612975,9.573368373075116,23.40467622241125,NO
2.300568564900597,0.6173596581356755,8.363874013504416,1.458341964511408,7.0,101.0,4.632707297697684,6,309.8666867058893,21.900715403203534,377.4396649770315,13.2093211246991,14.983748470705354,NO
4.576447498006033,1.0685469117660498,20.739389407155382,1.8590108511391987,6.0,99.0,4.083263503457044,5,404.95555667853614,15.176685169800937,349.3776055096289,12.488475265242274,19.5235659696445,NO
1.2310865059225016,0.4550087692630172,10.590918458234121,1.7277631402473177,7.0,95.0,5.2386501436060176,5,307.6618301464474,21.006853058852066,388.5250597928648,13.065868294950032,18.43892881142213,NO
5.330962663754769,1.4176024775132712,18.529451564516226,1.062959906253141,8.0,92.0,4.594813482631117,25,666.7497823700453,20.55550504786534,385.2394276105065,18.28951597337777,16.4012356803736,NO
1.061952091211446,18.15767887531528,2.3395959429586615,1.049074556782783,7.0,66.0,4.717979340254883,2,296.71959145340657,16.72807883905857,398.49982053264404,5.327588162309896,24.028297190921325,NO
6.764488489258859,0.5013354729034146,20.68251195309159,1.298985096016544,7.0,94.0,3.087032039679385,24,666.9085538343537,21.59765179151161,1.189044035427909,17.48206951932053,14.1873036458871,NO
0.9225866421950373,0.9648630989320139,26.48410629499463,2.2087157273214357,7.0,98.0,2.951438640238896,2,188.66396749470326,20.00921934766714,371.1767211543248,25.929474328331576,19.056402983247644,NO
4.349255178300956,0.423123341449914,18.35187174891355,1.4251772384646832,6.0,89.0,3.2974214873475707,25,667.0193672156576,20.43569549932956,391.7628450211326,14.898277160396837,17.821897194435067,NO
0.8141058367795925,1.2014254243796232,6.906724801705119,0.7809785027741614,8.0,63.0,4.1801108052083835,6,279.22889778583016,21.972881579079264,378.9123357034531,12.643655066746229,20.242959054686043,NO
0.4319909285704316,22.419235846695198,5.940353226710665,0.5828375138728701,6.0,22.0,7.458789383789968,6,243.3851325657461,16.816570527324792,397.7103807413984,9.106826885487669,23.410989168439308,NO
6.364641449618758,1.1325612099730025,18.262123222635214,0.842711440146784,7.0,75.0,4.144464886348628,24,666.4390432246576,21.152934567280898,394.4327129455757,9.627774707216883,25.25947263081501,NO
0.835639643662555,81.67530211324025,4.029170092178834,0.40151507835260575,7.0,32.0,9.170975536859578,1,242.19815638817155,18.855607326831002,342.71965629012436,12.957539487443873,20.273558606309198,NO
0.2037601824612827,80.87470782813533,5.641676625469793,0.8416079472110118,8.0,28.0,5.627886271761746,4,245.10921487771745,19.65952437482642,398.3539135210937,4.0909440055305515,37.989215022860655,NO
0.7702029401089259,25.738897880434973,5.3141476793727165,0.7491777949686502,7.0,44.0,8.694652300915315,9,284.8457693697864,19.893510404272227,396.76795629756924,10.570309501946776,25.183343924155718,NO
7.250945710715159,0.4510145374619729,19.869375881658218,1.0333377634800713,7.0,87.0,3.037941155713939,25,667.2868970275337,20.388832842272777,398.04644636915043,14.766342374099974,20.405632375908315,NO
0.7337588197953862,34.301218603864726,6.428074368878812,0.6703246013039091,7.0,19.0,5.545945321990889,8,329.35957688097,16.608277336970463,384.5073737841971,10.885465962309544,26.479033581430194,NO
0.23494784837754704,35.85828418333144,7.131665545566281,2.3798073386772463,6.0,29.0,7.189188945991844,2,305.5116500292846,18.134301197833643,394.03798905767064,14.700534318076658,19.87554097813852,NO
0.7615991666166462,45.686154705958664,4.995747556313288,0.7798837965437734,8.0,32.0,6.573066743114846,5,398.3469163341991,15.939838973588436,390.32927375573735,4.737277899561167,31.168638668596795,NO
2.1660271483850515,0.8839532599026886,3.987344995304424,1.6569548222734252,8.0,66.0,3.9164305161948025,3,270.92718909051314,18.300112634405302,396.1717616534731,6.156452483548772,28.833790251493824,NO
2.995029069880796,0.152291880481777,19.76581175840474,1.0339347384171564,7.0,80.0,2.4984648742721105,5,403.30705390040214,15.292338817647446,229.16618756044818,12.64842909579527,25.606071065406734,NO
1.9862097417785576,33.13523284656451,2.5241672844942102,1.656733597519811,9.0,41.0,4.431796748607683,7,222.500949184992,19.54937975389412,395.5028916091373,7.688862707053469,36.320378822989184,NO
0.6097762395953673,1.140921841932386,11.029567237829657,1.9654798273851948,7.0,59.0,5.856630752008621,6,304.71516635602114,18.559084304956293,397.95947238460525,13.550864970061868,21.57272274901725,NO
1.0334699532846443,2.3422497146392365,6.521674958114866,0.5555041491264157,7.0,79.0,4.3821920438101785,10,308.0121754992081,18.28329808817485,389.5266197033242,10.279269842285094,26.357436924477625,YES
3.8232595370515168,0.2559386263106609,18.77700652897101,1.2395568940076709,6.0,85.0,3.725172591135423,24,666.183203362624,20.99021047623056,23.79927582417764,17.58809214536329,20.09852693775373,NO
5.83990179168256,1.1963103378124507,18.441697465917525,3.025569716018838,8.0,100.0,1.797874627972135,26,666.3146448025091,20.300502387756715,375.37666680751096,4.407912253762275,51.06335764911592,YES
0.3952555485725311,22.326951089187084,6.444613827419767,0.8616673905533947,7.0,47.0,8.617018770703998,4,244.09554276863068,18.052856165071862,396.7236458987557,13.965979802533536,20.497571491492508,UNKNOWN
0.4215094833043479,91.86659662800636,3.335131175741441,0.5974729916360695,9.0,26.0,6.489441200897734,1,198.2915532999108,14.704513992585246,397.03166038021345,4.382544683730621,50.98051987947404,YES
9.621448531931145,1.0639433797075566,18.52540895945715,0.859687482720489,7.0,100.0,2.0753580117317543,24,667.9237839993755,21.03646508404156,392.69238163806267,18.850446462404005,14.760430245631673,NO
2.1828346282510434,53.9968891310467,5.375522524302112,1.4679776240531877,7.0,23.0,7.594450021539075,6,293.57795515823324,16.885672970913905,371.97067420913453,9.806259198328346,26.63775530822049,NO
4.343101709205103,0.27035999150533485,18.494692089554007,0.7919959897362463,6.0,91.0,3.054132521438878,26,666.1166499858127,20.87337233807536,351.8121188649195,15.172995394815457,21.174504609287617,NO
1.3122790076082964,1.2922713156999734,14.08114007964969,1.24790706971065,8.0,32.0,6.541774494881919,5,290.2984917521003,16.207328558178602,397.73092529589775,6.726527659076545,30.23063808225049,NO
0.13606050341958376,0.5133802733325975,4.4218872312054405,2.839835265787292,7.0,32.0,6.736215300724311,5,430.3700003735908,17.438301845543613,368.760275274881,10.02672134286644,20.44422614881588,NO
3.931697418051857,2.69680536633381,18.430967429985245,1.364804333757521,7.0,49.0,3.9399636888901988,24,667.8930253317108,22.4614934763793,335.7180272935429,16.05658335400862,20.768346222198346,NO
0.6710509392728887,0.45956559403927333,10.759961953891478,1.2138959403472267,6.0,11.0,4.260371321570208,5,277.63895363507254,19.227601086916877,349.76993584264545,30.46298496155008,24.052483391760717,NO
0.7260094248838054,34.735968392717425,7.072732536532791,0.8625672460956642,8.0,18.0,5.51431494771014,8,329.39063278627765,17.323850055407583,390.85769266433607,5.299370465124063,33.8195455535421,NO
1.0513056799941949,0.9777208392288165,11.134541566069947,0.6816555996197688,6.0,-2.0,2.9867504630434927,7,432.00582614875185,19.08071951357221,390.363595678252,11.039667815127542,20.52241543250581,NO
5.302681436726495,0.43361142021125987,18.723433593818115,1.2879331505221185,7.0,89.0,3.30903318312503,25,666.6971860696705,21.192101725829726,354.7020036551938,15.39532783877376,18.460014962622214,YES
3.135900288072091,0.3630808667619596,22.106915272824597,1.104221305125021,7.0,100.0,2.7708311515454533,5,438.8104180587328,21.205685945124817,263.26494312235036,19.234661118033106,16.094559013827883,NO
1.3981942240524363,45.25762339458056,4.660175189842146,1.4212442676324746,9.0,27.0,6.723492276679502,6,398.92288851063404,16.13830746177938,392.07139917705314,5.356653493557056,37.231525249640875,NO
1.9370026627817587,1.3719984641671872,8.629831586787496,2.173023676592722,7.0,31.0,5.031841512463099,5,307.03626955686195,21.39562141708788,386.8663698643941,8.218714396035203,23.442216712529714,NO
0.20671726517582814,22.992687167691724,6.374191515132944,0.9144778694643496,6.0,71.0,8.880828318650252,7,330.5635747981469,20.422948622732648,390.29577334833397,18.4869428214206,19.73063581982789,NO
1.7583631807261126,0.14562828356548485,22.151011765287585,1.8034018294097245,8.0,99.0,2.4171680985906194,5,437.771818981981,21.549270723635697,263.18442381502837,18.077133202464704,17.217555996148075,NO
1.05677472749859,30.186157639722243,7.220362250523589,1.0901229836301678,9.0,54.0,8.376191380150257,7,300.1719509075347,17.290923762049545,373.2972322832658,12.827619089286006,22.646120278228445,NO
5.393152082980015,1.060791817761993,21.33528638904819,2.3747611493338714,7.0,83.0,2.223285310435391,5,404.9349560967558,15.24363248227506,88.16138703258102,15.219916469190913,16.400437854615053,YES
3.5007742466151734,1.8466033430696172,8.910592237694447,1.4451750951021856,6.0,97.0,3.9678796890846186,5,307.9248716936886,21.45992900369035,248.75277667367416,21.155648009811518,15.22547938009254,NO
4.5345256272165635,0.6979495833808702,19.99754686332765,1.4067302703420106,8.0,53.0,4.455055021449921,26,666.9688495816708,20.453412224091096,390.3474364043816,11.456592611647165,21.430145947700833,NO
1.3867426905414761,0.2487006133333851,3.6311856061035512,1.5781946644079126,8.0,54.0,3.285647745872503,3,193.47163130823364,18.41797459721635,392.9786928688639,5.831141220597675,50.52966944180427,NO
7.461857301857104,0.9663643204281382,18.548263757338532,1.1457872233276691,6.0,96.0,2.0539511086934006,24,666.5470828718237,20.778960324114248,320.4872944885738,16.227849156732344,14.27833001695779,NO
1.2007268088717877,0.6358415733384379,8.185066852686793,2.553095399773709,7.0,37.0,3.9588199473122896,4,307.42480566816977,22.10277867267826,290.24358961657947,12.312564640179119,20.927799935860136,NO
0.987149854086635,1.4065900587211497,10.15984691281787,0.5543533169386232,6.0,78.0,3.6864866085506938,5,304.9065644472882,19.708845495428623,396.8284222569133,10.771620927186428,20.748692994593437,NO
0.9699874901876048,20.242262479876263,6.0608483647794955,1.1668346776178762,10.0,87.0,2.276774387303251,5,264.06718846151205,15.451281235307833,390.1718592242582,5.23758141276527,51.83119672558373,NO
0.1434478009700913,2.262480352115911,6.154585976001561,1.6874384013717691,8.0,56.0,4.903932049630346,3,247.34683956414128,18.559248275028352,392.7224263724646,8.439280265107577,27.458853384614002,NO
1.2436648082261619,45.880330133257814,4.390293905375512,2.0257551143858348,9.0,39.0,4.810872303240963,5,398.82900775809156,16.211183857136263,398.18687935049473,6.106956140638574,36.01406087986852,NO
0.14087800520643687,25.63029306521597,5.3878882737139,1.44007998428781,8.0,35.0,6.32321810510952,6,281.35856587423456,21.008886057389653,398.67693103861484,5.403257848806641,28.414515253570425,NO
11.066184752805412,0.285941099152879,19.302557018509326,2.8897630563042256,6.0,101.0,2.1794897628669343,26,668.2505201973746,21.243235660918273,399.8613541186447,24.679557706835183,11.833258563930906,NO
7.46541295444611,1.0730364496692195,19.95327162116553,1.2045323066190483,7.0,95.0,2.8667960951831044,24,666.1867401274578,20.64369884577563,0.6808512943751052,18.096114210395474,13.447250370362596,NO
0.6899230292725473,0.5853528475595553,10.708474944828236,1.6936928893336478,6.0,78.0,3.338522253222924,6,304.35378200532193,18.740316552933145,398.0794507653778,10.400310750447188,21.111248343925325,NO
0.487173375430837,0.7617277831270546,10.994608704651329,0.5086901589762701,8.0,6.0,6.666160738954796,4,307.17374009552594,19.27692324532715,377.27019689501475,9.231218326199977,24.037211035415062,NO
1.4169556855674135,0.25902244992279216,4.675391428016953,1.2941684109695437,7.0,27.0,5.455118507367274,4,431.2966326313592,17.214598384420484,382.5362223517261,12.474468105709342,20.52931641126603,NO
5.661684553710653,1.38029737419144,18.155903708098048,1.8355350331044171,7.0,86.0,3.3460080260514085,24,667.3637508716439,21.84463422468316,396.6346926134157,12.735365601778533,23.20122087666772,YES
0.3601605186483203,1.448189238578462,7.923409891845991,1.1348268921624518,6.0,-2.0,5.003755198234496,5,287.19089845912515,20.524019985444497,398.7408980992621,7.93068139553398,20.930907605444293,NO
8.763085373284861,0.967806378152033,18.272770502564413,1.3769309874653985,7.0,78.0,2.0708260729169177,25,666.4512318696202,22.019455114463607,97.69771332872641,22.43607945842698,12.869905227253644,NO
0.28751108704921163,0.492793520548022,4.859409681824269,0.9729044893001686,7.0,32.0,7.120814232126577,5,430.3462993417738,17.43947017534406,369.3209365233037,9.323098772749391,20.24719490995112,NO
1.2630685238125523,0.19937208576580526,12.445648331054802,0.8637488779880871,7.0,53.0,4.830749765305261,6,277.11187395452225,18.726448853377953,396.5892658021814,12.33499691881137,24.749796552931468,NO
0.8948148441233407,1.498921468619734,7.005748008951417,1.0386127862711858,6.0,35.0,5.628111907262564,4,234.04013535382114,18.4961645582202,397.4499564258179,15.632801165492365,21.734884302293434,NO
0.3926879424427433,53.25095450924087,6.570386556014778,0.8431453964436104,7.0,46.0,8.734864317804654,7,293.9817452932865,16.683460658508704,398.2331583952869,7.886401495918964,23.419292111919134,NO
1.223141366469084,71.57895873762145,2.4205610012421346,1.593075329806903,8.0,49.0,8.187141500264298,6,358.5771850978865,15.743355235530016,391.2589326234378,6.624158035591672,24.81358694723657,NO
2.534090489078084,0.32741164624456975,19.90718854296817,1.013082709632755,9.0,98.0,2.392280501837607,6,403.61756485320586,14.875715379931945,369.56771633256767,4.277060033918508,51.4630974026606,NO
2.2108059820961747,0.7999376164665855,4.7683420722847565,0.8724644663829741,7.0,52.0,8.025488549145475,4,353.4777501454229,19.90979350903352,366.490286022187,12.9376626698522,17.44118801436016,NO
0.2888422839566196,1.5420786211420814,11.690345849063231,1.2965426501377522,7.0,7.0,6.432391801541947,5,305.66000106413986,19.651964818802313,384.0870564531745,7.533282429996196,26.009194922945497,NO
5.538908189223666,0.4195933782552789,18.637390795511358,2.543696192023831,8.0,84.0,3.964097915787975,25,666.2646407358268,21.04306665354527,397.1429159329581,16.79928928142622,20.441361294702183,NO
7.944036876698079,0.14845684653166763,18.559643890940457,1.4259551922117955,7.0,94.0,2.3954489140073214,25,666.5256065391077,20.826880062252986,398.2207784441293,19.132564132477786,17.27233679214938,NO
0.5774891965052327,0.42036353519131414,5.534777288437449,1.7594796303435796,9.0,49.0,8.253548899951832,3,352.5674966402653,19.64643748356183,387.0448338355362,11.213014212078987,18.307060093868976,NO
0.6679874672091437,0.488364982851928,13.432069671665921,1.9324778991786045,10.0,70.0,4.417342000032819,2,274.1018978010594,22.52533724894648,393.02197506796716,10.631909556346876,24.13927040506585,NO
0.3329227519049767,1.9196492411976407,7.954225664266917,1.9034760512661184,7.0,79.0,5.404015468745068,2,242.41980696681642,18.85872672939061,397.03373137822473,9.580232681869303,21.991966049544107,NO
0.3973778975357153,1.1510549681967113,6.44842379926885,1.3244493280029759,6.0,47.0,5.6788532824084745,7,224.62795276497,20.997356328663923,396.9517661592748,10.135791435752918,20.012930617727022,NO
0.8830528825771042,0.6947747064442215,8.553468886400768,1.7806023992840747,6.0,34.0,5.670490374680403,3,234.27277170769617,18.650503589676326,397.8274060089936,10.447845269079295,19.51560130368043,NO
1.4016625474826432,0.015242337456454138,7.127290934400756,0.8314057559022072,8.0,7.0,6.406314534444119,5,234.1254638056745,18.010238123288868,394.86440488192824,9.13010096378243,25.69212632832154,NO
1.5850924524361443,0.26426823927014553,8.460330635790335,1.1209151918112996,6.0,100.0,4.005396018515711,5,308.7543402162723,21.108501869445778,376.98286336480396,21.3735551293646,14.104794673053524,NO
1.8039487994777987,1.2750603397080484,8.918815934306307,2.370912838971415,6.0,62.0,5.249709717404844,5,307.1758098188435,21.252423360092227,398.5626245616161,8.826784897061392,21.422425391999766,NO
1.9515244644591014,21.070137647043452,5.023840870215019,2.2614686362795706,8.0,82.0,3.1776516901442418,6,264.94009054968626,13.633025501598278,394.0687452499928,11.293513222672196,35.02906819855501,NO
0.8615240863882359,0.09610792449793334,8.818409804271505,0.7900776665190776,6.0,90.0,2.8989783531286606,7,384.4005109544182,23.353187665078355,394.99735149773477,14.320265911512337,21.0286384350047,NO
0.1753441318693407,81.00326775409034,4.05324653409622,0.6521590561125805,8.0,32.0,9.652466805646636,2,241.19099086858478,18.34480436420409,342.28920768315794,14.122482809093842,21.556368630094376,NO
0.5111768106028534,82.96072193308181,2.175711793352401,1.8795315530633132,6.0,40.0,8.22057085527328,3,348.3000312834372,14.948651943696392,395.86162453171295,7.669644108341402,24.431459372703095,NO
0.21419357228877187,1.701910078566287,12.573899941912419,0.9278654519216909,7.0,82.0,2.722643603169645,1,273.7251959227278,21.534185964263095,396.9319660131619,8.633057610603595,12.218760674437416,NO
1.652878486765202,0.9794808896927953,10.635626207441678,0.613524153409742,8.0,82.0,3.291395213860724,7,432.8729477073017,18.08498338846297,395.80481718691595,11.747362194993535,23.813733845955944,NO
0.6950060529653148,0.15924406832876933,10.564612702023911,0.9920648457090169,8.0,77.0,3.6489542551844583,5,304.18719636672125,19.007143040828723,397.04922283252307,10.17323493333473,20.686797350914645,NO
0.27788834524052064,95.48470677699663,2.3337886725730437,1.0819545956295058,7.0,16.0,8.302965613943863,4,402.71504388073726,17.0905830688848,399.61484408195304,5.276863529843683,35.93749752685361,NO
0.11839113005408984,14.038406958572892,8.861792190482642,0.9701090338086181,6.0,83.0,6.411908483686473,5,311.5039367344958,15.645678197998853,397.2308711875909,13.631969217439845,19.98647033341623,NO
0.9536650268637872,0.03802204883766064,3.9506437860429466,0.6268807912380681,8.0,83.0,4.128503390510608,4,194.24743388116084,18.018590570254656,395.83002234341774,8.052847758311472,41.144788001414966,NO
0.6938966833878402,0.463608093708124,10.501210156015315,1.4436399351059734,8.0,83.0,3.964198993281565,6,305.02190530998524,19.02609851822059,393.9310528023392,10.805462892028658,22.539006176440164,NO
2.1424190295214545,2.273442734752799,8.777308718706106,2.1481903600820456,-1.0,90.0,6.272981528293322,5,307.8727328129708,21.8124652486749,307.0889250688554,17.7797177515073,16.45990846641275,NO
0.2889886515077703,0.6264710772674478,6.836279510561719,1.8548030579841197,6.0,42.0,4.975121948095968,5,279.37003524328486,19.827970829197135,397.45214222874364,9.330343503505226,22.50299897459732,NO
9.908561116970667,0.6170233469566047,18.183135000688505,2.2895994377870985,8.0,87.0,2.608203114127181,24,666.8599334322704,20.64598274691633,85.07201130415088,18.579760703315667,15.609373638665842,NO
0.6369077080155419,0.27341294008205,9.639477901523774,2.6355162320051893,7.0,81.0,3.12662867890303,6,384.017890836134,21.78561077040705,395.9348791500534,10.959170009909538,28.857497697248007,NO
0.42567597928492185,21.44541546610269,6.815996900576261,3.3501816636601998,7.0,46.0,7.437157994501698,5,243.10812129264696,17.7482926435401,396.58658364484813,13.78492059448931,19.782658878072482,UNKNOWN
0.5812228336903693,1.2848149360592322,12.539085547507714,1.802052632988589,7.0,91.0,2.9209600159374505,2,273.14042342269283,21.54120303990344,394.764522722117,6.889338049093234,26.048719665360206,NO
11.201580838472381,0.9340829285848309,19.600487225326376,1.9665662416955514,7.0,78.0,3.2293970574173647,26,666.0604412543605,20.400694095496256,339.83495203455226,30.376171967235955,7.209960576179857,NO
0.6836722129476127,0.7195808357986392,9.84627970875699,2.477206751405628,6.0,74.0,4.057942754579306,7,391.19445363506156,19.50045454677683,397.6321145906683,15.309503576686604,19.84810122555035,NO
1.5953400859720734,1.1122386991633664,19.82130554813696,1.3543754168362994,7.0,102.0,3.334224817921169,7,403.54190928045557,15.97064113162767,364.47231551767754,7.837944814037611,23.38055912122023,NO
3.096815903786356,0.7429522365901821,10.920326836493961,1.1714361508160465,6.0,7.0,5.484699856737308,5,305.5715044957447,19.214394573879538,377.44385139458416,9.53795722747641,24.85314867356273,NO
5.78106994109745,0.3455099573587596,19.04983380964572,1.0784241861595227,8.0,77.0,3.386077583873855,26,667.7401416462012,20.801669214224116,393.0781211513381,8.41897299143727,25.335427183910372,NO
0.7623044207688732,22.80051759413033,6.807649881226621,1.3336785476081503,7.0,18.0,9.118004509090001,8,331.24366286053385,20.739134797232808,394.1023547620828,7.27209250936611,28.42318585778235,NO
2.515882502817499,0.5121349973846538,19.920226349680714,1.185523562783977,7.0,100.0,1.9568238855110134,7,404.5080183668298,15.55651185922563,173.86215482243264,28.8588266987235,14.675189886905624,NO
0.3642853052038033,18.725645980828393,2.9076963754403913,1.6983877147486361,7.0,60.0,9.812531326230404,4,216.26130066080088,18.65015627641716,393.5919517297858,8.611351653676795,33.54955899446377,NO
1.447220966686492,22.18962215537573,5.447031335260497,0.8788951032058039,7.0,101.0,2.204209175286673,5,264.1143596422418,14.820921320806628,392.7531988883361,7.010659731734223,30.335347018831726,NO
10.14943908532958,0.5848376983028284,19.073064715866295,1.7866700803519493,8.0,97.0,2.9801086757760586,24,666.1114655376798,20.695472056314895,388.5369944145508,16.955906220269853,12.760527241419009,NO
0.6484294288155772,40.61797085622567,7.181835512602613,1.6811811400297332,8.0,50.0,5.227796838680474,5,254.4001187511177,17.988827162863338,390.58403800765456,6.288075897436759,33.60622943868472,YES
0.2736275071935047,80.09813113663262,1.9253313011914002,0.4772743622695471,6.0,21.0,10.68855356637409,4,335.1638730876404,22.085710800746256,378.0826265353979,6.584243821472628,22.101994506047607,NO
1.0228745848680767,1.8239497134149885,11.172499253014111,1.2975855355420367,6.0,101.0,4.447779672747205,5,277.6959170070645,19.548144250811504,396.985266188264,23.110363577270707,20.57727786587902,YES
0.7904409286239851,0.22703391157284605,10.107533211192639,0.7762720046694715,7.0,55.0,2.835031689124222,8,391.14918997955715,20.101676517517745,397.05942202293625,12.018600672265748,22.574308502081614,NO
2.223559193038997,0.26076644902863944,23.200132260651955,0.8025246186193076,7.0,98.0,3.556959048046654,5,438.16939334749,22.269665102233315,398.9217480911639,13.194599396578498,21.55842602237238,NO
0.9021760534588908,55.72927626083186,2.5106967021477113,1.7083030624233537,8.0,32.0,7.920919851666968,3,300.2795879747258,16.812516469842834,395.40629033161855,9.807649633377103,22.245978021713224,NO
2.1546366044837795,0.4262199897524149,8.264245176220145,1.4154945905411664,7.0,99.0,5.3932136307395,5,308.0189164298466,21.67109807024023,379.3781178276204,21.670694652651903,14.521832060572924,NO
2.4498609250686596,0.9388728406519231,19.951428577345585,0.7082448615450889,8.0,96.0,2.9989614459186824,6,403.7503912167438,15.020376685063537,293.6979949499328,15.026150982232132,19.32129038977166,NO
0.4971240704000525,0.4048758734826853,6.5124372199605105,1.435164242088613,8.0,22.0,4.474042619315242,9,307.14237732428563,17.47454582877568,381.9872473252374,3.8352808461990247,33.3499637881209,NO
0.5931658763297101,13.430463128496656,8.20484823671885,0.9986463345305698,6.0,87.0,6.960978542536949,6,312.32765969527327,15.533227654656292,387.3422066133498,17.21992131390962,18.97643358722206,NO
1.4550282857569543,0.5883886739070673,13.103001456612331,1.2685036223627244,7.0,78.0,2.68986778811943,3,274.0894645387164,21.026121024412998,397.3735320932639,9.627385454632005,21.118974142670655,NO
2.1728571073399436,0.9467287758665949,8.682962644116946,2.3504608508724303,7.0,81.0,3.076562050955607,6,384.01776579676374,22.694198747259655,396.1669403203091,11.163814506834443,28.018821629841163,NO
0.32294987992480884,1.012996626006126,7.26295145416613,0.82631053746273,7.0,79.0,6.572862272940481,3,242.12535599335894,18.21793825140319,397.3608166162573,9.80302184409657,22.36633441519944,NO
3.86251162406638,0.4044949923861606,18.432355260380895,1.9927691590798087,9.0,84.0,3.018549791082263,24,666.3709405742005,21.14772379674717,354.8431363780203,6.476197437712653,22.22885497479641,YES
0.9005702642269755,0.42266206351975455,10.973302851738055,0.5399888350390325,7.0,33.0,4.79626138224484,5,278.5570465178507,18.836171866173807,386.64700193077095,10.588770072543662,29.150123872202258,NO
0.8484123488564231,0.818132579366683,5.246013046214827,0.9296693088437553,6.0,53.0,8.529469572093316,4,352.74746297490225,20.253633093480662,366.70486954393465,14.285107233759108,18.56353840947004,NO
1.4680130655935868,0.5204720775143465,11.182784300075244,0.7618282633913588,7.0,93.0,4.306781663322687,5,277.13178899907007,20.32708640427716,393.8604537790527,18.05005070448898,21.943473347724137,YES
0.9494482062073097,18.068700186532368,1.544105373316324,1.275399431861155,8.0,60.0,9.966584965228844,3,216.65929274365993,18.718000471789008,394.19586686909196,8.087636195971347,33.04082726986435,NO
0.31378215825403183,0.34662792976280926,10.485403537236328,1.017409694289401,6.0,73.0,4.347999366436393,5,304.7087938376536,18.72019245757027,397.0888254562286,16.737094919114778,19.985502004723294,NO
0.055786509436318694,1.3988505749750018,12.534049180057279,1.7180735690995694,8.0,77.0,2.482848924380206,3,273.16214570962205,21.717661053884196,396.9749022854831,10.622610824024623,20.608221883119835,NO
0.1344487176239142,1.1241436244775398,3.4742307128544523,0.5494666871768428,7.0,87.0,4.838108265345153,4,270.9749948274702,18.59272314796104,397.5391383138132,7.339092630435595,23.979272258680616,NO
0.780545842407137,91.353183420738,2.904724785087124,0.9284376031521286,8.0,37.0,12.789222085032979,6,187.2199282346364,17.14690072243931,385.2552983313541,4.910172102522959,31.658228784119064,NO
0.36321337241793783,0.7985530536925262,25.658706756390423,0.6823785066589668,8.0,97.0,2.4055322198802513,2,188.12873057990478,20.23310664197033,370.3700887179034,25.7022831238563,18.14292980711342,NO
0.33592185431794835,0.23102444353516585,3.6901182285306353,1.1767983390570014,6.0,90.0,3.8018305847791356,4,195.8906889910094,19.20124535801835,392.9553234992237,14.457864546668269,28.91804375132364,NO
6.675096023269065,0.7395734147223186,20.05104851363972,0.7848020203319882,7.0,88.0,3.975300510792203,25,667.0636044424805,20.506451654866368,51.099044787373586,18.477709787018348,15.870775006686046,NO
2.1441196766933937,1.5201081772866682,9.298217676080716,1.9478532625364964,8.0,95.0,4.377226062134158,5,307.43109289163715,21.373669270750888,361.7293412532573,23.10553627334124,13.157114719272252,NO
0.5958352606211157,96.44622567571554,1.7435243066241937,2.008211006724296,8.0,16.0,9.49242687303878,3,402.2287069744415,17.030493385633836,397.4954011194392,4.64733314538368,35.23065336552165,NO
5.600782608762062,1.4803890532035302,19.187562983470183,1.7050959480614152,7.0,95.0,2.90668324106171,24,667.3243901754655,20.3210374776896,331.52008588755376,22.83626497944174,19.564317681088173,NO
0.696034783578533,45.122667960885124,3.9795824785556304,0.5931850110647837,8.0,29.0,5.589058597091114,6,398.8609404950813,15.427986165473719,383.3047667089653,5.704999170332892,29.985606003948973,NO
1.3268358521748196,0.07401962498542923,20.081020220514066,0.8269740677767017,7.0,98.0,2.844244937316713,5,404.6219817050742,15.120949990278094,364.39073210335226,6.044193526668819,42.21343126824679,NO
0.8514333073044392,96.15529806458768,3.137485587257692,1.271783455520407,9.0,34.0,6.51119443472695,4,224.53365495032634,15.480164542793423,393.73801996782356,4.474310744471078,48.62432086371311,NO
0.2848406190583418,0.5752294448366909,9.149701982635422,0.9712974924082394,7.0,86.0,2.884530255215656,6,384.02300071542317,21.560921548186098,387.7704173546752,14.166151337682134,20.566280516750517,NO
4.852357234378693,1.2364330052549601,18.31241613371244,1.9533882376085132,6.0,95.0,2.8228587381185744,24,667.9911215704125,21.533747536552124,332.12197120090275,21.599814670705875,19.977913685724232,NO
0.21031326719740379,22.2088192429558,6.749794588864089,0.6020351127234926,7.0,78.0,8.673972959546667,7,330.36258492007266,19.92745250623036,373.5938873953188,12.856991890849436,18.53382498211764,NO
0.8429133170799136,1.1543331112225483,7.389482019394935,1.7835345630533843,7.0,40.0,5.99709383121114,5,233.20589770432318,18.93671359324013,391.99518598804707,10.750138135437956,21.323775444194602,NO
1.2022200791861795,22.33181612457093,7.125157087203234,2.9479343040586996,7.0,9.0,8.963817538103198,7,330.00059879601906,19.483351751718033,377.94821350410473,3.9767847246799044,26.843525986209826,NO
4.803137269312041,0.0054389603500867795,18.4368200271099,0.774152647719597,4.0,88.0,2.1963618144295665,25,666.513217166353,20.68497610945509,355.8664484801395,8.298661632306938,28.41664489470125,NO
0.0895108556566824,2.1951892449472563,4.572008380036766,0.8384893427731823,7.0,33.0,3.9826360138483334,6,296.6589573494532,18.4056171611411,391.080875418382,5.498749758719067,29.835334038235775,NO
1.3949923492768805,0.4291421770502998,8.826141782696423,0.7223054559427224,7.0,62.0,5.665959988646408,4,309.39126960797347,22.143426338247433,398.89553259117264,8.465081647313967,20.729755391224884,NO
1.5250686005931127,0.2118114409358537,8.659699968887288,0.6360045971305679,6.0,102.0,4.257836832076871,7,307.84626427730916,21.860828890451074,394.58686640833326,21.146729384531426,16.285639675926443,NO
1.5701375903590584,0.9983239871027707,8.251270156305809,1.1479636971595073,7.0,30.0,6.74875978118573,5,307.450146140953,21.296723203932803,387.79945216232113,7.20465065564404,23.92970259622514,NO
5.150614116138794,0.16721013816671007,20.37156229747038,0.765815418471447,-1.0,93.0,2.7256324198049073,5,403.87658156789234,16.327582676456768,241.72404048331154,10.380460065215827,25.553914757452702,NO
0.3328684688869384,31.884949324397276,5.808201944340042,1.7491735636214671,6.0,65.0,7.243260305009395,7,301.773445855063,17.727253027491372,394.86754631180986,15.020057756922315,20.436200739345605,NO
9.389223177079307,1.2357184689101033,18.543278100115966,1.4383744933866587,6.0,101.0,2.7040239928452094,25,666.2029219993346,22.150768529465402,397.1806479151247,24.52349874165991,12.126605246481367,NO
7.512163308271719,0.5073428011169849,18.63644454546998,1.6485716484287662,6.0,97.0,2.815611282740958,24,666.6916125535051,21.5285583293533,318.0553517781618,18.527602850183417,14.941699212472887,NO
0.4946313259861742,23.179766523178426,6.285835470085717,0.518076449816521,6.0,81.0,9.432698626207054,8,330.6103021347691,20.212102445512134,376.97653409834226,11.143904034669367,21.325158194739863,NO
1.1491905218148928,0.5638636385380144,28.941905744928057,1.046899883012407,7.0,99.0,3.0024531547957443,5,711.8585548268418,20.3034298543128,318.8496737136428,30.651070611559092,10.439583969002777,NO
0.866886276419332,30.10542355193831,15.19512103442076,2.053954648684401,7.0,78.0,3.723213685038564,5,271.22340913870187,18.91941046250077,398.0614087205977,11.553862869591754,21.259489360701153,NO
0.4895604476361394,20.25190523079059,3.9328277193845773,1.2277617864129893,7.0,38.0,5.495060750402845,8,216.18355646724504,14.976332982194064,393.065077905485,5.4671964479727695,35.46964257139765,NO
3.7857897557075564,1.5582023303412917,20.27443982436364,0.938498155193126,8.0,98.0,2.0727158863397546,6,403.3510554464103,15.088020205450622,390.51891299955673,2.9295817589428914,50.02272222232347,YES
0.8802057671522128,0.2965988928591757,3.7196847691346835,0.6924648131506902,7.0,66.0,3.7333829490726043,3,271.51105095593795,18.972740396724884,393.5204249651304,9.703291726500824,23.07253980753582,NO
0.05961592063757777,81.69630943956476,3.904542390191299,0.449792259580783,6.0,32.0,7.399070216550382,4,337.90541713652215,16.504429386440474,397.2308916630136,11.543019149557256,19.960857939347843,NO
0.1599519167975894,40.37751199725366,8.36230148054101,0.8851210989504625,7.0,33.0,5.5545572525856235,4,254.34585393644048,17.643044533614653,397.2900117218023,4.824335986541775,32.75986797582334,YES
0.5822471497104433,0.33091481593442734,7.358419424131321,1.3170726532783315,7.0,7.0,6.137760645284786,4,233.61579279609862,17.955890926011953,395.1197093437669,8.264129747485109,25.160966908511718,NO
0.33301959795386915,25.03964374672416,5.178319659781567,1.5906113058288252,8.0,44.0,8.60724884799285,8,285.0067858909352,19.727108101652814,395.7506884547705,10.089531175228913,25.5494649970094,NO
5.90006426669714,3.1050227106100454,18.777161878399625,1.1020742225778282,7.0,91.0,3.882541576368266,24,666.9995351225655,21.095822212222874,100.26970900644939,16.620384857633866,14.71605684890945,UNKNOWN
1.413103103968369,0.2719287446601912,6.410785159761172,2.0908395086099576,9.0,79.0,4.252239301918449,10,307.8213239352621,17.980266572014983,390.5164960305128,11.42806913238271,28.15775648513825,YES
9.872418784587857,0.3165208982755688,20.333468024981016,2.2580632840678545,6.0,73.0,3.676461385912031,24,667.2882268031543,20.499911363598425,4.019629099366709,17.585912908037884,12.325361570761025,NO
1.442177908419755,21.047782035123685,4.357659524798199,2.336901460865472,10.0,88.0,4.223772248526536,6,264.3606809090105,13.532371278284703,390.31274636520635,6.192397007005215,51.339992096903096,NO
0.40748473781451056,1.3436675367260762,10.968777901316326,0.7157571796302379,8.0,84.0,3.9280843298525885,5,304.65014353779475,18.483236878146528,394.2925970365874,8.24918403255734,22.861615213106198,NO
0.8881425940441585,70.70769392482649,3.008730697084569,1.162257137480072,8.0,48.0,8.849415525379735,6,358.2339325835867,15.665962999780618,392.4191047529975,7.803563406595333,25.439829743768527,NO
3.277360015491238,0.1625026121190946,18.26295657300588,0.6686379612438639,6.0,50.0,4.099367696137478,27,666.8333345761433,21.226829042851488,334.41994126900596,14.390103753372928,20.164151922916755,NO
6.1505636856373815,0.1224695059091557,18.482256433036866,1.6090748304634512,8.0,55.0,4.24477876735597,25,666.8870608325338,20.34779861357854,390.4974088668775,12.041317308600084,21.328536452530702,NO
1.7133517358880457,0.5892894567269933,8.712591017249057,4.078643717386948,7.0,86.0,2.5325561913751518,7,384.4400795958557,22.463864882863195,388.12273154128206,14.204496156275495,22.33201067837717,NO
0.3365706586725519,34.273892131538325,6.2225136850072404,1.4108030522240629,7.0,41.0,6.637140201384306,8,329.6214955275246,16.771474743829657,396.92794280066005,9.777806552677337,22.434332122548163,UNKNOWN
0.740093921709716,0.6120021349503302,8.004286994955674,1.717774179264087,7.0,16.0,7.116942140306162,6,287.91810762237054,19.619996093836843,394.9570601435386,5.763273324720191,25.320821081839885,NO
1.4420275585068167,1.7849779133676213,20.64476156773617,1.06791686911843,6.0,96.0,2.774800520032905,6,403.49255186681773,14.993166216477075,292.87414757775304,14.793099304250921,18.343710561203945,NO
10.244882170085631,0.3475159771707288,18.563437442216376,1.3330568073881608,7.0,100.0,2.5540486465471783,24,666.9864943190624,21.386203102422286,392.52837127507934,18.940344806635224,13.173301897958883,NO
1.184666941043562,2.1797047559188147,11.124502489758619,0.5243618046620792,7.0,8.0,5.639829148627397,6,306.63930356828786,19.567847321384562,385.80697463264596,7.786450527348289,25.701175716703197,NO
1.2695536106754335,1.7341857595617722,5.264862272949711,2.566466668939199,6.0,47.0,5.819411567553039,6,225.13188405615367,20.35696541436029,398.72438129582645,10.389560202858432,19.5962364270518,NO
1.5863514543419222,0.6152033310322876,5.202652882970684,0.7519132465921446,7.0,89.0,3.9586274233991627,7,297.96338730559864,16.69229667240377,397.1764257643819,14.788918446327166,23.984106639487187,NO
2.3178036135175724,0.912534258296782,8.153753274510292,0.689101924416253,8.0,99.0,4.04474364486829,5,308.200553156288,21.742132847925852,376.73392149705836,23.83454466219316,14.00858993897486,NO
0.24921774732345028,25.774619816882847,5.723280439750845,1.6444014075138624,8.0,73.0,6.438640900498271,5,281.2753835584584,20.14471952768372,396.01916957500333,7.696820173156016,24.591161052769188,NO
1.057107413075594,0.04445412015220474,10.375600988322873,1.4389358792190676,8.0,83.0,5.350203512131541,5,304.8306938302695,18.60119886054101,397.2584770600243,4.669750764491977,25.000708411475035,NO
0.6035177670450704,0.7684387929176036,6.291176776758632,1.1482829841819204,6.0,69.0,3.4336446253825184,6,279.63282381759404,19.839923066879333,397.7552006609175,10.641573065557996,20.43639695851757,NO
0.5545270378283542,33.87971612052551,3.836528669845043,0.7275873425843343,8.0,73.0,3.608931489314536,7,223.47383228800138,18.816556869016228,397.566034966818,7.213304696485359,33.672410227978624,NO
0.35514830404532327,1.1118696882016275,4.825239509033416,1.5923307133057625,7.0,47.0,7.050359252553491,4,222.4480696220255,19.356010120825506,395.8238141126083,3.248009620297487,34.06626814593391,NO
1.9478446065343906,0.7951777926496888,8.358559884520284,1.498626841616939,8.0,95.0,5.199021781486627,5,307.4079657806804,21.60472444025101,388.18928901636275,13.3892274128993,18.629174742050978,NO
0.5719696262832505,0.05139562462233032,14.020011892239717,1.6008193952656051,7.0,58.0,8.642147258712349,4,290.9249057176493,17.015427939084027,398.00415157803604,16.332015784440458,20.971316760592547,UNKNOWN
2.0506213802086024,0.859083412771535,9.697854226175137,1.5438703204375834,7.0,95.0,4.4585016576302,4,307.71540394601584,22.514797670970417,360.9715185452555,23.4978202817348,13.064718314527413,NO
8.028052223572487,0.9233606780751149,18.262558736281374,0.7968349712861407,6.0,101.0,2.6176369407078197,25,667.4017993672512,20.41522140244397,397.15920894255777,26.769258987074792,13.037127591717312,NO
0.8460725179725518,35.862984940362004,6.566187374872481,1.0351497152350646,8.0,19.0,5.835399440840551,7,329.5939726345365,17.012691297095174,390.9173936968936,5.246855417431564,34.40351063206498,NO
1.2388669754990318,0.33676757900273796,9.440919014148552,0.5647072407053627,7.0,86.0,5.012562900753579,4,307.0229095620888,21.732728647803242,304.5093176439122,16.82309518535943,15.343922443176517,NO
1.3942310125837762,0.12272238659510673,11.192235134340734,0.6769322429523784,6.0,44.0,3.20174932879622,6,391.17910207343886,19.494011812874554,397.7796608069064,14.3553026230045,26.268111151717374,NO
2.6496839301116726,0.2414573571621541,6.435982266103997,1.6960410306993192,7.0,72.0,4.2593506705961195,9,307.76634892364626,18.93014209906879,390.1054350011863,5.049832745568194,31.859064313952736,NO
1.2872346184914674,0.16724436419810534,6.92668421949735,0.746228285407905,7.0,35.0,4.076687307126827,5,297.3259269307597,16.703579710098143,391.71826599762454,5.789852073567022,30.33858826662742,NO
0.9779277720871813,0.2838398528713786,22.809265435259636,1.1523375382838368,7.0,97.0,2.19352562658927,6,438.15438533307486,21.68162759469253,393.7674444590367,18.471764244030165,18.732470381123985,NO
0.8866641209804049,60.030659407527054,2.0625229997100343,1.6817241517521158,6.0,20.0,11.202578310750768,5,411.76081694789724,18.735677855437732,392.33463842816303,9.152444724340485,19.691651530383407,NO
2.979651311457125,0.15694604601106033,9.930739107576532,0.7483914140692067,6.0,54.0,4.174249983849128,4,305.8829703873718,18.90516689326927,397.7588615309347,6.549769036065183,22.655730499115812,NO
2.569721880355219,1.383230214433417,19.697253388584514,1.3858718435236592,6.0,101.0,3.2180749432134483,7,403.29701317840403,15.19826535756586,262.31698732369006,16.253998504457336,20.239334494144593,NO
3.563674216908603,0.08206146526940064,21.37755076729052,2.016280239863125,-1.0,93.0,2.8108080942512697,7,403.657931742635,15.429403514403235,240.44033546753892,9.877710049370913,25.36514319949211,NO
4.404236034599409,0.40177546420224125,19.418314595443334,0.8728913432855598,6.0,85.0,4.053398130080513,25,666.9971886666053,20.307820695753104,22.70143644146517,17.844915213784766,19.89734243154506,NO
0.32088268135559095,0.34523881196606904,27.323041629859915,1.9260448185209342,6.0,70.0,2.8190413028711157,3,188.47241230668655,19.925826611486492,390.9119597646988,14.632746617551888,22.243010739457155,NO
0.1491458980945472,0.2526953690094849,28.435555551234934,1.5465145128727367,6.0,84.0,2.168287726618401,5,711.5464985427077,21.37998955103602,398.2773344413312,14.277155213591461,21.145794299932838,NO
2.7628479904526975,1.6973371405124364,6.6232688270121525,1.8447110756087972,7.0,77.0,5.006852984592195,8,308.1207166443581,18.100823247780298,388.9889993737708,10.239564057738079,26.294217339676546,YES
2.9666235019040093,0.24652994533751305,20.284629000277903,1.7790520346536915,6.0,100.0,1.542849352430599,6,404.08961797117223,15.158884025815283,169.3831861151116,16.665738264872132,16.54068285341107,NO
0.48313461257227125,0.17344993658461133,4.062812173855316,1.184262051252937,7.0,67.0,3.4620158280211646,2,271.0033132009028,19.310945657308284,392.6780609807309,9.069492817497704,24.388689369867258,NO
0.9001584328224469,34.05283309390649,3.809403129032389,1.722762607717873,8.0,72.0,3.720214088619672,8,223.29024610453152,19.92330611803978,397.89684108550153,6.752485377620296,33.77603721333142,NO
1.2398484733262467,1.4204596935681624,11.169449380621435,0.9857571905650231,6.0,73.0,4.435338608864938,7,433.3605027180169,18.94026727638391,393.859586956951,13.630905694757882,22.225256435510925,NO
6.502395727389708,1.7276245358580766,19.02112530145034,1.733493494902075,7.0,97.0,2.658992450367255,24,667.4809967447477,21.06238963191168,398.00374579222915,20.56656345993331,14.137937995809342,NO
0.6933150393390584,76.41360539094397,3.468937286230472,4.029836871327643,7.0,22.0,5.691501217102171,4,252.89483892801636,18.62148225040558,396.54615300488916,5.155860047393138,32.05554907904712,NO
0.44290527173452315,1.4601203642637164,3.5191585148138604,1.408432069189402,8.0,87.0,3.7251425472447512,3,270.1191469428006,18.96616725686951,397.7717855272906,6.0097814818467885,24.853648756865425,NO
1.375498602113115,2.0023036966889904,12.059619296748615,2.9048084353477726,7.0,93.0,3.537157035230484,5,304.5801424961077,20.56264947272052,396.4930330995692,13.325736570989822,19.660349032228755,NO
0.9511600007660146,86.15125350567797,1.134066729342003,1.151656814037479,7.0,37.0,11.187138407474372,2,313.4094579918836,20.040997285241055,397.08582894960585,5.807924443546518,25.396411080079595,NO
0.2974710682444067,0.08291826709822674,5.647175163151241,1.1418352783083068,7.0,39.0,8.17402585329868,6,224.78074637634813,21.989314161823877,390.2283403595712,6.874370422449717,20.858472536486765,NO
0.34867330864784574,0.40902119338699716,4.585408492874999,1.1357119119500199,6.0,90.0,4.113667422091366,6,296.5584919706183,16.72244039207704,397.1629886402518,15.956580800950592,24.307287799397866,NO
0.6952666730203088,20.249914527915852,4.461082194468139,1.3862361043060178,9.0,90.0,2.7908800017260953,5,264.6344358472936,13.624268000043159,388.73891041235277,7.441855896404513,43.190784521263346,NO
0.8820102043062601,0.015670118826696514,6.543954457098268,1.5102109978777263,10.0,88.0,3.5472465246515767,9,308.69856411289146,18.184889360645297,387.680791291887,4.121539184058655,37.720919769638016,NO
0.6078185205290102,1.5849339002291956,11.265176372398422,0.8499173435675459,6.0,-2.0,2.9165097474974804,6,432.82226071617924,17.81385317535174,392.63392614822595,13.848271615099879,19.907230787501202,NO
0.18367291135150715,0.6035988344759934,10.583680067914257,1.1888766648808051,7.0,87.0,2.3270158576682656,7,384.9761479946454,21.470321264189916,388.7829637332184,14.389680605086912,21.169578205588614,NO
0.9019791357343304,0.8050809041056902,7.872324229761745,0.5405733313356333,7.0,44.0,6.800792979705501,6,287.15955696077305,19.68982441266304,397.37605466093595,13.5730696579851,22.570024350948632,NO
0.2328473857930909,30.55207628632897,6.534649740197821,1.138328244287292,7.0,53.0,7.1913516117324425,7,300.3862955226663,17.801938131827633,372.8647805355363,11.982418214621937,22.598395709397433,NO
0.6815623096174677,1.1857273631966063,15.18160507047351,2.4413371994306354,7.0,94.0,3.9771810666604863,6,277.19526413177414,16.96346839198625,393.82699081932105,11.551642755138879,24.810044367186002,YES
1.4497863354519085,20.00463679590876,4.068096736256339,0.9574994335599532,8.0,54.0,2.90505637851215,6,264.568855957381,13.031784129088578,390.457762348746,3.6164410423997166,44.47893541415758,NO
0.3039403705960456,25.43895222629505,5.288431562133918,1.0845636344725451,7.0,34.0,6.503851905737212,5,282.2197673978808,20.223205176764026,396.97344717226395,5.86665203152466,28.371918541678802,NO
0.22351958528976312,0.16813604432512308,26.957905085515517,1.3683987136177564,8.0,85.0,3.012147710620272,3,188.25072766315537,19.280213723231476,379.99500578796125,15.526098014007752,21.40110294832729,NO
8.504251520256823,0.1283971923184191,18.149152658455186,1.017094284729914,6.0,100.0,2.5925572195474533,25,666.4786134858674,21.629655890874577,394.7410221647406,21.84058850517479,10.480677455348644,NO
1.256564427349957,0.0004854027812769681,10.975898129440756,0.7086964941438292,7.0,8.0,6.233438896379302,5,305.64765586143176,19.241847279164,383.8219696691953,6.870584635931006,26.486990208974,NO
0.7957657070235672,0.5396903922302925,26.136833179322814,1.5875998308996604,7.0,71.0,2.8449174598400906,4,188.19966178231715,21.997590171848323,389.7450759371571,15.49248062706669,22.26586360408708,NO
0.3832086960626651,0.13213049814826755,12.50009038266094,1.055907123533077,7.0,82.0,4.446872611677282,2,273.47322265778513,21.534403510008527,397.5336788968786,8.691536019401939,12.298003047727121,NO
0.5103401122917615,1.6071129539558673,26.27814358580806,1.9204553585525592,6.0,71.0,2.8172150528599715,3,188.9018592676629,19.476640703270768,389.92048595915196,15.1839623522688,24.53083192119186,NO
1.717816986715732,0.3582777941968984,10.205424498843346,1.1552257358318325,7.0,83.0,3.5876348164879337,4,304.3438037594878,19.28487745166252,394.83340151779356,8.924226246267033,21.925267653576515,NO
5.366418224221179,0.41476633591403417,18.829830674372865,1.151954580592498,6.0,54.0,5.388336977023835,25,667.3893853478178,20.37915055239569,388.23322364003434,11.803550389385009,21.473572338011053,NO
0.1337694734335763,26.092592100121053,5.049176633931007,1.914423519840689,7.0,71.0,5.978302431966238,5,281.6088007975215,19.57270229842346,395.8613856273421,7.926212145912329,24.236770202497006,NO
1.4175977488382905,26.72666249743729,6.201765229520559,0.5102667329315125,8.0,44.0,8.293624116536233,9,284.1377538675707,19.97318206050972,395.648069760615,10.118715539848678,25.555553299936022,NO
0.47446801842870523,0.24183998222860278,14.165443386393896,1.468248613159604,6.0,82.0,3.9664840984951075,2,274.62419997755603,21.789063644883846,397.63894504052604,8.61836257947998,12.86108928566476,NO
0.4588501962223763,20.275232767168582,3.869704530723662,0.5600518874496986,8.0,51.0,6.835147168232487,6,216.38110047754472,15.47376256585722,377.80409579530715,4.073065824550278,46.38180469574232,YES
1.7918312594778927,75.273275026948,3.1727491017774954,1.5578210721005605,7.0,23.0,6.569936164441553,3,253.0339602181743,18.61647812071734,395.77974210367785,5.176757542010263,31.028025586560087,NO
1.6355585221951314,95.16932384492164,2.9377109469583207,2.070447106153444,8.0,15.0,8.698814029354345,3,402.51323163750806,17.60358343806367,384.6935796266175,5.2276951188592164,34.10833305928956,NO
8.665651710263283,2.0973544150678216,19.35046191629745,1.307593010544609,7.0,99.0,2.672244853244885,25,667.349840931597,20.847652863423512,304.8889375335881,22.88321208216047,13.796232514141419,NO
5.404396804020601,1.3003063387321232,18.259193081198195,1.2364208377503136,7.0,97.0,2.406298815287791,24,666.7354640320644,21.750710454764633,381.2397001458144,11.624966665614757,22.136549815006543,NO
3.4530846764946244,1.3905324608852407,20.913199228584933,1.3430125765534706,8.0,97.0,3.4714646789121115,6,403.0918243702696,15.304283508890267,370.27418692348164,4.011727148285389,50.04556211968833,NO
2.101335111134229,23.093336676301252,7.680583185683323,1.1576970374377018,7.0,18.0,7.860202187455807,7,331.59039676251183,19.166218342717045,394.573691680124,8.153054620474997,26.239357344660792,NO
0.6074410854762439,0.5908492852542577,6.506291497970784,1.458272950583297,8.0,59.0,6.213679058235201,5,225.00222335410027,21.309913845567333,398.26279535844594,9.638058450024625,20.132850803278306,NO
2.506824909740917,55.642808163064075,4.000601766774305,1.9827945937021139,8.0,28.0,6.469535904526531,5,370.506893573084,17.60652057187877,388.77627936484737,4.820818629319946,32.55960691824212,NO
0.5962097334469222,0.7697169363592901,22.262807732999022,2.049823814413798,7.0,95.0,2.4735540939629796,5,437.2443895912335,22.96540800624748,389.0558292399786,25.144235027840725,14.881609676949195,NO
0.27392340177633984,0.2677421118588401,9.76868597348159,3.4987999705023327,7.0,86.0,3.2039153876827813,6,384.55462593497543,21.0300545165549,73.79246833240558,11.945072714145017,18.88872023055058,NO
0.6347745204105946,0.5512075916786245,22.603962574070838,0.9530883303028257,7.0,94.0,3.3091784423279704,6,438.1596077491125,23.434663591480387,378.6291177682711,17.009142956906622,19.043831647483355,NO
0.37663819296979967,1.1366870932408313,26.102084641942476,0.7176613399382255,6.0,86.0,2.8970802035155376,2,188.4277338740401,19.158212718199294,379.02893631008624,15.022844080207445,20.67391356863455,NO
10.968863681776108,1.0474972456191058,18.947663950678194,1.3727503389847358,7.0,101.0,1.7366335398384096,25,666.892683213641,21.020887229769833,397.0001445817827,21.41548698641308,14.667281779949704,NO
5.8545251485725025,0.17486741284540674,18.939132486828058,1.7831123018735515,7.0,92.0,3.011722428811307,24,666.0979915825077,21.63952677770023,255.78460744866612,16.848206236542293,16.794617803495115,NO
1.7141206567113516,0.3485982699868437,13.606314646558632,1.1174617276762369,7.0,94.0,2.284161482896996,2,274.5059742386837,21.268255888545404,397.5044729019382,6.647641514442731,24.76094054308376,NO
0.6574979387759672,80.0236289648785,2.06951493208724,0.5446379093006505,6.0,20.0,11.223602479823565,6,334.31136416141726,23.226542252178575,376.1135196746769,6.858389680020746,21.62965883317418,NO
1.803926464569997,0.2581786699547522,19.792942492073657,1.6185849488729613,7.0,96.0,1.952297467254048,5,404.9281471287258,15.807612571709502,321.78532877937977,16.681284062193495,17.520266271366662,YES
0.6276711361975671,34.107592878401874,7.677456629487912,0.9878729741819601,8.0,18.0,6.567565154178868,9,329.1904877222273,16.356059000206724,391.8608277764954,5.420337503611222,33.656154751898875,NO
1.3097389044922854,60.17648381735379,4.109831235880481,2.243677167556867,7.0,11.0,7.088567649225497,1,266.39382079624284,16.22060775987603,393.8797556637935,6.366222822292102,31.29266960981047,NO
1.055321764793918,2.2803196769562613,9.461453976950386,1.104958365985676,7.0,80.0,3.189516019073063,6,385.526871699175,21.100537443081688,394.8937378503851,10.000104774000915,28.04228409880873,NO
0.9239699771832277,1.0657400303273141,7.154757441951073,2.7008459288898554,6.0,-2.0,4.460959792387873,9,307.86530235984645,17.917666561701733,378.8645051696517,11.077332246573665,25.911772873368896,NO
1.169243483566894,0.0165082490401452,22.357953369401496,1.8026044564071184,6.0,95.0,2.5285462841325135,5,437.8732425339823,21.588448686673456,397.9216383763468,18.826997964356188,14.966206970932076,NO
3.151477056645851,1.0226058592525178,4.780601372680023,1.1459347944930776,7.0,58.0,5.981419969673207,5,247.37884858406716,19.60150006142425,393.0175578925471,7.450759286757463,27.37640938901573,NO
2.383633856534696,0.5609228298493392,20.22443857500597,1.011099096874674,7.0,97.0,2.779963011028498,7,403.1098430272381,15.295672648806272,321.4896226177491,16.158858961265967,18.899795621539386,YES
1.2407410002875023,29.179738048599024,15.170761703722652,0.5140191806058932,7.0,54.0,4.304587774261559,4,270.98974214882946,19.024605741331722,395.6187902893762,8.36008472513068,25.456488524779513,NO
2.1432218608369586,0.23161083250324002,22.25512215887564,1.3895400252952201,7.0,95.0,2.6233557359632047,5,403.51558387865214,15.085910913629878,293.02533173963843,16.42040658765309,19.19272949892941,NO
2.331333537413606,0.633508267368517,21.447146223157354,1.2996947698860954,8.0,100.0,2.823678410886145,5,403.3689682909895,16.553667656710964,391.9544683924896,2.734112244616389,51.83230877127855,YES
1.2754176197000207,20.141542499584933,4.291593454758573,2.450012188291312,8.0,90.0,2.719872204884188,6,264.5119126735981,14.918909426420605,388.58280011444606,7.745232835018047,44.657045090808666,NO
0.7360103402492642,0.279328608356344,7.407811763367442,1.1662966047620207,6.0,96.0,7.417457459362717,4,234.07766712992586,18.14037514801279,397.2130038341309,30.972938191933014,14.464291499392628,NO
1.0288079228178781,80.52228516318922,1.7254263552438058,1.2123843267522292,8.0,38.0,7.336626461575155,4,330.0388653974363,13.35216632762605,354.80742200689355,10.178880318037521,31.67192237002305,NO
2.589078064716235,0.18304781584988888,14.145122785694284,1.441892098319419,7.0,47.0,5.928294593007855,6,398.88908640341134,19.846663709452045,384.5027871987901,9.807943048055378,21.611010864421363,NO
9.434752239725233,0.5363737150871335,18.59790185213304,1.441191410254779,6.0,90.0,2.3676427146912817,25,668.049360877331,20.713775832810448,348.5036712620364,9.64229439069472,50.19772733946036,YES
2.220221790409777,0.9414576590783971,3.6736681859310023,3.5700024481393187,7.0,88.0,3.4346890057389916,3,271.52379122111995,18.049051240020923,397.547519126334,6.065341610684381,25.378813279281896,NO
0.627805818845563,0.21879081312511606,4.876840402138184,1.829747117554552,7.0,56.0,5.002191891644777,3,249.14992303463583,19.32017524424538,392.9501550823635,7.2269850737034025,26.67801675752659,NO
2.582623413886602,0.25278484621668124,7.211363728400252,1.808507930563314,8.0,89.0,3.6148214093825604,10,308.3091641728421,17.511624845028905,392.443192074738,10.4878627744951,26.80607322668316,YES
10.312450232372964,1.1073624847891175,18.46074929451266,2.555724158533838,7.0,97.0,3.19602955531729,24,666.8275519928982,20.495773849102683,386.3064911040774,20.16219387025976,17.26432939865853,NO
1.2594480709181537,12.647426312789284,8.391133891376002,1.6329295665440853,8.0,96.0,6.170338241478968,6,311.349866661415,16.578970323435623,397.67776084910594,19.25405487202776,28.088856085872976,NO
1.283731111391515,55.993157485353215,4.743725534778888,0.6261921735947669,9.0,56.0,6.064483230483158,6,370.08324268553963,18.386560044906666,397.0442375129428,7.368151393105076,24.41045865452737,NO
2.4146436957094917,0.9348561906324055,9.353330088557556,1.335964727364014,8.0,92.0,4.577505310584739,4,307.3066911805531,21.339177326549134,398.2788465088497,19.854874438102563,15.262920953627788,NO
1.7184939062656874,24.92193253509889,7.469518943363953,0.9161086487835188,7.0,9.0,8.667883148492672,9,331.81576804591026,19.852635055379793,378.47690886351916,4.669876245009985,25.59643080628335,NO
4.798100943868042,0.8272380984843033,18.17526122839892,0.5954984760499765,7.0,77.0,4.211412477398427,25,666.3014971600867,22.1686516066696,394.1822836287915,16.721036426165938,23.344515314036844,NO
4.0840295293826285,0.2931164357840461,19.907097487283473,1.5088418169749969,8.0,83.0,2.200526886384055,5,404.4080222492776,15.126728709972172,88.69545225066665,15.433853217780582,16.087188777022792,YES
0.42430586336751563,34.38248658583267,6.454767027164977,1.4105800725392974,8.0,18.0,6.8144197665921435,8,329.3078188976513,16.829303305149146,391.46151903739934,6.799111405994055,33.67447145372523,NO
6.274694653262319,1.1874270647764258,18.301706310663043,1.0546475018307029,7.0,83.0,2.758839979162249,27,666.1310854558878,20.538507924843785,379.5599500778098,19.528283261067866,23.284089100332093,NO
0.6207997936756403,0.1336467056494531,15.289543361590686,0.7169660353402907,7.0,51.0,7.337572619483776,4,290.7310406452383,16.160904689500068,393.3034843302802,8.153909630678594,27.648474368939112,NO
1.840461362422102,3.4814358861436987,23.18982383527448,1.8869431733046969,7.0,-2.0,3.7236632347121486,4,437.0205727893146,21.38366549226011,386.10266108497115,12.370916548641755,23.159246834566307,NO
1.542496078081209,1.0679713508516906,10.136412170038444,1.494843842639529,7.0,60.0,4.955408197900676,5,304.18481328972376,18.5855717970354,397.3503439925746,13.73450405932935,22.161836085327597,NO
1.4329463125994748,0.3076307648027051,10.916715289181946,2.2774379814141654,7.0,7.0,6.073851372437109,6,305.39915006921893,19.82352085318542,379.01696776634066,8.26127252624513,24.17471742824768,NO
1.31321363706727,1.0256052498518495,9.023593273018443,3.08587441232229,7.0,97.0,3.338127394966302,6,384.62924347081486,20.98423364242864,395.51477632206,12.312336041167285,20.13290602523275,NO
1.4739921731032992,60.586014983067166,3.0609989197566025,1.105984643214776,8.0,11.0,7.341003593668495,2,265.6089146019696,15.758546319204253,394.9856236985165,5.778445751069234,32.6590634127482,NO
0.7576789866764708,40.882596759013126,8.67243769309646,2.013028584328607,9.0,49.0,5.552198006989961,5,254.02306766996438,18.582211057136927,390.0420551796081,6.582217677385704,35.679424625610096,YES
0.5282051159376928,35.69629181652702,6.883819266977375,2.718905619924033,8.0,40.0,5.970126619225975,7,329.95614721852337,16.212882516170204,396.88585604866273,10.29278172679512,22.40749358307543,UNKNOWN
1.8321103154911127,0.6379998641135084,11.679228646591495,1.0106884407478838,7.0,54.0,4.622598603964807,5,279.62323643619357,18.828144456473712,391.1519972521387,17.316980544335976,22.928236921930978,YES
0.9072976643213349,0.2616044101474585,11.195351541679639,0.6341402454574656,6.0,43.0,5.00104503410742,6,277.31752200805835,18.663563447676076,396.3140916746061,10.33724400185992,26.458675751362485,NO
0.8703214832711968,0.26854105582528787,3.1916654143309495,1.269339585806666,9.0,63.0,3.7606872382453354,2,277.02452519639115,19.514008583560422,398.3225108311813,7.2798817574735235,34.46288806150644,NO
0.9167428918596301,97.2368308831054,1.816600048853227,1.2484029377767736,7.0,17.0,9.432005214626974,4,402.08314262283466,18.331923707338717,397.6565726851621,4.573998694041528,35.25072354774309,NO
1.195686525541212,0.20882274970416928,7.110032382247606,1.2546595836766534,7.0,82.0,3.801883349855192,9,308.07576004890586,17.47424010384994,373.3094012921677,8.488232654061585,33.73000601768916,NO
3.568024243579552,0.8295900853057502,19.794829481632828,0.9590541130129637,7.0,96.0,2.5006835273476433,6,403.1758086620398,15.094793289456742,330.398994585674,12.007603001294708,22.801358307010027,NO
1.5809818543557919,0.5061896115117436,9.956062433608666,1.1440793824980169,7.0,88.0,5.07877967329403,6,307.33070253095985,21.46118992914252,381.2801225592195,12.870718328984232,22.092379232158542,NO
3.628856448167789,0.06371475746834335,20.24940504463732,1.1565518762557454,7.0,94.0,3.6945009131683224,6,404.34070717837096,14.978755543047042,396.4986222920922,12.223010050013848,23.310916453083415,NO
1.271666474237784,1.261602166111141,6.011472931529377,2.3582928879611775,6.0,39.0,5.203884353486684,6,224.86754808794853,20.274365380911483,396.2732521361017,8.824719245831549,21.634885066430297,NO
0.28086345677923885,0.7067568452749766,10.201855261002233,1.4459935731785563,7.0,85.0,3.2414709101000296,6,433.391578286582,18.35770439082328,395.9053654234311,11.227971669818832,19.435889946860332,NO
8.85169994331788,0.21090854602502285,18.38326451895435,1.1674118637028827,7.0,100.0,1.9366448171215966,25,666.6546194203229,21.867067606446355,397.1378819991307,26.61896808303144,12.563289594509774,NO
0.15559329290421398,1.6924082884645548,10.946538234624814,1.2614608427517529,6.0,74.0,2.6573866098315584,7,434.23919986769766,20.34018343458553,338.98615665606144,15.629751692864302,20.958204248693214,NO
0.46222502569338714,12.963221754724044,9.032050548280026,1.4592484817551328,7.0,67.0,6.926276293851522,5,311.35176809319086,16.67250002771389,395.8699811814524,12.774681450750968,25.010099440228,NO
1.1224389789962472,85.52070852467071,4.851382532816162,1.001088654273783,7.0,28.0,10.193423274479166,5,351.16853535322457,18.020642560883076,393.0498696560305,7.426568241597441,23.257732982005805,NO
7.891926021292842,0.26578988637174034,18.539406264999293,2.2303195748556126,6.0,99.0,3.266368562126901,26,666.0930895119208,20.59462429382866,393.88038846792733,21.18679900720692,8.678382377628509,NO
0.6392468977673686,85.59067221963035,1.0091282342370937,2.0641931077005373,8.0,37.0,9.530324991150641,3,314.85060582912064,18.2582968365005,397.0382790174577,6.861624831464993,24.73029825010687,NO
2.173575318313431,1.3346110698135767,21.555632503696433,1.0826046788893096,8.0,101.0,2.3034767743494804,6,403.8546721514084,15.240623159815003,355.7862608440111,8.951124336953473,26.40738254555792,NO
8.308831107837724,0.11819867794453319,18.466307658547663,0.6482002729986104,7.0,99.0,5.203986978271792,25,667.9740957777697,20.294990642874374,315.6397064364481,26.895029764039332,18.242026663587442,NO
0.17769710088821664,1.3444538139577245,13.516273442849522,0.7394491200150188,7.0,-2.0,2.845631473616391,7,433.1215678234797,18.260990909655415,389.02131701403493,10.498744150908596,19.060807870398317,NO
0.9595738724953832,0.503469628061719,8.261574683357056,1.4051980324844418,6.0,29.0,6.450149738290252,6,287.319431236649,20.04562847538505,396.9052843511339,6.34262972492734,23.43069740347602,NO
0.5999735630215426,1.149353229274789,9.911099236279158,1.3946289720939502,7.0,84.0,4.869901569092717,4,305.06691089551646,18.468780918350905,394.5129386181861,8.763148635874067,23.604895337077892,NO
0.2788420947771032,95.85622770789516,1.622115162785315,0.5543463148618015,7.0,16.0,8.909914154355857,6,402.34406927900466,17.1692631822203,397.65553700111707,4.944888727691989,35.202329520688956,NO
2.2303971717802495,0.8718463739345059,8.603650432293994,0.9896405892530572,8.0,97.0,4.182705786125947,4,307.67517009345113,21.558959991271642,248.62409095347377,20.74947748656532,13.716313454114704,NO
0.2918906802522109,0.6458079508847382,13.154814581684242,2.262520150830586,6.0,6.0,4.983782433266825,5,400.21694637831246,18.781637266009614,395.5701225610109,7.1333086972846695,24.50430095710838,NO
1.0343634862164561,20.600556304505904,4.794381160277436,1.007643435134474,7.0,33.0,5.673341254571808,5,217.1099003548288,17.142408748291224,398.57959930135587,5.618563949455188,35.59324512492485,NO
5.318806715827793,0.18656020243277854,19.273825769608965,1.180045786885911,7.0,96.0,3.2970630810669883,26,666.5411332449996,21.483089040752002,332.7132054037607,21.43474028361282,19.374955030016018,NO
0.5034570299460916,0.9177747177463267,11.919764503093681,2.159420352215076,7.0,7.0,6.410140618004212,6,306.5833018451073,19.840322771335046,384.5194007871067,6.824896837249847,24.740453349137017,NO
0.46743432066153734,0.37478967972785376,10.59343211376361,0.9878836658835286,7.0,22.0,4.447689579799652,4,278.2114764914206,18.723896500874154,397.4493494818714,11.291621461377149,22.90832229206154,NO
5.242521236438681,0.5225539323230944,19.111352312220717,1.2558033226560743,7.0,89.0,4.755757730486502,25,667.0007717290274,21.63461832186698,392.15295410712963,16.22666307749884,18.667625581450398,NO
0.31229177147979503,0.0056367034007362175,2.817727940537985,1.3018918996509594,7.0,59.0,3.102101942294607,3,194.22492876328627,20.483060232959975,397.48762358459607,5.082836912404127,37.46124731956375,NO
1.246096199422438,28.24728285428272,15.608203905411509,0.5431695109868702,6.0,79.0,4.668615451764621,4,270.78284843069116,18.22266427305743,398.1231930106854,10.996896288943965,21.62532890507228,NO
0.7845819398443856,1.088690804421194,6.514694029377198,1.1449045809381264,7.0,92.0,3.56920467826644,9,308.0535988886286,17.424284235972465,395.6586398206314,23.00843013889302,22.04552174155752,YES
2.789148429289965,1.1071974754523917,5.100687443861339,1.8632130365435646,9.0,56.0,5.038529531896471,5,247.4619611112792,19.015220389265842,392.4777437655605,7.185838836335935,27.215074291978567,NO
0.3744832389692806,13.204801311902855,8.06105010582325,1.7728965341794787,7.0,100.0,6.776742524563736,6,311.7156105451204,16.58560193107168,388.07115835384263,29.93699793413135,16.61880850049392,NO
2.9865361446836527,0.7660324810816639,20.290659261517742,1.0095526686460794,6.0,96.0,2.130777857017189,5,403.5510959251632,15.017987856504817,358.0081526345949,29.031533687266382,19.458627763881648,NO
1.0874679834851624,61.409349581181374,3.805560709535988,2.137870695800084,8.0,10.0,8.066135153737054,2,265.5017861593535,16.759116214664083,394.7261827980576,6.076365825402897,32.060613103081636,NO
4.022443777060639,2.537411109426299,18.8597511559138,1.8551603182398335,7.0,91.0,2.3750601595576604,24,666.0542072117026,20.771002335037085,351.11197443975874,15.780473765269607,19.993440810611695,NO
1.1820021405096075,22.364621168687215,5.676697020690601,2.0051478654026726,6.0,22.0,7.560778346159033,6,243.52964739710976,18.512458010949796,397.7068538173406,8.663398277440097,24.021627979183105,NO
1.9805777715413497,0.22973520941302375,25.663138668396595,0.6262327168777153,7.0,71.0,2.5784617616343466,2,188.38221219840176,19.745384668976428,391.5223854412475,14.922205043861778,22.248299225766115,NO
1.7216332068662308,81.74600977552493,4.074300817608883,1.495313340865212,8.0,30.0,8.509875961570664,4,280.8140116771492,18.38371164699038,391.5039197543995,6.1120345194031405,26.078549895442368,NO
1.6886340911069562,0.035935485221666646,14.483510590696692,2.874590810899991,8.0,85.0,3.5630015669076154,5,276.91919626990534,17.57336805306026,393.39039754015846,10.151916464860916,29.985265254170347,NO
3.858351368998427,1.2116816323587294,19.460641352007645,1.4307880603373349,7.0,92.0,3.9828716787739724,24,666.1546077153338,21.987069538495856,351.2764740379666,14.516873079195985,21.892236099598982,NO
0.02535562715741137,85.67857522559352,4.644762385118939,1.4652503313319094,7.0,28.0,9.339898070984006,5,351.16859276420234,18.44799825544147,393.6300193929933,6.840682913986472,24.75455060558143,NO
1.1945418393111746,0.3888220883486835,5.721508092318418,1.5529393129516507,7.0,59.0,5.1971716191110655,5,224.19287160921897,20.604373169198478,397.40262617269025,9.755383256069875,19.289193327701454,NO
9.789677812121276,0.6826833172966119,18.337089688053883,0.8196216979146642,7.0,98.0,2.942251528648341,25,667.0628000583062,22.002158079641145,378.7279383818224,18.77495435391419,18.734354975436954,YES
3.020526977696161,0.7331480006555496,7.888826467335937,2.3680697100670134,6.0,52.0,5.674254475870113,6,287.017995607124,20.676314889941345,397.990124103075,8.239457851709542,24.292036032491595,NO
0.5585734453564362,1.7737704108577337,8.318024366257065,0.6801575261470514,8.0,8.0,6.6083252727481705,5,234.01699357207553,17.904705271133267,395.12363769883933,8.67953470813287,24.91020212818452,NO
1.4206721964242646,0.0160110418549656,7.6972264477473535,0.8514612240745348,7.0,8.0,6.554248865214383,4,233.20774978294935,18.66180209375511,395.13290677782567,7.497888336221416,24.88620532227778,NO
1.9463725375798706,0.7537137531315309,8.177399056567353,1.2784702784417437,7.0,92.0,4.673303092276976,4,309.0264502505674,21.716860537235757,397.78249677748437,20.548388596743056,15.639264526529542,NO
2.3454346904033256,0.2905291476954326,8.42939435423682,1.1061974514010653,6.0,95.0,6.182479320307457,6,308.8169490924149,21.38531144839358,361.4728301927681,23.20535986779625,14.624171339950369,NO
0.7254883803682739,84.31631774765272,2.8576025550672215,1.4663037407638324,7.0,38.0,6.903100760610872,2,349.53143562045557,17.278901089552253,394.3620005279213,7.508200021596736,24.566464476981334,NO
1.1334416400378298,0.001429979437367072,12.245423079395529,1.8502851976075378,7.0,81.0,2.8823873006596465,1,274.0450830438269,21.89934490296981,396.97508774465047,7.921178909834743,13.028282536824873,NO
0.325721365165803,31.711990322131676,6.89067049039005,0.5955691124219054,7.0,54.0,7.917623176197523,6,301.28426726494865,16.986226329979505,391.6994195609308,12.476469566881669,23.221385356711124,NO
1.9038995569004693,0.08338183445300541,25.979429696446893,0.7139416724466132,6.0,84.0,2.5468786012248046,2,188.90617757286287,19.792432308311305,378.67340396333935,14.94830584077173,20.478421579694647,NO
0.9336100901330067,0.6276686664603237,13.91434708076538,1.6648806404670249,7.0,45.0,6.67662579031163,5,398.2810763039674,18.967128111098457,385.1035426583508,9.80805482660552,22.0071913676691,NO
0.861269645936243,22.195533217814464,8.08208442731085,0.700838807160223,-1.0,10.0,9.192227094012573,8,331.00204810192486,20.08226622050901,397.0415088293339,5.169528690599408,43.54015870376925,NO
0.9757987991419764,96.28581882296508,4.0594918605659425,1.4503978910014639,9.0,32.0,5.6377415813198635,4,224.6652121726678,15.701043207098946,392.1000408894044,2.922442316198193,51.104165365943196,NO
1.868631696745922,0.1749296064094606,9.991204274492304,1.5594194428903783,6.0,74.0,3.954614728063622,7,392.5833003144197,20.07733900675594,395.97795814088505,16.23468481424311,19.84108652451326,NO
0.5667257642295728,0.5178052753259947,13.702243026758126,2.066497694779633,6.0,6.0,5.60569440437685,5,399.07530324768294,19.3159903051145,396.82534665950567,6.988017415490077,24.621883149430477,NO
4.425291029909177,0.3171558268169499,19.623773763200198,2.50910733153529,-1.0,93.0,3.8307246137734463,5,404.6497119855609,14.76486213806733,242.40948078254874,10.57031649486857,25.300407109326926,NO
8.879282830786899,0.15259117087903387,18.357810785069418,1.8000633479425034,7.0,88.0,2.5915008096131134,27,667.3708366730024,20.53446997852216,83.49116894762865,17.658841594386814,15.909406053362739,NO
0.7359091256779415,0.7477627277097113,12.90240122482775,0.642499860380095,7.0,46.0,4.639672698647204,8,398.7334696042918,20.91744341740956,383.38000311604446,8.940377284503988,21.87749319087447,NO
1.4348199243177404,30.122083220395222,5.247480569691021,0.4622741177193939,7.0,65.0,6.764048729283803,7,300.2522741884205,16.951799632645233,395.680485315887,13.525482139089098,21.33536985012286,NO
0.691224821683884,22.358800041065194,5.886851168909663,0.925859686892123,7.0,14.0,7.43625847096071,9,331.61309813061354,19.530220310170783,397.0270766112421,7.6640068030661155,25.730501248582655,NO
1.926868208352317,0.9571357913307669,21.509425102364897,1.2721737716346908,8.0,92.0,3.0399704707081483,7,403.8486786500979,16.291505916989806,374.72914839165844,2.905254353768778,50.76479851393256,NO
1.93283214793682,20.4962666362067,4.668458696069645,1.5976689631792653,8.0,100.0,2.6870165194554425,7,264.38607956771614,13.21297305213054,392.0342076201719,7.428206399284443,30.26572413935304,NO
5.115253566365919,0.6906903961735676,20.600627070256735,0.9507208799666405,6.0,93.0,3.157086115141451,25,666.5208328947496,20.738844109867113,385.8027235646175,18.974492344885363,16.57025643713815,NO
0.5538291865562336,46.0304128569868,3.8794467044619845,1.3556651877807484,7.0,22.0,6.799755337032301,5,398.4269290844939,16.090365367545377,377.74465619826236,5.583245151499997,37.45731909887852,NO
0.1524591928516566,60.04926760462287,2.2655914869824074,0.8795968936507625,6.0,19.0,12.204730641971539,4,411.7777680956378,18.89739077710176,393.5003480687617,9.009983894926807,19.75384239485964,NO
4.263844675391998,1.8084149609927174,19.784543521410487,1.6890330614206324,5.0,96.0,2.7199989219613983,25,666.1822136162846,21.849470451517426,381.39921510581905,10.43979147981819,21.01511807171825,NO
2.475427136090725,20.19785131811111,4.005924141466193,1.1613159149045447,8.0,50.0,5.401321612048122,6,216.53941142985786,15.27215013783505,377.2883777621866,3.788008685347513,47.549868369351564,YES
0.8900341384205552,0.9892298058469684,2.485689394205766,1.4551689808930464,6.0,91.0,3.0823861874638916,3,193.2514476892927,18.578633443538635,393.0614728292641,14.380450559502677,26.911984717570224,NO
0.7193214943516624,1.2005993096497691,12.187605213914274,1.4186720108257054,8.0,9.0,7.33198660653458,5,305.87502063931476,20.364064707573707,391.3454559898775,5.701389245358003,23.120477274737304,NO
1.23143375162163,0.47429527700542434,7.315734169463439,1.580087190193804,6.0,60.0,7.138457532065638,7,226.64266383003843,20.895568896995282,395.5649430621336,11.153545383288785,19.557562179751123,NO
10.282593619573266,0.14824585488625217,19.328692405826885,0.8041776270852105,7.0,101.0,2.069107228324976,24,666.6641277833145,20.303061564018655,366.627326653443,9.554928314079167,50.59860819195397,NO
9.799879978399305,0.5351441295033895,18.587582628714795,2.472469802518746,7.0,95.0,3.6525346016150335,25,666.3072869369933,22.217546870459795,8.619723845811794,19.858179911169227,15.825993953673168,NO
5.913382438276719,0.1910935449542922,19.247698788331842,1.296388500670246,7.0,83.0,2.38814838596133,27,666.2976842493641,20.631973682126816,380.1752319398296,19.88962429079908,24.709689604679635,NO
0.6061001647227495,22.02476188031729,6.351716410960957,0.5038031376591753,7.0,22.0,8.037128846014195,7,243.35890902539396,17.58264653217887,397.93325758564026,5.938381480240726,25.745738167433807,NO
4.730995451390628,0.31669001833913335,18.314212968145764,2.480828697449058,8.0,95.0,3.526831647306903,24,666.4220661728912,20.43591680756836,332.118533171489,23.046917852920053,19.293080937744488,NO
1.6350019142143706,12.89212837508824,7.992772498552957,3.3518858521235355,6.0,68.0,6.306855236964666,7,312.20381715375635,15.222390945174922,395.68520754950407,13.976215740293112,23.444437203759033,NO
1.9547495788050364,70.62159562239127,2.5745162361584955,1.1776707183846395,7.0,10.0,8.80560719759051,5,359.170646844822,15.370368959785242,373.9724705028858,6.287183852183468,29.046394727578654,NO
1.1689409136717788,80.9391730894691,5.640860883809074,1.8506000533355942,8.0,29.0,5.313751237042679,6,245.20413316754642,19.277950655274662,397.60832914517886,4.144207207532352,37.562531233232825,NO
4.039858465701328,0.08077656048454548,20.12922963992115,2.8108453763209456,7.0,97.0,3.560495648572865,7,404.2878317911126,16.0984476003922,298.6356750669737,11.176817084135273,25.63849630183926,NO
0.2397614569192125,12.99812785696325,6.853535987228841,0.49611588461973155,6.0,22.0,6.980383307667929,6,345.3552536891552,20.443156016147192,396.6301420584359,8.547384492345193,22.788994767032037,NO
9.542361139643942,0.6320702779573782,18.32097986043014,2.9590120492975416,6.0,100.0,2.6366829433800794,24,666.4450673269888,21.368117590955606,367.684767000796,9.686985180786554,50.5719048140412,NO
0.23704002953258246,0.20297324557765112,3.277158500749527,1.0043947517233658,8.0,93.0,3.194275916072782,3,194.61186621541103,18.44978074251172,394.2361100298976,4.84624590107484,38.20527046510881,NO
0.08039752838433419,0.7457376503550452,14.502114659437362,1.762915901188182,8.0,86.0,4.120220527844545,7,276.37890685559364,16.725431727847077,393.29910779851167,11.151985803053998,29.793246210187142,NO
3.648558111754036,1.42790375693963,19.63659932925427,2.8440372971740486,7.0,97.0,1.7183256137142775,7,403.6083548599203,14.738129372032349,373.3900903268366,14.730006088822588,22.803648701046,NO
1.9522516105788754,1.2976698279009142,14.196918970785852,0.5513323997409705,8.0,94.0,3.2671648856216846,6,279.2574093710909,18.03864481673215,398.12741298827444,18.65112277293223,22.154184970527616,YES
1.4848932509794484,71.73421473082502,2.39671129693289,1.4230125113772414,8.0,11.0,9.429713265207615,7,358.33539395218025,15.120214238646314,371.76564590611525,5.05869260804894,30.951271259515885,NO
2.04014878126529,1.355663927000268,20.146099493029507,1.395888788681595,8.0,98.0,2.72675244849333,6,403.22895949749284,14.852480845910387,364.95378888479297,4.9601532434574365,42.32060436280029,NO
3.1541506016356653,0.24658175489876855,20.21644713233327,1.5395814566883188,6.0,101.0,1.9316006909897854,5,404.98176626250176,15.85714611977499,169.55127684893455,17.49176197543809,15.902811749333846,NO
0.7489774498652056,0.014544478357993574,5.34847291364844,1.084431373419649,8.0,39.0,6.520129404570539,6,225.34984721854238,20.842334532369275,390.0864178325326,8.135665686813912,21.48233885475825,NO
2.448340378757183,1.3940775981499356,20.058836975777513,1.8567112848822505,7.0,100.0,1.9168112442740075,6,403.1626257981178,15.25315878016959,343.4469388881445,14.119822608878032,19.66923680216213,NO
2.067278074768963,1.010014372103889,10.032014530171436,2.2094309046973732,8.0,83.0,2.9715093165804967,6,432.5381518914551,18.34508983890695,395.7352330841918,10.761762630612099,22.813127930873982,NO
1.4994137333058801,95.81909143008416,3.3234790974805377,1.4021298956438508,8.0,33.0,5.129969525852539,4,224.3966733565619,15.25584160629925,394.7942228917651,5.795422218456939,49.09829986261224,NO
1.2312332489562168,54.09904921313276,6.526998204155918,2.8477782143964108,7.0,23.0,7.980938049707879,7,293.11942167439616,17.697931645679542,372.1305201654882,10.648946090846383,25.49882192856223,NO
0.9362750255893072,1.3022564825042873,8.806001287093913,1.55818765186557,7.0,95.0,5.271350748318811,4,307.87073560858147,22.17389929257572,394.66253505750007,17.607427578124902,16.395004915402602,NO
0.754035563996869,0.7854249031346826,21.89838185474291,1.3442382689587453,7.0,100.0,1.986226133838565,6,437.9403601365054,22.69027983181471,394.9945030684379,14.652718309955098,18.08628517355656,NO
0.7837713785041661,31.119992694845294,6.143868432314122,1.7386271039455368,8.0,66.0,7.9041538552790875,6,300.283588133879,17.738499600301427,394.8850922161015,13.619383964879756,21.02654484370481,NO
0.30523562946074045,0.0642398913380689,2.780340944679938,1.9223752749223402,8.0,84.0,3.501600282618736,4,193.74645673121236,18.457685760809596,396.49011900588977,8.291729314770288,40.0614150715518,NO
0.4330884926840197,0.9374199052555637,7.692421722132491,0.8147040325714731,6.0,40.0,6.020729852692803,3,233.44654318099674,18.255566363137135,390.7629221228997,10.390395095321423,21.25721512150341,NO
0.6491773133348199,1.5687829679757594,5.325911101240726,0.9570733721255353,7.0,60.0,5.726570972838635,6,224.3458853805112,21.147013040699743,395.6743113329459,12.001008813806305,18.83821312121134,NO
1.53554770156015,0.04063209879924204,23.680714061704943,2.3054076582104783,7.0,99.0,2.305399227859346,4,437.82888962165845,23.60607735531644,396.2379230483225,19.130184571732528,19.428124993790338,NO
0.20613780578817104,26.43749673180854,6.359575331335396,2.1642751337831694,6.0,66.0,8.117443549264847,8,284.2234420676333,21.6290120133707,395.1526339390336,13.307083043325305,18.776481388205674,NO
0.5192709456521178,1.5424193769483152,6.528448329204721,1.4112104154545404,7.0,22.0,3.728002287347208,9,307.1205678885893,17.813950279925937,382.91927390551837,5.604906650721652,33.2412621814848,NO
0.18101563773825527,0.4926710542699488,3.513181220411775,2.9574862425803943,6.0,90.0,3.1936775848870385,5,193.47175778786877,19.133712523579653,391.80247233911246,16.215868190919938,26.831330435594978,NO
0.21984603457029583,32.82127759279448,5.526072167102489,3.0282997344650138,7.0,43.0,7.398296157759081,6,300.9420301610581,17.285325401080968,383.98632400987304,8.428131234420624,23.881773395647887,NO
1.3753200288298446,34.278636742238504,4.359940853479329,0.5347943854178357,7.0,42.0,4.330092839133262,7,223.31201252124134,18.89925582552058,394.49772293867085,7.235986316280179,36.71023243895775,NO
2.419899573969177,0.4198057981068382,8.35849334177927,1.8766143708608027,6.0,83.0,5.374750595054456,5,308.6839423941123,23.152243792069076,233.40234263411745,28.28928876810666,14.861781262580939,NO
1.2096066881160075,0.8322613537756477,12.045175237774838,1.1578015191164166,8.0,34.0,4.586061072717451,5,277.71987073071824,19.060224038352512,386.43205674331966,10.320318303526841,28.563571959008282,NO
8.626152313596911,0.2647563119520885,18.486141167043378,1.7437192753735782,7.0,81.0,3.128194029316104,25,666.4079973167547,21.078946417339335,3.5317432850668586,18.307184641527762,14.810842007245222,NO
2.1019826026500366,13.650458986158997,8.49031216540254,2.057549675627201,8.0,95.0,7.349037156654575,5,312.147337911262,15.372084873082436,393.31156115576596,20.528524586791864,15.724939275212993,NO
2.2427750304799194,0.6384039847754446,11.812117674641444,1.0569954592897206,7.0,59.0,4.013758991373485,5,304.9961239363122,20.135058691132752,397.70581494113065,12.848043037057248,21.356362657838297,NO
4.07269159339717,0.8955663347546591,19.52323911024635,0.9771442321308546,6.0,91.0,2.8995409182509935,24,666.709766073746,20.260562252912255,391.3688759219797,13.768127883137943,21.802626710114392,YES
1.2482930948488726,0.20451622969652816,6.4392895791691345,1.6448225399257232,8.0,73.0,4.341655963498324,9,308.51983084527615,18.030184645373872,390.8669714393917,7.6192910374042935,32.36295021774165,NO
1.5690570714846837,0.5957884172873743,21.54832963386008,1.948863082661212,6.0,100.0,3.1501707182324052,8,404.0783716196836,15.391964182782727,354.3406822118803,8.527316827936046,24.43232710737406,NO
0.16799809800904988,81.27600619753228,1.5488549708442778,1.43219328398578,8.0,32.0,5.882280793912449,5,255.27228299153572,15.757160372549466,395.4121819004837,3.8612480810181444,50.29455507094152,NO
6.950704135951043,0.5533638131540084,19.126159582801854,0.7386129037925868,9.0,94.0,3.266298858443811,24,666.6530453836723,20.93472942296748,1.748577322246664,18.11316335889934,14.297428620529985,NO
1.1620513651816853,1.1306544720256344,8.657925639805223,2.0251441256964275,7.0,90.0,4.298853958898501,4,307.2699920812722,21.533175881307383,392.84357908262604,15.799114439194518,20.500481871261016,NO
3.3543100689679637,1.5943122582833316,8.94343800056363,2.6805318608649156,7.0,101.0,5.470259381618288,5,307.8975236046075,22.356578545143254,377.2578052757296,13.817712460187908,15.11559989062939,NO
2.7734958188168273,0.6389763519071556,20.295995845544518,1.1454726768456385,6.0,98.0,3.446894362768133,6,403.00780805190686,14.921497985039432,348.46464453289065,12.44915088890196,19.744932014102496,NO
0.22781879559950602,30.674376623196668,4.949076288364046,0.46882120740930366,7.0,20.0,7.215464684678784,6,300.4459796796068,17.44659319472753,380.03067912003587,7.08473840602681,24.529905717965377,NO
0.1628893508015754,1.3481865288270043,12.680442151161861,1.2896175840754345,8.0,91.0,2.8688020220900317,3,274.77593683470036,21.37703007454033,395.244775719275,7.452786784559986,22.15873342614886,NO
1.4727811012400878,0.3910457569931622,8.937372237866066,0.651653510439499,7.0,88.0,5.8934979820996585,5,307.2710996267023,21.43789997134355,381.0124135951919,13.105608844137153,21.202633834479673,NO
0.5855916259642551,0.015019602548297277,6.451680625993652,1.3325485505881598,8.0,72.0,5.05934858030866,9,307.49454058305884,18.11362304481913,378.9559535650854,4.964051982815615,49.108532282250096,NO
0.7968073998366447,92.3875290443043,2.2172907935468196,1.2692504766062402,8.0,24.0,10.116160510531508,7,226.3975415839294,18.113627649584377,396.4525726665893,5.276212970264207,36.69271813673782,NO
0.44228990028009485,41.66408215932552,6.766953819804041,0.9426007825257217,7.0,33.0,6.071290042778165,4,254.15978195441394,18.13517138838064,398.0226327611721,4.420613206027991,32.81487263092499,YES
0.7937558465294721,0.5746336088443601,10.949721665659611,1.3625757067396767,6.0,78.0,3.4670701217396167,5,304.9819521580887,19.605944438876655,397.12554806750916,10.782794867958994,22.64994692049307,NO
1.1807656776197648,76.05383534599393,3.3987975719209964,0.8555939384808448,9.0,16.0,5.523061062262744,4,252.65842254603862,18.567510387951774,396.72094291811175,2.875301445101396,35.364663754080496,NO
11.358930280186048,0.36378773198676423,18.219711961333623,0.9507752139679767,7.0,78.0,2.3880084351580235,24,667.4114569680138,20.463724402649596,338.82897297716227,32.34182625722342,6.736833634296268,NO
7.810371143352078,0.9906126686615971,18.696267598955117,0.758131502954982,6.0,99.0,2.648942110738205,25,666.664254194142,21.407593097742698,306.6337458756261,20.29714954636226,14.58413965236871,NO
1.4090597023194034,1.0794409967448906,22.604339970983855,0.6866905670292675,8.0,99.0,1.9503539550123887,6,437.48683192623497,22.121013345175353,395.0751957764969,15.060094952229065,17.43067952590618,NO
3.3684252920606568,0.612496220348634,21.22280337022326,0.7024173225037038,-1.0,93.0,2.7526830751515745,5,403.96494407662436,15.509835184801137,241.61718654402165,10.474123992972277,26.11995459875046,NO
1.3044142393216431,0.9485552089406918,27.800038651725163,1.665393695702416,6.0,94.0,3.35318459285614,6,714.6476219076086,20.316539016238135,395.7671905721958,19.412739311294782,16.721997628291426,NO
0.5412983580687776,12.52654758170901,8.05234266856231,1.33937458787491,9.0,68.0,6.31590700278982,7,311.797941274294,16.49291069815361,397.3328803626949,12.490490555617404,24.437752996768033,NO
0.957606426596074,1.1751392209937401,9.530576805703848,1.9186245601483667,7.0,98.0,2.4672697128121923,6,384.5998887516224,21.08866675333989,394.313030615287,17.590669993150403,20.65413553658002,NO
1.399126193948608,21.857383376676115,5.061547458775774,1.436171901552456,8.0,94.0,2.906717401750335,5,265.5054503803258,13.954216291797994,388.52598653668235,8.298001287613157,36.95013559994771,NO
5.7276696545620425,0.004999593113565166,19.000735420559806,0.7686714940738415,4.0,88.0,2.0534149038019454,24,666.8121608421591,21.58053539326491,355.00788968786253,8.023365809166751,28.205120462135746,NO
0.7168659184257375,55.694300351233586,4.3029492216422565,1.0471356528146474,8.0,31.0,8.316268318338718,7,370.2884860522965,18.33660617343953,388.3345376881923,5.428632088740107,32.953363641963406,NO
4.930777966939374,0.3045362714492954,19.62046370472899,1.351880657850493,6.0,100.0,2.529144667727302,5,403.3319433278259,16.777822364387287,397.1108319476538,27.360603277605826,15.929402186351446,NO
0.9270207820992227,0.4806039638090926,22.236081294866484,1.236523860200942,7.0,98.0,2.3777839974824637,4,439.50639820689463,22.363558455540154,394.0840855631447,15.141113262676832,18.365466832757793,NO
2.0982024460840396,53.575267477141274,7.289639794739545,0.9978113288147482,7.0,23.0,8.44707673688874,8,295.0519506094407,17.12607085514466,371.79618234164946,10.401499663608412,27.209271658080784,NO
10.517812217739257,0.16174947659249886,18.217313351374727,1.7145349874612736,7.0,100.0,2.6425916705852224,24,666.8733584187746,20.575257351049174,377.40193338372177,20.94921463575004,12.68099653669099,NO
2.557205863299442,2.2490097825587254,20.34518173867814,2.7461551975639837,7.0,95.0,2.499441759517389,5,403.85607902610934,14.856703596758184,89.44462887726323,17.960788913386256,14.047983615757808,NO
6.277272195520575,1.3737975333749457,18.120227135948063,1.6409235541631775,7.0,76.0,3.876547337993972,25,666.2228761598379,21.279098575335716,393.9081981344122,10.168151338453324,25.776302537115924,NO
0.8557830330363104,0.13430192247074396,8.298162356839676,0.9539652028271655,6.0,37.0,5.397531755372682,4,309.1021586489817,21.11221677013312,290.7420223321273,12.286925246317143,20.813026175787318,NO
0.9680748293534875,21.611417467551743,3.5917759630126325,0.4809178781000908,8.0,38.0,6.600732935045939,5,216.8367518682623,14.994050832885293,392.83846909795557,5.337747209693966,36.53630586203849,NO
1.5563181330617928,53.507883269678466,6.61645692476621,1.1755490549001726,6.0,32.0,8.239637139843037,7,293.5009102835831,17.182994453215972,397.0373396596894,7.159171602943338,25.006825340659088,NO
0.31870672512567316,1.2634086956460373,11.273611069267929,0.7675012781664645,7.0,93.0,4.63535577683769,4,304.5039762487694,18.58261463715045,396.4566888707403,11.771490598125313,20.05864488885396,NO
1.3390014024461456,80.50619613196113,2.174995199486145,1.3550943839595935,8.0,35.0,8.02660294156352,4,329.5764167130101,12.653737825046116,396.96585549482387,4.564092133766369,34.10078568985146,NO
5.7671738620142605,0.16010899242388849,19.961328982091658,1.7934814737280023,4.0,88.0,1.6180377616172033,26,666.7296192763747,20.21493689911698,355.01248797709195,7.352646121904841,28.757969504716325,NO
0.19107510561536595,40.41338997712624,2.289505330343826,0.7114953281566609,8.0,35.0,8.887493079193462,2,335.91633033620263,20.44491315843019,391.30567875987816,6.688886143418321,26.887508853190123,NO
0.4159265947064669,0.21772967006967278,5.277846676042332,1.787096993418213,7.0,46.0,5.129236746556218,6,224.63107233557366,21.006241782721666,398.1771257213279,10.525006391846022,19.08264264385141,NO
0.6849181810627154,0.5747923354596096,6.751798191325084,0.9457105718601895,9.0,74.0,4.864661641652475,9,307.78047485799857,17.41745169411135,386.01264418941014,4.1157104256795165,42.39572722644055,NO
2.0311858544047268,0.8948096437405937,8.410090526552452,0.8436361673188313,7.0,89.0,4.068608143177658,6,307.61554960954254,21.265666391533763,393.1340557320912,14.382922422313023,21.919025609763644,NO
4.819197844858549,0.6307966746703159,18.561290180768722,1.7505251248691955,7.0,85.0,4.285468578827091,26,666.9482594483278,22.024485808171093,398.8920357984512,16.31650304788851,20.796878336907913,NO
1.7787613925323296,34.20572444442167,7.59271580692665,0.6640804605005279,7.0,18.0,5.987573749133675,8,329.909316063916,16.345307018204426,391.2505120763279,6.073772011271921,33.88976155515777,NO
6.52021218446985,0.6326525951376554,18.42272842784555,0.6558862760309223,5.0,101.0,2.288069957041479,25,667.327206249647,20.972731204231557,377.32157343460784,3.9110860639221476,50.37396171482072,NO
9.665300330213636,2.238927316954362,19.251314007363504,1.3350579114846717,7.0,100.0,3.057030587033593,25,666.4347351269291,21.04949995985014,398.27577436620413,18.827813270765123,15.0039649287712,NO
0.06852022200719354,0.5997551701552248,3.920864945256216,1.4303372371604386,7.0,87.0,3.9846997601528806,2,270.37222257667713,19.447005133987485,397.0497301248459,7.099617758585922,23.973668981608434,NO
0.30128298499767814,25.55189178050336,5.23364920368669,1.6073613563679774,7.0,45.0,8.261164592189173,9,285.67786347309664,19.869415496539347,396.24721594608326,10.097899659242316,25.3485965270291,NO
1.0495569801254496,12.73989299040754,9.335672174755578,0.6332695014015887,7.0,40.0,6.2331576510041415,7,311.8875156949091,15.985019872532975,390.6264250312108,16.107678521043443,22.040886284383834,NO
1.033144687748719,0.9520227160882917,23.044390711842862,1.0665024262865737,7.0,100.0,3.41744133125958,6,438.11046066308154,21.382939481601746,394.6626149716822,14.724846909678783,17.681802888118376,NO
1.1174637796404288,0.4473672358197355,22.50573336470929,0.6536975657112876,7.0,99.0,2.881695013852067,6,437.92729951665444,22.16362689373999,397.68228326349765,19.966066086506654,19.74485725776294,NO
0.5991042385644025,1.1674126232093518,3.6714927282505982,0.8611314583116595,7.0,63.0,2.7755925104953545,4,193.75081838594346,18.33291543064783,397.273195672228,10.715141827851216,36.7245435047071,NO
1.847387507628965,1.0837164663432528,7.5968234921844155,0.595811866042669,6.0,34.0,5.199761841606796,3,234.2936568397257,18.535382984855147,397.56264823960305,10.885554192819168,20.39305034827182,NO
0.6178648712959236,0.6024058074583961,10.195972764850456,1.9888644870612007,7.0,66.0,3.399594145666259,7,391.5039378336765,19.57585790694754,398.4655185264786,13.332670490693236,22.220855565065577,NO
1.213088595373643,1.018323092153768,22.674385517557898,3.120076358660968,6.0,97.0,2.436638212082717,7,438.2819647380009,21.280500601020915,392.12626008100324,17.90966699694446,16.64105040990646,NO
1.1322202175637863,1.9631012398272423,10.144053909618776,0.5897498029461583,7.0,88.0,3.9357575460497305,5,304.47389498328334,18.630117765379822,396.05903500162765,9.327540309300616,24.22080240075152,NO
0.9453485934895903,29.119509142875412,16.743683650870445,0.7731022010818849,7.0,54.0,3.709361680000822,5,271.1879863713942,18.269315405323688,395.2421023098602,8.348711094474705,22.911119715795095,NO
0.37698978743754097,1.1531171467593044,22.990755059455445,0.7662191554489989,7.0,100.0,4.215799017928779,4,437.79557945855606,21.834135364143503,394.2131926254766,15.106584118876881,17.460710357347686,NO
0.28638774594980243,25.073589901953916,5.180579463633569,0.47356473192010967,7.0,33.0,6.2352917573814794,5,282.0137456343567,19.798099659516982,397.5503414133425,7.436348025372681,26.42182406567428,NO
8.531316147189685,0.8234216791065545,19.50697675836541,0.6438935176012605,-1.0,99.0,1.2430576774127402,25,666.1202158456941,21.452490375816957,392.07346032570734,3.0770213741683907,50.61750638944272,YES
2.5404116767668903,0.12171722639302533,20.668803020882358,1.160916855173882,6.0,80.0,3.7183798825725205,5,403.9684936163554,15.167997207341317,228.14535556982074,12.45168123099466,23.89551036095535,NO
0.5522428879994213,45.80567599513695,3.6071115049328193,0.6776682678483178,9.0,31.0,6.0085727772471005,6,399.6332379769881,17.177963137803758,383.90491776734234,6.901610758567143,30.449194834809717,NO
1.7898863934718237,0.35407837147601373,9.068939817733952,1.6189544299294416,8.0,29.0,4.674756068302314,4,307.92177981273977,23.265845409658354,387.6440812331085,7.238555484188053,23.157657477363138,NO
2.486268414550526,2.2179250346698143,22.03218878628209,0.7391647639252736,7.0,95.0,2.092036820046826,5,437.4965714481923,21.501624332294554,379.4990734126748,17.58123273485838,17.426756537238933,NO
6.1271953764227005,0.5071947065978962,19.455834753152335,1.7892516088305275,9.0,89.0,2.672113834871705,25,666.4152662792012,21.858163845371582,100.73206376336671,16.72648688470011,15.934767104179652,UNKNOWN
0.9821604666474719,20.276746431995026,5.08325790544221,0.819878689420778,9.0,54.0,3.6956462409057522,6,264.49051815368193,14.527194696496903,391.7099451007706,3.2014522086058244,45.43348671487547,NO
3.333539868593544,0.1420580583320272,19.30166508110305,0.60477140275215,6.0,42.0,5.733403286491814,26,666.5121312138248,20.362245800444935,370.96009667513044,14.289008182658833,21.696342985604016,NO
2.7223862475520364,0.8305906835534395,6.738369497443315,1.4716166468612846,7.0,68.0,5.172839870198816,9,308.7127576550117,17.537762209345253,360.913445275582,10.173297322554118,29.97366478967643,YES
1.1613199637712213,1.151449784327172,23.958440104438736,1.0784858144723282,7.0,99.0,3.745291464926533,5,437.8976194804251,21.387743932805584,394.9097209030829,19.05875616252201,19.170693268653743,NO
5.344252108569847,0.7659673497899026,18.63090846636319,0.8556012245460615,5.0,100.0,1.4437590951298442,25,666.5464137103947,20.383836573444842,375.6178813609837,4.240012190308855,50.9430944090926,NO
0.35744110437070725,0.902332864352943,26.412332902334864,1.9596336947642607,6.0,94.0,2.9507674713569925,3,188.62649458218758,19.64463377646817,378.8732614051396,18.548390051817304,20.542656584917246,NO
1.1998136286761796,0.038968790725283295,9.062636638308367,1.4187708372555092,7.0,98.0,2.981067995109305,6,384.1099446896661,21.025776043934147,397.0660796066539,12.841875097117898,20.301219565723144,NO
0.3123292927582174,61.05722978364608,2.5457540825010234,2.070517303924631,9.0,37.0,11.611146496770768,5,412.2916755199507,19.66884824817925,371.14422209523025,5.666818769005456,24.269978871343465,UNKNOWN
0.6049981434145714,0.6843589284178166,10.600325444158058,1.2167958806212473,6.0,-2.0,3.2844018875044005,6,432.3839218250227,17.925841063445663,392.43170292309674,14.145096175199404,19.667305576565802,NO
0.5556915297465659,0.35172994738745333,22.753054892769107,0.8502805094447196,9.0,99.0,2.4835824159779363,4,437.579536093877,21.898892285309866,396.24779463572446,12.89840639281413,20.63248629368481,NO
0.5901074569670854,1.1707505077386768,9.91393522190302,1.0151536206388818,7.0,43.0,3.0821274384030697,7,391.4105768227485,20.993039696546873,396.9643823818419,14.153485571714327,24.66052457095031,NO
0.6015328809071359,0.9272122883183463,5.555553714516654,1.2451099146460138,6.0,49.0,5.480294296543014,3,247.48982878008331,19.13079027159054,397.8615819540242,10.405130357728396,24.950764922705748,NO
0.8850152273033575,0.8881851704234097,7.780296911303917,1.5959687291538356,7.0,53.0,6.376819997976914,6,287.7864703155374,19.807742141815442,398.6916474698693,7.232495095866971,25.148079923045977,NO
1.2862139859891535,25.0309883503427,5.981734895128914,0.9956910617860757,7.0,44.0,8.58542976331038,8,284.9254738088515,20.50632377970031,397.2308409227379,10.06077666890481,25.07867945361544,NO
0.037410869190297215,84.52448559310542,2.245454497071283,0.7986977122418559,6.0,40.0,6.991937096324037,3,348.1720941058604,15.356076386410434,394.36821127425515,8.121319025795643,24.17763774288569,NO
9.976492710990984,0.2796482615523873,18.765500965503975,1.3227638504727337,7.0,101.0,2.3012473928158568,25,667.6253520236347,21.87305883219146,397.29881221633553,24.81125623806318,12.233575086836547,NO
2.1490793632202756,20.5691392142886,7.152299653338559,1.4835593737218846,7.0,60.0,4.718188003375416,4,223.3166719940743,18.622303045407477,395.4987263115751,8.043922111783234,24.42409830181597,NO
1.516628236342144,22.044773951897195,8.241515386100616,0.5843310267235782,7.0,81.0,8.157435192460552,9,330.42314450901796,20.22846858185407,376.3958592556385,10.897242106137575,20.526386850123558,NO
1.0760296517157786,0.4628821053493546,6.637327523970651,0.82193928256593,7.0,80.0,3.4615876977679667,9,307.2337009625362,17.82042449874486,372.2208113387146,7.339564596446837,33.58292201600417,NO
0.8421477920505397,0.4906235609388279,14.085277801660009,2.9336314568417055,8.0,19.0,6.202656499318691,4,289.57360606244794,16.35693750045275,397.47558982470514,9.744495455465124,24.681080328604942,NO
0.5178980374659785,0.5862444246319086,14.366679545524725,0.6431785546278505,7.0,51.0,7.703395957228187,5,289.69212913161243,16.195627155691344,393.2072909251501,8.38876185846337,28.05098921036945,NO
0.07813086203298455,1.3409943962496038,5.386954733724352,0.5350698320876505,7.0,48.0,5.169181638702583,5,247.7536212862127,18.609697290381856,396.9505404920685,10.177622784769996,24.55952232104472,NO
0.9517651622596476,0.4596355861007439,8.308428118865884,1.1520018424341618,7.0,95.0,4.962386244244744,5,308.6103208402006,21.822337183586093,388.42814990950956,13.622460510692424,18.85882740632804,NO
1.1053961464493152,33.44452900360576,3.215106012513976,1.6248933528503733,8.0,74.0,3.210226606093242,8,222.09105413594233,19.03472133482602,397.13912490940334,6.772381148924717,34.4665338017317,NO
5.3409915565503985,0.7149474631731635,18.71163614594945,3.0867747607636677,7.0,91.0,2.6299245950916985,26,666.0595544923375,21.190823757568314,255.64009768485175,16.48335115601084,16.98132054778058,NO
4.529560794022519,0.282160225492031,19.396890127090405,1.019319839208078,7.0,91.0,3.1244144441207173,24,666.5388544806199,20.89463510600766,391.9615215394097,14.499993574549485,21.838809653497503,YES
6.18836327048303,0.7263307642868149,18.717201584359376,1.6922987267551153,7.0,90.0,3.773173681668344,24,666.9882376481629,21.193952819113477,394.5242977213557,11.45881474494134,20.38521116922675,NO
2.1170955735754635,0.5696687002833687,21.558399561932166,1.7426424074468225,6.0,100.0,2.113922212723808,5,403.6457939826889,15.023690801972872,342.3419249305413,15.68975038813807,20.757522202535167,NO
0.9662694126833695,0.8997447754745321,8.723520474510039,1.3657626875216498,7.0,74.0,5.558209957741198,5,287.90401728155666,21.333514064107938,392.93712025860447,12.608365870409328,19.294932341513636,NO
3.967643674010298,0.7150569322860353,20.407661041793318,1.2665450192393284,6.0,96.0,3.7302604494290907,6,403.2250591669796,14.850497856566342,299.2313512383139,11.956432433399021,25.026693283350212,NO
0.2711930874664713,2.0341809306634326,3.826270323591618,1.148008432575371,8.0,64.0,4.148878216914634,3,270.97973584326957,18.692043897586416,397.10010953774514,6.482921392562087,30.050453633316668,NO
0.3984571511516368,23.0277882167058,5.98556621932354,0.577202210820252,7.0,14.0,9.005360779787482,8,330.6845847730571,19.217547123148115,396.9831934049052,6.969148121921031,24.819379176668125,NO
0.22241311954294127,1.5704414171087613,2.805520165511064,1.473375982853209,7.0,60.0,6.975080232297316,2,423.1761166016147,16.867321096937125,391.22135703947225,8.935792246581876,17.605228200893443,NO
8.756242931721882,0.07582782508435812,20.207526958408657,2.053223728247129,7.0,76.0,5.113399723860639,25,666.3577793114184,21.303324882655286,98.10076623368072,15.275188610809145,16.725928202770767,NO
0.04445152816550396,21.323269708497914,3.369666193851227,0.9884855648751674,8.0,65.0,6.721794401930553,6,217.37807863466955,15.971150983122772,388.02446680924504,3.873206889975011,46.30444107119863,NO
1.8154721504810225,0.5553978610530851,8.75981558727385,1.1259453344818424,7.0,95.0,4.590635225486441,4,307.9609415583611,22.68234666081296,395.54547973971273,17.157857212939813,15.652898357201238,NO
0.5989568911287082,0.9700709356437384,10.515160171772585,1.514505038990599,8.0,66.0,3.3006313123131106,8,392.38988719030135,19.78631738618704,397.0046144191756,13.728055659538352,21.49793400860556,NO
0.9793432084256741,21.58451149931462,5.922212036058365,1.5801977118138928,7.0,63.0,7.309405723395887,4,244.0119816234844,19.277500060358072,396.19189584878416,9.536692792995185,21.33205854805779,NO
0.7448266487872157,1.8422878267536176,28.19305021791949,0.7069750709239132,6.0,99.0,2.941378643252773,5,711.7251765387539,20.225866693864653,390.8084391699814,18.180088212377584,15.937073120040903,NO
3.0841951629058784,1.4264767079383576,20.382617900930466,1.145926592141817,7.0,96.0,2.205639889148852,6,403.8286606819862,15.511885608566145,321.28515404682935,16.00418206051821,18.338870138521482,YES
0.6130583833926271,0.4733668709541389,10.242614429843979,1.4335700476071063,7.0,75.0,2.6528280756250773,8,433.35137244407673,17.982727008240705,339.70484854898905,15.760255653418218,21.103619538142702,NO
0.9430119208413065,0.2882249903909409,9.358001653245232,1.579646629396909,6.0,85.0,5.067516402931718,5,309.53323873355015,22.541288889061878,380.1828118401185,10.89116426647331,20.93694966408841,NO
0.8365221564153538,0.2775934611181348,22.94005725573925,1.9093547751297164,8.0,99.0,2.7728978012397834,5,437.7448208996303,23.47041782137761,395.27249884666,12.627122589956942,20.930970535251856,NO
2.886386714623095,0.37835649574675406,19.732418340422495,1.4505700541170141,8.0,97.0,1.8339350032207378,5,403.20967952499257,16.21180173644931,352.5115679612747,22.52066534731421,16.423707307384248,NO
1.2143948824125421,60.40048893938063,1.740006666809904,1.3007727876565642,7.0,19.0,12.39311672612088,5,411.2508659694188,18.361174224075015,392.64188426405263,8.992360261327775,19.786068241853418,NO
1.3168664693422474,0.6553647635336026,9.183309137450282,1.852614635458635,6.0,37.0,5.088960601525188,4,307.2825021321082,21.121857562313696,292.06788219234073,12.240132965058596,21.104145152795958,NO
1.5922563133251708,0.6284421607607377,11.504183407876958,0.7518517081330655,6.0,9.0,5.519242350640756,4,305.05080586108596,20.29486831029673,391.50069218194216,5.757039448312083,23.920439250849707,NO
0.4273884832948781,0.577512270949972,6.607139177986275,1.7651432979488244,7.0,42.0,4.1487708003386174,6,279.24016751199844,20.032145382061813,397.35948588049,10.934914430918308,21.433656547217424,NO
1.0950992351181583,0.30885493261869845,3.7222535976884457,1.284177141527194,9.0,84.0,3.013393904628068,3,193.65766169305715,18.86505232012387,395.74318839102483,8.042050490860094,39.973970001820376,NO
0.4146965016014922,0.6301145725912406,11.430803828990676,2.3529884279560482,6.0,60.0,5.334078558987714,4,279.0503621623202,19.421705343675967,383.2417734402323,16.258051567585984,25.56771655182939,YES
6.134288413972951,0.3126493458286835,19.406028092606384,2.1384634836167424,5.0,100.0,2.0711003020129923,24,666.362232683009,20.983977447529604,377.1670557493751,4.908677535167069,50.04618339620895,NO
11.39870361200021,1.738035194051161,19.378421581653075,2.683004593236328,7.0,99.0,3.1234077322055174,25,666.7664137670946,21.594500409754307,398.5839706617639,22.78178074368043,13.484724533804208,NO
1.0706053339980306,1.1418701443896038,9.444654784076134,0.5588300231861862,7.0,56.0,3.6905779944634096,6,385.44521148737005,21.79685489597502,393.95161390389006,13.655894674953887,23.042145265084873,NO
2.263523985604382,0.4049490110101033,9.154478037749962,0.5646310690679112,7.0,87.0,5.553576051570026,5,307.4273277742863,21.6106685687821,304.5786661529749,19.08310558772931,14.167078024393815,NO
0.7164092389059485,1.5296245737979186,6.814655831615515,0.5682927602809471,8.0,31.0,4.1616240504419615,5,279.32136239051067,19.795998592348518,393.81581012480586,10.227115970491209,25.108338184371053,NO
0.680985742259974,0.6376905984998137,11.285153360829497,2.8624323759210792,6.0,18.0,5.757549048735335,6,305.45333578173825,19.478566115923915,377.34791994547976,10.45108355983564,23.000640612328997,NO
4.882194341995135,0.28012309866562907,19.20249397368594,0.966595081257806,6.0,54.0,4.996709606656429,25,667.1703225523663,22.08129399855545,388.5108522419207,11.702718978170289,22.032141526906024,NO
0.14351489374263524,85.33976166269605,2.162549612298934,1.1939592134130135,7.0,37.0,9.7329183800235,3,313.9812924281264,17.98219118221158,396.9160574902613,6.099388779909186,25.291774236106118,NO
0.1365533155618398,0.24387101398037675,13.364910624617027,0.6235786074733587,7.0,54.0,6.196195608246825,5,398.8644289556912,20.57096642060942,387.37486280598523,13.597583726215538,22.33877749058244,NO
1.014550073418112,0.5541981440593065,11.362121162000165,0.5847524851649523,7.0,44.0,4.0584807143532995,5,277.54105219128155,19.063902369932656,394.52074736876654,11.421656210116454,25.95182761203348,NO
0.3478872433069788,0.08306546684601605,2.9958140925113743,0.5210029272211262,9.0,84.0,3.5070517092096347,5,194.44368729964802,17.831813384765816,396.69465193293905,8.891140774947683,41.420354758505745,NO
1.8508130456944925,0.896066248166769,9.104702210669803,0.9594331958649335,7.0,96.0,3.845248479353628,4,307.18851391829554,22.48937770813733,359.4196264830094,19.383064420013206,13.656276762211496,NO
0.3060496883694107,0.13856921310300804,11.446695604125335,1.0079364202515873,7.0,85.0,3.3453429360363454,6,433.223997174916,18.253237677609338,394.8936375568062,11.973349295347948,19.817711883302405,NO
0.8604095027738825,0.6176711792664141,9.175254112398584,0.96677140363822,6.0,62.0,7.799242330978835,4,307.32462004989145,21.8883494189746,397.0456583542668,10.179260051509363,22.30176651575443,NO
7.42430078946746,0.31126736073045963,19.722579370440013,1.4989390740740456,9.0,93.0,3.1040284917933345,26,668.2613757054598,21.655123547227177,1.2034938160165776,18.133624449134636,14.259018627138493,NO
0.2834275413169403,71.07790638283153,2.4939603278074807,0.8215746197092892,7.0,20.0,8.310071271811408,6,359.5789501930082,15.303454216408522,369.4575732848945,5.192784331189133,23.76897874679026,NO
1.8354580481259908,0.9738238173066758,8.973993717849972,1.2780484594136738,8.0,87.0,3.216823464833703,6,384.6530371068345,21.14459113334881,71.08055821908438,11.406095483335429,19.887321718294647,NO
0.409023134029441,0.024184534803679523,25.908095832849284,0.9460542828186441,7.0,97.0,2.2479206734166506,2,189.34419444720987,19.60340313679624,380.4263824629883,18.21143101400892,18.94062677884054,NO
1.8976277618527893,95.01097382549115,3.0176325597997113,1.8711532625269234,10.0,32.0,6.062617122665978,4,224.1629910939037,15.551555008332484,391.8278688508327,3.0707638773418187,51.09487006069574,NO
0.11474786222989683,25.70227694951372,6.10254180260705,1.507694395972708,7.0,34.0,6.771199456112623,6,281.81598051609785,22.265258336456522,397.70160429554466,5.910979684941566,28.22943788671395,NO
0.20669047633030643,2.4037631438729625,11.213343595740515,1.506735168604989,7.0,89.0,2.537016434871354,7,433.4405677762971,17.8128808936378,345.7486343768981,16.367716267106196,20.260223942620115,NO
0.8463650234864561,0.5094818239402622,8.834874546312108,0.9405156176779997,6.0,89.0,4.736729721701987,6,384.7090723351481,21.22437375838421,394.60355150433514,13.58643576191115,21.316057548021647,NO
1.4160764363782279,0.9241880969875387,6.969697252473653,0.8944383015813515,6.0,61.0,4.418116788632274,6,280.2253620661592,20.64352278112355,378.8793562219101,12.651408055948819,21.01253595740069,NO
2.978096290219175,0.38561516854171624,8.273797498634583,1.7425786663888103,9.0,71.0,5.608361978552268,8,307.63173392760643,18.07596835459303,381.03431149739913,4.557509807179064,48.63446425808078,NO
5.233720332784415,1.787481904921733,19.608193269976674,2.1054971672632607,7.0,91.0,3.373703444042902,25,668.0244303101603,20.463282188925927,255.29922505636492,17.42867675489315,16.969774451965073,NO
9.270501330842011,0.0075825466504166545,18.934335449493616,1.0394004874174958,10.0,99.0,2.9552279840304454,25,666.2434386683713,20.23950668910515,377.2725932187958,17.32451987161165,18.0869253138224,NO
1.859498627179077,80.76440240634135,1.7918599104099397,0.5072616806812373,8.0,37.0,8.643084597318222,2,329.1634632976756,12.832094845709188,355.64767046029755,9.483906788120736,30.398321914938656,NO
0.5671146508813144,21.97239443945084,4.567844330618682,3.637558347966851,8.0,82.0,2.2516914548850893,6,265.1054763192161,13.040979822500638,393.4936493781196,10.50093871553455,34.89956725218509,NO
1.4043191830858444,0.06950954241048096,11.118948823202263,0.9346756298340374,6.0,22.0,5.085210291639192,5,278.1253800163726,19.559548145371664,397.1953956401089,11.511072485856573,24.60598585102762,NO
1.7439704454875886,40.989472372559774,2.0894186090837863,0.657393105994488,8.0,36.0,9.074796291113557,2,336.2236437245693,19.91601191701791,390.3092712094556,6.886900657431999,27.150417692203327,NO
2.214534911427435,1.3102573177097012,9.179906223530683,0.9344454407746698,6.0,93.0,2.4857248727318386,7,386.177319262686,21.325784779121737,396.6464907820492,18.981225878057412,19.956676339587208,NO
5.743698910391778,0.342825476898242,18.114800517473306,1.0480026103818507,5.0,92.0,1.981094553606062,25,667.5637121458655,21.47531934697176,317.3990559956237,14.24503766876072,22.060554191370247,NO
1.2106090289754106,0.186590947516687,10.63572679156274,2.6435221165887595,7.0,91.0,2.8931494622362544,5,304.0798569485084,18.61608115025305,396.5816989974114,12.091134238116844,21.181004406325226,NO
2.6769803313471403,1.4453984574069028,8.873331366384999,1.60703483081557,7.0,83.0,4.281880872163139,4,308.2832413318992,21.114494126809692,232.69257705094086,27.915759769195205,13.722667444752112,NO
10.336764725006296,0.624928501924649,19.155916382994985,1.1480922572895254,7.0,99.0,3.522225468765722,25,666.416539406661,20.91896703232834,388.55149164549454,16.47225014948867,13.29454222422009,NO
7.429551808071946,1.5210822005770184,19.180001118162753,1.2622181610681065,7.0,85.0,3.9346986010346234,25,666.7178421143249,21.052100183475986,399.0587886824712,14.741243073165338,20.497233745204664,NO
1.6055232626696196,1.3611124451318173,22.168770453119905,2.2876931048407,7.0,99.0,2.914822056983943,5,437.61237526145095,22.676069331777402,398.2362005169928,16.618934598110783,18.83514973594115,NO
4.1487438769177345,1.3228345354700566,21.011595555814058,0.8936005247083266,8.0,96.0,2.652718663941431,6,403.2921107260017,15.456865678825142,388.55573433571436,4.258482616842986,51.3090159026963,YES
0.6206398073845553,0.2392635096676295,7.4337780586814715,0.8843761275929967,7.0,40.0,6.645557652467267,3,234.1204272674323,18.662541238505547,390.27281542791104,10.112981154885754,21.240142036473948,NO
5.879611068506584,0.7500715277113509,19.303575942664725,1.1100968758593792,7.0,84.0,3.24367753794861,25,667.9762332480889,20.505466746475737,396.1097606041048,11.855617460371214,23.833158625541508,YES
3.0011479864132573,1.9956118058685974,22.07891603227686,0.799415536999538,8.0,97.0,3.676615294629184,5,403.35591856426277,16.190535159679033,370.37414664648867,4.386032006750116,51.61855475520645,NO
3.3257820292645737,1.039794377755447,11.117766574240049,1.332036113835958,6.0,38.0,3.180781344747718,4,304.8902965663427,18.685661961544902,351.06578406749503,13.215392444162712,16.67794097193795,NO
2.1686873889532117,1.4343427777102888,4.097511038005672,0.8004809297817855,9.0,88.0,5.134946773527424,3,271.12271207286085,19.556964604648247,397.1118982556504,8.667568760431434,23.75949887402626,NO
4.491641148445834,1.1615185500865006,18.59779678673385,1.1602018033060475,7.0,85.0,4.163952927991976,24,666.7453524004835,20.731791709108382,397.00073194591175,16.8440508648346,21.67888852202577,NO
1.165076566129426,0.4751834575506355,7.108376201944819,1.2624433987165913,6.0,69.0,4.226194154395909,9,307.7199570274864,18.166661991832722,378.8050997986479,12.06488637028362,26.24560987733161,NO
7.187186683881275,0.9626228156103018,18.50711629953624,1.0509741661279972,8.0,91.0,3.972493509845981,26,666.5420270329381,20.376549597536197,394.89945697241376,10.741640465177243,20.299543182769398,NO
0.7246849860419116,1.2609086157158118,11.342038328338095,1.4815846391935366,8.0,53.0,4.885757457773462,6,277.6235088764735,18.87394611588176,395.41684253592837,11.461534667486204,24.726801188601748,NO
0.38512725096288325,1.0546060855561838,12.691222213579765,1.3160745615472091,8.0,70.0,4.466104999729147,1,273.46445302080747,21.12230473229097,393.40163198505985,10.491547659556023,22.724979607052244,NO
1.2969858113638078,0.32889773652606846,6.524630374728572,1.4270513910042295,9.0,58.0,6.005657899220514,4,248.30825059715093,18.9415482637918,396.19540421971885,9.287177493455166,23.969535035897387,NO
1.3164300036750252,35.48924478213349,2.549734227421947,1.5246875443488257,9.0,50.0,8.073883043455204,2,285.2479942152743,15.61194063587603,395.2092581612451,6.102954872225328,34.324747107902816,NO
0.45480974381794004,53.309263943553695,5.806932448522452,0.918498467024554,7.0,31.0,8.42630528365824,7,294.70589576685154,17.46034846892394,397.4102533971228,9.471631019280734,23.999949992848702,NO
0.5219351089016039,23.077342208341634,6.129576817827199,1.9529027682168352,7.0,81.0,8.359231904517001,7,330.58616422172923,20.262361778969776,377.1546101347285,11.174775915111606,20.776214529220827,NO
6.839335856292181,0.6784927651282396,18.371170381209936,1.5908391560790305,8.0,97.0,3.233871742671229,24,668.083841165281,20.961276881438536,320.46581329578373,18.706088211156256,15.699024073394515,NO
0.7264713947753716,1.9063028518190699,22.572569444178136,2.588350926781025,7.0,100.0,2.248237905381541,4,438.72047216544644,21.390551227710738,395.2187370985388,14.443463352978508,19.32607161652822,NO
0.3576121929933539,95.7456086484541,1.684553984080421,2.774888761308507,8.0,16.0,7.654955306576243,3,402.56724151701127,17.05599954009834,398.0064975681403,4.926137039842772,36.14345977481206,NO
0.2854027112943037,0.1548740471444096,7.080590088489995,1.5505246536785808,7.0,61.0,3.595582739328664,6,279.3773386589958,19.49977973971561,378.31335833521433,13.161832968048767,20.316099136794033,NO
0.37325820340039517,45.16147765156979,4.690422854226657,2.074752462747168,7.0,30.0,5.5150306025258775,6,398.9621533968749,15.814182389383621,382.874588699732,5.9381667438665735,31.048991002908593,NO
0.7505223919410463,20.847035545058837,4.061147118850377,1.150150753394509,8.0,90.0,3.1258458596417555,5,264.2597730911699,13.221197032723316,390.6892018106411,7.542365374722348,43.454656251578164,NO
0.025839417322433188,18.75303675659994,2.311077872393809,1.0135712899993778,7.0,66.0,4.607810042603851,4,297.32853811915186,15.512064896463851,398.0513277612409,5.169529535565699,24.692402831765893,NO
0.6820369647723449,0.214214416585593,16.18435804262632,1.9962320823463833,6.0,57.0,3.495445604458583,6,277.3923057084295,16.83876129763417,393.0275274921161,14.190398338806881,24.04153679896911,YES
4.660187473000302,1.1632615298189486,18.886160772420887,1.0535345374257155,9.0,84.0,2.205129454635369,24,666.8124811344036,21.73171398537762,354.96515919410865,6.152440704944246,22.54946356970902,YES
2.294215605648029,1.5895483701925333,21.949515446311576,2.5071017046381625,7.0,99.0,4.005167226858148,5,437.2056836049408,22.174173839096298,396.9812733450745,13.768908593699921,21.394352069388912,NO
1.9365293048514272,0.49078933853963175,12.273045197406532,1.1279948466458287,6.0,89.0,3.9377210382336214,4,277.5120943064763,20.83694234973308,396.50949206566975,24.19133218239601,19.764663022790163,YES
3.9719927961004577,2.4946132804803396,19.849212407881563,2.1249013250267375,6.0,83.0,3.407421706898092,7,403.3331333731247,14.81993638231626,90.32842479329676,15.587276344130256,15.678022131093732,YES
3.569358101062332,1.249954551361148,21.38725505817433,0.7068799560324007,6.0,97.0,2.97662937786223,6,403.0298580929994,14.995243710595421,349.0193926926459,12.946631473608795,21.28086310640666,NO
0.32820213517524127,41.332775939840964,3.2903294650474146,0.4908723998452363,7.0,46.0,9.212163349881227,1,335.82892888812086,20.4111603629411,397.9217731428477,8.009145857025858,22.932664842901914,NO
1.3904713459133753,0.022167910330158247,20.952812872906456,0.7486875565091278,7.0,93.0,2.8627332377221464,5,403.53285773100947,15.522687548986877,339.6924665998017,5.840948777926226,28.80489273396023,YES
11.152105858053007,1.8027651990200582,18.57037563696865,2.0540593515450247,7.0,101.0,2.664747041798731,24,666.4417940100238,20.985420205186788,387.84249193721524,19.806562473507128,16.908237512610544,NO
0.11435976698595332,40.85289888782986,6.673163468700355,1.4136173821206086,8.0,49.0,5.755364124578953,4,255.06845442399424,18.018924880766022,389.8723654529832,7.386777365995954,35.66109230751299,YES
1.0013011774902696,30.062493905027956,5.367897130764413,0.87503513559912,7.0,53.0,7.6826023619103845,7,300.87615257862797,19.1093491024538,373.80323136006933,12.738465946815476,22.790041238750238,NO
0.47713032915031084,13.787263041163216,8.877144932451191,1.2940781676023771,7.0,84.0,6.281734048874144,5,311.13305367029307,15.628639576066147,398.05191062291345,14.025637035157906,20.975903614991196,NO
0.28666575951535134,0.19538671609282848,27.791642681406582,0.9692591775305526,7.0,84.0,2.431937812414637,4,711.1811268119054,21.659903676004205,397.0523921793715,15.030076161662555,20.388535466979356,NO
3.339569316809095,0.3992129429967021,19.798738973048632,2.0440589874298833,5.0,97.0,2.1659942469025646,6,403.88129145233535,14.967745347938793,392.7601095895157,29.73258437721729,16.832225655004898,NO
0.8747365840140944,0.45189862440176465,10.627958324630617,1.2064791549783096,7.0,67.0,3.6354285947186704,5,305.3493895972436,19.302564228993944,396.30106411266746,11.32776253387038,23.41141016472117,NO
1.2277505841247915,0.09039090944462347,3.6442523514929173,1.526201612757526,8.0,38.0,3.563271377866872,2,277.4832467628118,18.03651704038897,394.1627142712631,4.66899683226127,44.37852616590032,NO
1.3459171882065275,2.2846865190692704,12.121515140013905,0.5210192015684858,7.0,8.0,5.660113516225397,6,305.79609258239213,20.289411112148922,390.93449126228614,6.791830956244216,25.255679818886186,NO
8.896398785187914,0.03944163760742229,19.84525434659408,1.1562461039678347,6.0,71.0,2.9589213466596704,25,667.1633307564189,21.183733373314368,4.750745020999104,17.992403132171415,12.46565762288815,NO
0.728703562731766,12.697744544693498,6.164251417744239,1.0640337194111877,6.0,34.0,8.250881838856564,5,345.47126320075984,20.47944331780355,397.593897261356,9.533133969527036,21.546522877254354,UNKNOWN
1.154057781621812,0.833868245435008,9.006389662071776,0.6019780889893939,8.0,89.0,4.352825355598515,4,308.451125988047,21.784691226434138,381.3973051214204,12.308749913552308,21.257297240323297,NO
5.638758763127159,1.784852279872227,18.876057193464185,2.272350742682198,7.0,53.0,4.053968791449467,26,666.5975757894153,20.851044637832548,388.23148507717525,11.743844692766766,22.105091857237582,NO
1.7468069993355266,13.057345685338294,8.046406432154418,2.51357376154181,7.0,100.0,6.297254528433194,7,311.13890939860596,15.885601822070397,387.1262174014407,30.619436998814074,17.680591372589184,NO
3.6819320515759064,0.336038823332582,19.427908240185303,1.7278386909986414,9.0,83.0,3.2028484981543555,25,666.2874073900668,21.318637247190825,355.24321609767014,6.319241340944453,23.752938523938262,YES
0.6648267645260245,40.16755658431403,7.20107783891463,0.9838061209881592,7.0,28.0,6.033459517723738,5,255.03091607959547,17.901241082024033,393.51305871561806,4.312136293578915,35.8997148197455,YES
0.6949528733400555,81.15394331028284,3.325238308792687,0.5336261592383036,6.0,22.0,11.373816445626359,4,334.27437958590616,22.506864937293585,383.31242106680946,9.641800153304432,18.392772872152246,NO
0.8232178614465028,21.537096563631415,6.321258508074569,0.7461888690853652,8.0,101.0,4.113248319090232,6,264.71226644633936,13.470339884635912,383.45390329375317,9.747329560218802,37.00926667863509,NO
6.181105731252657,0.3092906400110985,19.64582643927155,0.9782852405531732,7.0,78.0,5.434975655151312,25,666.903289886937,20.41985785382596,396.68046886594897,7.609015283215372,26.19726327885486,NO
2.111659533154667,2.1498517208145227,10.956608452196658,0.8169957100058891,7.0,-2.0,2.8728985298840417,8,432.73467653169047,19.454253953718453,389.5743294087813,10.892864168936706,18.60809628942143,NO
1.227039769717817,45.90909310876992,3.6217799550060557,0.49909195396366346,7.0,41.0,4.68704400290968,5,399.6824398023547,15.313900705257577,394.04796173223883,6.977423032331412,32.002315720585564,NO
0.7137102930828904,0.751534175721186,8.437105231710335,0.8710863968665512,7.0,16.0,6.818636691510366,5,287.4173080918341,20.019235564124212,395.03793657073567,5.643721310791361,25.246260840224586,NO
0.47068560651184765,12.735552536650253,8.937608533051275,1.14355750387535,8.0,98.0,6.7562538309636935,6,312.2745564667576,15.642579854911748,397.3410685246347,20.635500099744817,27.484822604431397,NO
2.0545282424469677,1.635507973924512,8.516386567593207,2.539312992862202,6.0,38.0,5.704954499263022,4,307.6592595100318,22.406590675355687,289.5568220276141,13.022145751475207,21.028870261063947,NO
0.43536866653966744,0.6030858826622405,8.878921145825357,1.157149567796861,7.0,15.0,5.601983398683797,6,288.2368177388202,22.772839755501877,394.88021387278906,5.121732161152805,25.12409981308344,NO
1.2789779101774303,0.5056304753543929,9.72389974444966,0.8949038757860961,7.0,56.0,2.8010696600743437,6,391.8163400056106,19.415275475165707,397.63957867537437,13.168755568906766,22.0927418506801,NO
4.801659945998678,0.4037851434981581,18.35413740398885,1.0707588278009639,7.0,85.0,3.409602982278685,25,666.0629824969158,21.352343290165237,397.30062867996196,17.376961184904157,20.25240775580016,NO
2.049698357383704,0.18638223108707383,19.93659519460256,1.7420675330501847,6.0,100.0,2.3653649781868755,7,405.35640016871133,15.739177448460275,342.07045766203953,16.357205826835912,19.907191006049697,NO
0.9498614703805446,45.92055948528786,4.348601531037946,1.0240976235729258,8.0,27.0,7.654923766809757,6,398.55914272973786,15.30141946571444,391.65471526513045,4.392797627395313,36.8496959265053,NO
4.4159558536317,0.3806212633631354,18.86821181923368,1.2604517962197295,7.0,86.0,4.610193158399108,25,667.0308585290253,20.290174263881493,23.215911816460878,17.221817408908752,19.234402435915186,NO
0.9948130996905392,2.1615856887690335,5.74461866889259,1.2466068494750906,7.0,40.0,6.7686467602972185,6,225.24131826698158,20.950185822659634,391.3141287771189,7.592907272463019,22.125605711005278,NO
0.7247157508135242,1.1011946231552865,3.839895537702599,1.4348473673812159,7.0,58.0,3.506526222386812,4,278.5187688702171,18.22999751034293,358.38869212490914,7.342570710433307,28.753775585799012,NO
1.1081548107218129,30.43587834465301,5.165533418661599,1.2860829304689876,8.0,9.0,7.379586871075961,7,302.09987121161254,16.825289892790213,375.8085887801671,5.760110001626013,25.09044766704307,NO
0.26423305822229776,0.7737169175943164,13.158947213648746,1.1517063074156029,7.0,48.0,5.878031530417189,6,398.7860257270475,19.21508013534909,388.8026011518577,10.368408969911426,22.09438604742645,NO
0.7532852109459584,25.01121727523784,6.501205025137024,0.4565953406276253,7.0,48.0,6.369581230139509,5,281.05586767940497,19.748700326948565,390.9251768946828,7.622507573195314,23.27995078625513,NO
5.424720839726304,0.8355694303593888,18.344463419379412,1.0780749264185383,7.0,82.0,4.903439382087081,25,667.2821534911579,20.40752244782396,391.6683874291504,13.251922183668151,22.673136382176203,NO
2.6818371616041783,0.5673469993345276,20.360439784808552,1.0985834930959757,7.0,101.0,1.5889872925326314,7,403.6834141869426,15.284210634544582,175.2080705046762,28.450495443394026,14.448372596837014,NO
0.7548131312563804,0.5020990751142941,26.486278019559887,1.2703872601186532,8.0,99.0,2.067475466002782,2,188.48876834869506,19.444327980083926,371.6052717589433,25.787176158671482,18.5021890361607,NO
1.14882861016114,0.10020291347760148,8.313334015206376,1.3289558842840972,7.0,55.0,5.221638555550687,5,288.4027525106211,20.64405086916118,397.0537891366796,7.627708195278039,23.818962631985183,NO
1.1201685708309272,81.61451895673629,2.0423594666018987,0.9081492514385743,7.0,31.0,8.486970134428613,4,281.2909483569765,17.632983646048984,392.5668232196829,6.264135166592516,24.70426276180032,NO
0.6859821423340425,0.4626723160572067,9.93972260866368,1.1536197244305648,8.0,29.0,7.698363545718955,6,288.04989315321063,20.334305757952013,397.046388945496,6.582307376166226,23.39121336751458,NO
2.5790276029498718,30.724011679562672,5.738446378957122,0.6118207956503128,8.0,53.0,9.836114836309436,6,300.60717514717624,17.939217761007676,373.3911874079497,11.88334505294066,23.13175976670375,NO
0.17301404750421612,22.553785833733944,6.403231319358125,0.888494737781087,7.0,22.0,7.20352423013372,5,243.5017402217448,17.300998957069357,398.1062985764874,5.898590669903758,25.250472278851017,NO
0.43366997868289425,2.058509943390159,11.23671476947332,1.8947026733763774,6.0,30.0,3.068906357302362,7,391.31548220537974,20.009088612910052,394.12721705158225,18.680523240060673,24.43936991290739,NO
0.13641117083619303,80.01346185835767,3.9887529371903363,1.1125276081145037,9.0,37.0,7.654200972760944,3,329.70055965513893,13.371262623888414,355.03454976861633,10.378536300977192,31.127639453694595,NO
2.1280302176971033,21.906164857759464,7.312060676295045,1.2933340548183685,8.0,18.0,4.625577311241059,4,223.3758611233192,21.10632752732316,397.7434063990219,7.327889993263033,25.77260160925186,NO
9.110037485099708,0.5884304034122405,19.118220012374415,0.762102295150714,7.0,100.0,2.6643330577752105,25,667.2213336670212,21.565713077476094,392.71836865184906,18.200804305828154,15.31796070167369,NO
1.7780546576421168,1.1117655815015908,8.959642949172466,3.4891594359887,6.0,82.0,5.882281300555553,5,307.34879374021574,21.352764848832372,387.72608143979465,14.787659720840747,17.680025836191994,NO
1.953050955098215,2.098942573741765,8.861324460186575,2.2138116549450464,7.0,99.0,3.977046693987471,4,307.1218982768118,21.856316063175207,248.33197265442695,22.28794269818393,14.560269570413423,NO
1.4655586951209276,0.44456165631302486,8.485380669072834,0.9070488663947714,7.0,82.0,4.289132151407413,5,307.3548439515639,22.81411555087623,387.4903086654992,16.698975201513157,19.965450406567975,NO
5.575726469730627,1.2751228979646538,18.881858539101547,0.9036465633097459,7.0,92.0,3.832154303488222,26,666.7970320046379,20.583306781656514,351.6378893280383,14.65749713199123,22.214152998764714,NO
0.7530335181092663,1.5691493712263047,10.523346743912343,0.6694721586709325,7.0,94.0,4.773926035196784,8,433.11894089018267,18.413233599302238,396.23295025977893,16.368562743985503,19.505443387223053,NO
4.919183867596298,0.26218761333280566,20.31224792565412,1.5133236739622038,7.0,49.0,4.914126285715328,25,667.0617817893999,20.324150569256844,335.7887296572663,14.622870060596277,19.922108155412623,NO
0.7599270066713075,80.70394621013935,2.158359016025974,0.5602328551817342,7.0,32.0,9.597360106852921,1,242.87037495884627,18.20112357651058,342.9892716730884,13.809454225858167,20.283320275393212,NO
3.1039627399924585,0.68171858690245,10.056724657696416,1.7908622022464813,7.0,43.0,2.6753532578900128,6,391.66638997350964,19.214862300138087,398.06795633117974,14.721338646743,25.19963468526178,NO
1.7298831793038916,1.8505630990016482,10.415340100173339,0.7960117728853748,6.0,78.0,4.235327227605145,5,304.60620832918755,19.268775037834438,396.4850305899503,11.245261428520598,21.385576289811397,NO
8.485341263620176,0.2663753656261505,19.238415906124075,1.7787548578884245,7.0,96.0,2.956640462342514,24,666.0271881273866,20.91362382330275,320.0979041937126,16.30900195989132,15.462019541794122,NO
1.5103551118529692,22.280269878124358,7.06131365203953,0.8370848095735084,7.0,8.0,10.988723246980786,7,331.64879942743215,20.94630442516624,386.9817305013504,4.675224796658141,30.737249609288156,NO
0.5561029915976998,0.6585134903856179,6.271085765173662,1.9194757613203808,7.0,79.0,4.302770028576247,8,307.10089578098325,18.106014732172902,389.5581755094899,10.038204854455161,26.361091443569475,YES
0.605447000853815,80.63069904349811,3.696890747132412,0.7177210689630853,7.0,32.0,6.738965891792065,5,337.49331531843217,16.52543939206873,398.4607977146691,11.492784211035,19.78035240398134,NO
2.784466047025617,2.0213448446784383,8.58682447045092,0.7591681713733451,7.0,34.0,6.896701649273006,4,233.9324134008484,18.905205031549617,398.54399939312657,15.703490950988158,21.177073772154998,NO
4.820829320963327,0.4729995991574186,18.385849348607348,2.6024598389744495,7.0,91.0,4.607971822911426,25,666.8561801358925,20.629149235622403,395.64366600664357,14.950013042853133,22.075385681020872,NO
10.15644187705002,2.1875286219192986,19.885216708191866,1.6820733621221975,7.0,101.0,1.9546883871083915,25,666.6493733117624,22.412695398893707,396.97257723339226,24.58103216216075,13.088445908182386,NO
1.4537021419155565,0.1893370773902993,11.48622117680778,0.9405036622962895,7.0,7.0,6.472866090998286,5,305.4641340551932,20.566762766443382,383.86856252727085,6.803903406846832,25.82176297769227,NO
1.360098831272929,17.617718227206367,1.4907749991777213,0.7737402577622218,8.0,60.0,10.520024532024628,3,216.43258598197482,19.998600179320615,393.3100988900344,9.610938083797434,33.503834120148824,NO
0.3382497914597452,52.92434654254203,6.8083548258852105,0.9836752232451559,7.0,23.0,7.7674789497812835,6,294.36129384469456,18.83981897886307,373.56909790635484,9.930815041434556,26.904561060522767,NO
1.1823894994178792,34.150890056757596,2.8696237054082014,1.5423791748594,8.0,42.0,5.929291631355113,9,222.12287030693074,19.288213806961554,394.376943834776,7.261680447814715,37.82197062353465,NO
1.152686490377073,1.2045777077470445,8.805767396448381,1.6152201928466396,6.0,85.0,4.8639657938709515,5,308.2576947021856,21.373519152910607,380.9765524258281,10.52967123326863,18.54752685836069,NO
3.848677416075626,0.4671014061684235,20.177580956087855,2.3672683318504126,5.0,98.0,1.4996058898721805,6,403.497263992389,15.712925289123163,392.14342399875653,30.662478527818685,14.63530514090283,NO
1.4973822516587068,60.91910902950829,3.592063849548847,1.6474263635418418,8.0,10.0,7.235986140491567,2,265.71219789483115,15.877943692986758,393.530150038483,5.303259395502928,32.748588678429286,NO
5.37795419922626,0.43055608411817825,18.50434412358381,0.8641044071890286,8.0,93.0,3.0878639602156155,26,668.0966262307024,20.297164389418406,385.5173541152567,18.726686343670384,16.150934467579237,NO
1.9879459088574323,0.19406767419225265,11.821716107093879,0.9351317690266656,-1.0,73.0,5.403581450447053,6,277.56545105305787,19.946823096915644,389.61712224479174,18.432480401604817,22.738163740507492,UNKNOWN
0.4567621292889401,90.29411127895993,1.617492247932777,0.7287540660058058,8.0,27.0,6.217897511630506,1,198.8973275106149,14.734622789365405,396.33692135420023,3.9311528394731656,51.049146337775866,YES
6.874561600091281,0.6520050038354683,18.423079088014074,2.5061809488143107,8.0,98.0,3.0135574205517788,25,666.2432260857355,20.319476048519228,356.15748740700343,17.927532173161563,15.99788376583547,NO
3.9184587831401876,1.9223337195036312,19.249825607306214,1.8386351537530619,10.0,83.0,4.487941393519076,25,666.698203474771,21.06056102826391,354.79387212321444,5.895245361702381,23.189843612240985,YES
3.2036168022116884,0.5281637568751862,23.55679398813933,2.647692513810339,6.0,100.0,1.6557259593970506,5,438.47319514434247,22.33996624590416,397.21852315428595,34.510959388820034,16.50859245048877,NO
0.850350215581578,0.0073856705379902274,16.439210117048052,1.3475899100388884,7.0,20.0,6.370491169960158,5,289.4576088561911,16.749841184867144,397.5119326282605,9.617384760832817,24.472211109714326,NO
0.18127732720221718,28.950961957112458,15.54778691332574,1.172606221294924,7.0,54.0,4.4538196027586485,5,271.43552522080785,19.321145608423265,396.5237453433729,8.784800904385877,24.52945559570883,NO
0.9853098875121765,2.1957778224190827,2.76090912645974,0.8781744817582173,6.0,92.0,3.4698756692922466,4,194.05349225641822,19.41551807241984,391.34286958706025,14.855824801978034,26.785114090154458,NO
1.3098240810200612,0.15561061115809927,3.430870511202417,1.1612218558318965,8.0,39.0,3.9588339758473783,4,276.4125420091264,18.25532426394157,393.97353786769787,4.50787152743721,43.93980409904149,NO
0.5812656719050241,0.31950287061518967,9.7113447613905,1.4457255621498788,7.0,88.0,3.4524647993288786,5,384.846265575451,21.869712381227366,396.4691035937508,13.73830419059442,19.898993725692915,NO
1.4064920632890066,0.26368309355793146,5.224730998305663,1.5034868145484688,6.0,53.0,9.421437057258546,5,353.4449193070831,18.87020053115562,365.05338679608224,13.598756075348732,17.206940078514503,NO
0.7500192003260779,100.00908113499172,1.4749409254981016,2.5309935455619867,-1.0,41.0,8.537678438716204,6,256.5650077560414,15.647626802834502,393.50438827718847,5.936229919017594,32.63992398320873,NO
0.3216851521690121,0.018550309149711893,22.337416816312192,1.5633074174048445,7.0,97.0,1.9371813879835489,5,437.28747312665246,21.283718664548115,392.854845000152,18.5617331209833,17.415450398242882,NO
8.010972869934552,0.09306736386404385,19.34858929251497,1.172561848196688,7.0,90.0,2.952797177813886,24,666.8743043938207,20.947631759774485,395.17777807244005,10.998848030634264,20.983036689829607,NO
1.2654831474469073,0.940297896768288,4.382088511181749,3.0497732861465945,7.0,70.0,4.060626022363736,3,276.6997960096299,19.7763550510095,393.06390405393273,11.350050939605566,21.86870160541008,NO
1.8976953228986633,0.6728639698397093,7.5588195413967565,1.381732250001582,6.0,97.0,6.342922532452743,3,233.10370661507113,18.928697650515016,396.90592142970877,31.039295879984707,15.641748674226893,NO
4.980016488107953,0.42425048983386077,18.687547333833376,2.101962025327694,8.0,94.0,3.5844377433640195,25,666.0626260789342,20.394496651527323,396.3271906408533,19.485106570318923,17.213359404628463,NO
0.9939652088145734,46.067702638719915,5.395117203776138,2.077785159082862,7.0,41.0,5.479659721495989,5,398.873529130469,15.62985542317645,398.04406114743426,6.120997569970011,35.40671671583817,NO
0.235430864940039,1.5909218597258217,10.135505515260354,1.923711284545679,8.0,86.0,2.8654225325856926,5,384.29493172401095,21.449111698518312,388.5390203953506,14.555603636628845,20.581514816703102,NO
1.396312232684439,0.555169449466183,3.8688704539302847,1.024130981867379,6.0,71.0,4.623884230117484,2,276.992742455745,19.670245969643062,393.91552917395364,11.917397384356779,23.512991131124593,NO
0.4193015940998054,20.420407290765365,7.177940238167634,0.5537135511314146,7.0,18.0,4.954692429286651,4,223.33299513663283,20.316547315538557,397.5519572674421,6.797144634850616,26.255695220746432,NO
0.24782354823302047,26.057281703282364,5.262585429438637,0.5469148937308345,8.0,35.0,6.083894361456032,5,281.7309308250196,19.340727894698713,397.6241378231661,5.612859030798815,28.68500190513396,NO
3.2979558974765464,0.3780715823853966,20.74003572036975,1.0968235230548957,7.0,98.0,1.9079805514916715,5,403.9821480898003,15.706407612160199,398.02547332869005,30.285702925557864,13.168933270932584,NO
2.726179541353765,0.531002529711995,22.739236852512416,2.272094028009291,7.0,99.0,2.9235270941534157,5,437.2572385958131,21.233036233883457,397.5454629638784,13.343588309301397,20.940922578512538,NO
1.0525370049603673,70.3131719706804,4.6150275958252,0.6088000804810771,9.0,11.0,9.075601713049686,5,359.5817153385088,15.265523193518764,371.5801244212358,6.629866896865168,29.25419925364103,NO
0.2728685053166644,0.9656183244609442,5.446686148294912,1.2183408145772558,8.0,40.0,7.231352310804852,8,225.08330242601454,21.358260959323708,391.38652054195916,7.347741247525578,20.736192264443385,NO
0.0374727166833633,28.12201108708247,15.361141994812288,0.7135620071106391,8.0,30.0,4.407692745744334,5,270.6194712818218,18.823198255604936,397.2181546198161,6.9520209873145555,26.503203092605453,NO
2.8431607133336785,1.3224523799275616,8.44588925043352,2.096603184690383,6.0,100.0,5.360926424300896,5,307.03961478225426,21.441817129557585,376.9539950276927,13.223102172364676,16.213746435085657,NO
0.4285912045945961,83.87639548525009,3.5710995741312836,2.2003852608635124,7.0,39.0,6.936966266149042,4,348.519524479278,14.716366262126071,394.450340316567,8.080416932071689,24.803249967115953,NO
1.3979725045175468,20.696085342807077,4.11313641113677,1.0924370058475454,8.0,83.0,3.44243869457264,5,264.30206189349735,13.133590304928914,393.3118281856049,10.495352947977729,33.80736067729357,NO
1.7502305884839688,0.1870370688707112,26.20239234979539,0.8156755429742663,7.0,96.0,1.8192582882284023,2,188.91058044273106,19.724572983722688,359.3673061912928,27.3069297803765,16.069558148236915,NO
1.386439329032508,2.1759551214723385,13.954992487965807,0.8303468894607555,6.0,43.0,7.6412651553841195,4,289.1205973133178,16.502945020409296,397.79435666003985,10.403032879799671,21.966610305054296,NO
9.828375325728532,0.43178756082934816,18.45639819606141,1.1412304966972586,7.0,94.0,4.127300309096137,25,666.0639505045831,21.271598080283926,6.97021190152311,20.537837156339446,14.925600637874528,NO
0.34733677320817213,0.06458172594091442,11.806363337982202,2.096592602240752,7.0,74.0,2.952749584472147,7,432.6954301490606,18.33812718593912,393.4646049937133,13.13789727564633,22.177163534655786,NO
8.892302012479139,1.080701793924967,19.05649960354585,2.823378893221077,8.0,99.0,2.667297648865577,25,666.4087577849774,22.322339024879547,377.20292141334625,17.40856752662988,19.612746208856993,NO
1.1858276417300824,0.39516852725728924,8.905542031842268,1.8910929768688651,-1.0,89.0,4.742825665675655,6,308.53959090699095,21.52989908475601,306.95854929700954,17.33861218639831,17.847065065470343,NO
0.8630986010858728,30.70756649668771,15.668731391443771,1.5195012986741887,7.0,29.0,5.832587133650925,4,271.4868628238288,19.10479144949357,398.6149255082304,6.59932726304574,25.994818975937324,NO
8.476906098726554,0.04016093703124801,19.40547223043823,1.131933254799365,7.0,85.0,3.405014826581512,24,666.5371834896429,21.34678785764423,397.20022559469305,16.545694179689107,21.17648618532425,NO
0.8088255513014188,35.26426521360128,6.338820096201869,3.2480891855870837,8.0,23.0,7.764525765637279,2,304.4309634671402,17.926149890828498,362.637049384112,8.009710794693403,19.54964083359183,NO
5.068686754124416,0.36225271358929245,18.80551689544301,0.9731601705001574,7.0,91.0,3.6370853770197473,25,666.4121184880061,20.46286786692733,395.90215848551685,13.807634723228075,19.99182496926363,NO
10.135041008206104,0.20642786950896752,20.3300565839423,1.6376833008657763,8.0,101.0,2.1590467867833643,24,666.4534225415673,20.310096086050418,386.8819236077653,18.928936403327917,16.492779956903515,NO
0.8524185653515391,21.130638337882083,5.48360873105175,0.7339526783546617,8.0,82.0,2.4443978174755907,6,264.5065308151124,13.850861392398667,393.1644729446715,11.032189431949247,33.962868822544934,NO
1.5405193081009336,0.7667731899955685,10.067879310263082,2.2665840956492724,7.0,59.0,4.466639159066144,4,305.5081857249308,19.476631375595648,396.2390442406011,13.246058903075596,21.14767949360407,NO
8.750228857784244,1.5539795509630356,18.236612490241107,1.0968094113377587,8.0,81.0,3.923982186864635,24,667.5536196317177,20.878071395100466,4.140154196687506,18.374391723666363,13.755745591538323,NO
1.1858972184191574,1.92048211659742,3.463781668438266,1.9034615392602101,7.0,70.0,4.482719836311011,2,276.5530683577899,18.289368483244896,393.4402662690994,12.805060255413634,23.193007320353352,NO
1.1551312287660145,80.079491039761,2.5089837399722263,1.1411447126266205,6.0,20.0,11.236936339436454,4,335.51105339321504,22.86148877013086,376.08346333274125,5.98530560543752,21.371864869440074,NO
3.136731252746823,20.432833328466455,8.148177974233265,0.9884356664439669,6.0,43.0,4.9093237790569875,4,223.85441555040583,19.02176675283124,391.1631938475559,14.141857031685129,21.33995430781936,NO
0.4032363356212964,55.325326096203355,3.8506067846188516,1.2229430330748228,8.0,29.0,7.224128844187154,7,370.42295520399614,17.714447787547236,390.0224403152757,5.0292430793063865,31.8459291901708,NO
1.3247741627772274,0.7969925724431925,8.47282280765378,0.8866133731935736,7.0,41.0,4.881969498824284,6,287.2936203298106,20.449541140093217,397.54082685049264,7.143663153106752,26.280973295933354,NO
1.048501831140566,20.877775366774934,3.7952032984273494,0.876010813024176,8.0,32.0,4.279943821624688,5,216.22460436125652,16.155641939193824,396.920370055248,5.420703804156011,35.87400510067069,NO
2.5597697515429325,1.3590082612509369,7.021168596132719,0.757366284234186,7.0,-2.0,4.30191970543814,8,307.6518130057486,18.98349803804429,377.8134406723898,11.56333380378236,25.10357992297221,NO
9.97133737836893,0.25103176231093516,20.37498763180968,1.77426979437281,7.0,101.0,2.379341266390064,25,666.8694201822782,20.822647709596477,377.1985971636367,22.224509929376108,13.089957830045039,NO
1.9104125479549139,0.7967329061059061,9.27056297519347,0.8096184080370239,6.0,96.0,4.265044644670703,5,307.1427081940619,21.883960465315145,358.8271924489,19.247518020452443,13.613737145612308,NO
0.32721784840132406,23.523087742653132,6.079577245539026,0.6191725558986345,8.0,79.0,8.859820033377718,10,330.4464724644993,19.11636902700505,376.66111791173404,10.219297793369497,22.284649939790086,NO
0.5157353579568922,26.76777686560901,5.326138103324021,0.9808643542771633,7.0,71.0,7.6274766934460665,4,282.91841552940775,19.278912204274583,396.74697743122204,8.019411438452643,25.50180311546394,NO
1.4752341823278532,1.159815005465398,8.1844410464599,1.1260689415731926,6.0,89.0,4.855143386799268,5,307.84995472008893,22.461440365586256,394.46070572694464,14.549588448312855,20.425333807198427,NO
1.6303350797110463,1.16571571631786,10.839293569557851,0.75789030514559,7.0,53.0,4.706684794373979,4,304.28240362954176,18.492136310830798,398.8191526535772,8.30328278314368,23.29393460847129,NO
2.2144569573222497,0.5217566983194483,10.480919485925652,2.8308917125893545,8.0,88.0,4.116885825582695,4,304.12910953831164,19.386111628471333,397.981169540762,10.052148814317945,25.11530848254736,NO
1.8248547715936287,0.01883608537891434,8.63288996336941,2.08164737580106,6.0,62.0,6.095931545667304,5,307.07088058990547,21.652798409635853,398.97634239777113,8.752265425764428,20.78919710644805,NO
0.2198002781835485,1.3103293113419034,26.35208503049133,0.7829933263871451,8.0,89.0,2.5142578428947493,2,188.71794637330095,20.0837425009207,385.7126684498422,14.93169507068754,25.1572052052247,NO
10.884562063014384,0.39275030909309455,19.3396517336572,0.8584121614731013,8.0,79.0,1.7836647249192923,25,666.9800888326031,22.04127591731861,339.7904620592147,30.624248485606596,7.778291237800295,NO
0.5461887872048257,1.241070693839936,11.371159159417127,1.1440913171264802,6.0,44.0,4.378810853247101,4,277.9995147514868,19.49293981204426,395.2393808100513,10.149258568458237,25.974052949338954,NO
1.0261090278356093,1.1092325112615056,10.112039891141105,1.5207958779440098,8.0,83.0,3.824344581723013,7,432.35039975909535,18.547863307141142,395.2525604498848,11.099311114998255,20.406418906484635,NO
0.5027807767231891,40.01184730764154,7.810873602816296,1.2410902017931407,7.0,44.0,5.877444274992387,6,254.096776662885,18.33306376619398,397.15760532891926,4.533758205884656,32.36976530760748,NO
1.2072174051254891,0.2709685278708061,8.849100580251683,1.7909701395864923,7.0,85.0,5.677680202372411,6,307.59274304782014,21.124900655971373,380.05452833612367,10.9155810010094,18.770936024803838,NO
1.6073806410453766,0.5101560723262264,10.860082782011842,0.9137540158192619,6.0,-2.0,3.0401601596318155,7,434.1073950736333,18.31665035040902,392.64582503072285,15.056980151029936,19.776598511386137,NO
0.9435778800945298,1.0754747737518089,28.2532358150357,2.548527549244426,6.0,99.0,2.31149779816602,5,711.7163887003852,21.688166445652683,345.55731284657685,26.078672697231966,7.462638250234794,NO
0.8236443417976802,56.38622245795524,4.799133894729756,1.1872929213889152,9.0,28.0,8.488954846238284,6,370.8200892200846,18.22877438351953,388.2184390059671,5.148629940360984,31.84516706929729,NO
4.148662515724926,1.5541633899360592,19.099249558546344,0.6321244001547115,7.0,53.0,4.927148809312128,25,666.4858270590091,20.96515044374649,389.0575382003035,14.008180480677755,22.213473032176417,NO
0.13903428999559617,0.8952841634392356,5.667873434478741,0.5511710716165066,6.0,59.0,5.706879323791629,6,224.04274277090525,20.661083190108567,397.44741675997005,10.374236269888533,19.791151089612132,NO
0.8389509515368672,0.7951517286956182,4.511009062552704,0.5501065836190608,7.0,17.0,5.77925450078458,5,432.093823218158,18.064164434645605,376.51705738438824,9.040279858890873,22.96547262275712,NO
3.7442681632621473,0.7265670864930497,18.355696245134954,2.2207288051884975,7.0,75.0,3.5068209151979666,27,666.8897125465702,20.20284000195369,393.77882717375326,14.547737644512383,23.750973695893816,NO
1.1223319858424066,35.160723678972,7.398972911836638,0.9569911234034798,6.0,24.0,6.728324465146932,3,305.0629729924976,18.008208310858947,363.01224210999027,8.448810369145507,20.604879887983373,NO
0.9217691877487217,0.6645463994383984,9.932030087899559,1.437499308496157,7.0,75.0,2.8388614261339606,6,391.0778267853715,19.79499114338481,398.4894329850486,23.443758731801353,20.41921785437585,NO
0.13105319025255482,0.28838798251436,5.981275361148017,0.6328539627181137,6.0,46.0,5.707982766363049,5,224.23136507415126,20.953462900392275,397.3304662226052,10.011207419057902,20.344729057334348,NO
0.20812249187537918,28.538847833513675,15.946767017636745,1.2691124108742924,7.0,30.0,5.408014448547155,5,271.74754142188823,18.305475621631764,398.25521330595774,6.354428046357269,25.49494831631547,NO
1.3597496093080899,0.421102492762552,28.046594329016592,1.3577729243295715,7.0,84.0,3.392118163996585,6,711.0712383635886,21.621012048150945,397.2786453310913,14.79107229258058,20.18258853294582,NO
0.7278767513529637,1.324313361021279,14.41032965519875,1.9281606867681111,7.0,44.0,6.297683563360709,5,289.35437588195197,16.14504594560666,397.2257025575371,11.91560519454772,23.370215960583753,NO
0.6326045362750556,0.6574019723160262,7.751213915922621,1.7316031781648502,7.0,41.0,5.08030524229065,6,287.9680771565858,20.306901042826276,398.1005346326543,6.913175983664115,25.07857868323903,NO
0.3323954113108406,0.22995425071329095,5.084488149803175,1.7803395480869342,7.0,76.0,4.152231286110109,2,270.8635079002983,17.9058997356724,394.0699201072642,8.428205810017534,22.894652465899107,NO
2.1161199863222393,0.36246729748234013,14.875242298808507,0.58870396810756,7.0,52.0,6.36566058135386,7,289.9098023968818,16.463832425881538,393.0594755166124,9.185544197999834,27.639669803850463,NO
0.722268671288036,20.903389832004123,5.103705898985756,1.526055028057952,10.0,67.0,4.029239444252506,6,265.1315359069001,13.322568520723745,384.6688342947318,8.29802936677387,50.33767376928019,NO
9.941793143997401,1.4437352786790152,18.950162334440616,1.0155083235943372,7.0,102.0,1.2759101561890915,24,666.4144554021514,20.663788718138115,367.04549229153287,10.178051113585557,51.28901303460265,NO
0.22987461509989404,0.42565983974712984,14.548903260453615,1.8730005640718126,9.0,31.0,6.355501610037175,5,290.45233309993046,16.305447544114386,397.683450000368,9.06205115573113,29.955388092568974,NO
2.0728408342557625,0.10114081797172673,7.440692346550295,1.9466895900445573,6.0,-2.0,5.011821935838744,8,287.18010063658636,19.83498246096512,396.95218260381046,8.925209446214264,21.27109473487194,NO
0.3119424764712129,1.3785366436410043,3.3962878395031684,2.4100615643695456,6.0,28.0,6.1259498773239836,4,430.4669067212073,17.554831687395982,382.79210810564075,10.464120167133244,20.40565988969984,NO
0.9746835754909328,0.3167435388805656,14.051773836059192,0.6153536980490542,7.0,55.0,5.35710347412272,7,398.1560948115734,18.76680689008695,387.5579099762357,12.614152847400941,22.052810693159927,NO
0.4112308279691165,22.799268536967155,6.189663587858473,0.9822300111833422,-1.0,9.0,9.218459340904769,8,330.257220053323,19.346884083434265,397.33886522179125,4.903398652506821,44.07423484505475,NO
0.4380910088038513,0.017490760860756006,10.336584365838029,2.675954818580861,7.0,97.0,3.1397260270780367,8,432.39080713077584,19.01654420340176,397.2979472422388,17.324194621657732,19.30286952832492,NO
0.9864861849300974,0.1410011518087592,5.01548398464127,1.1166385668078878,7.0,49.0,4.5222819480264596,5,296.15470807037417,17.04778914501339,393.86846186783026,10.718835945907253,23.547839344262073,NO
0.4001209580845784,80.17115300040882,3.8235467269749615,0.5102103791707422,7.0,31.0,7.304741097555249,5,338.27941250180413,16.267748346242637,397.10699292392394,10.490290159389586,20.01869175024861,NO
0.11791204641721392,91.43209202141023,4.032329840767499,2.044786377085652,8.0,35.0,7.086102770161412,4,244.05764221312413,16.45189835611261,386.88119575691024,3.436537257028374,45.2000221142565,NO
0.4944302550463474,26.0590488148904,7.595209339108434,0.8435006782801538,7.0,68.0,7.68547642060064,8,285.5950040588264,19.859047649156473,397.4714597213133,6.846361728454512,23.018350225556656,NO
1.2410959706388096,0.4078823966920674,6.298290775306184,0.9583690036815014,6.0,42.0,4.305566647761504,6,279.64557832345315,19.219754596786707,397.0728081768683,9.637965302710725,21.64607070232351,NO
1.0456599261450186,0.3525281387551336,7.597966054578248,0.816186400741963,7.0,30.0,6.060282813477732,6,289.19061444524715,21.056282830570446,398.46632370353274,6.600341385861521,23.61236990422222,NO
0.19019878691863065,0.48969496327004397,2.993866892322396,1.6493400572578043,7.0,-2.0,3.433502365278124,4,193.54571616001857,19.34363014928643,387.3585535047624,13.698639883769879,30.09470875976374,NO
6.469547018772172,1.4357582423772308,18.15802580900858,1.4351273622521958,7.0,80.0,4.6862135449594975,25,666.9323252318577,20.75551427801312,393.2763226450224,15.289240785069191,20.381934100777865,NO
1.6539897539393515,0.5072320526494031,4.655304279103363,1.1172871522233632,8.0,54.0,6.143548097536329,3,222.4644360793515,19.46353839761622,397.25085255401007,5.932863234678617,36.42277054690306,NO
0.5545071771457153,12.654401827223264,10.514977306098908,1.666636251704154,7.0,97.0,6.032724354467407,5,311.88101681728455,15.714786639343924,397.86771596123896,19.496783187993238,27.615329091441097,NO
2.110472959474837,0.9361412974684169,8.565454133688519,1.5293781651718994,7.0,92.0,5.595675052264986,4,307.0744027513849,21.557583742504026,397.2140252628125,19.244961298255422,17.040558097978515,NO
0.9207345411674573,0.2393003599122702,10.059930028097295,1.5515459154122202,6.0,92.0,5.556711255576023,6,308.61888572818543,21.585393816395435,377.6347256261724,14.81373221397324,17.172903943916804,NO
7.061516780274288,0.08362028482914637,19.21897008283307,2.0328038080394837,-1.0,99.0,1.925139375297268,24,666.7624546777155,21.81545941212959,392.2296829852468,3.2437525605790927,50.02013423121029,YES
1.5595451341569002,0.7146671828038681,8.539641844953385,1.0866447379679975,8.0,17.0,5.624837248135545,6,288.2272425913986,20.508138020949445,394.73631535264684,5.361965045651553,24.629246889151688,NO
3.8960712534122317,0.6813086791543174,20.237731410451588,1.3507052204124812,7.0,101.0,2.0994299247692796,6,404.1067995649291,15.08567212177272,174.338576324885,27.953780832766686,14.0605651337277,NO
2.6423901278933446,70.25152035790582,3.329583795578787,0.9470066251672481,7.0,12.0,8.745960733773275,6,358.08334243984916,15.003519097757353,373.530306434543,5.055066012117005,29.702093406060648,NO
1.0140733933574835,35.65810660904406,6.461984961988358,0.659821652172536,6.0,30.0,7.466262412608024,2,305.10474219552964,17.60242213545306,395.0753438307624,13.412192261701676,17.893675870167865,NO
9.797374130612246,0.6554042511268595,18.35163287439745,0.9813329470808005,7.0,101.0,1.906230753215382,25,668.339730213853,21.272468146159778,376.5196141323391,22.301997078226936,13.010133086022604,NO
0.8436636374848877,34.21237014602388,3.1744056529906017,0.5884630235387062,7.0,59.0,3.8208191481567426,9,222.58336414375694,18.609993833162104,393.7899366751746,10.328280757752633,29.063587663775746,NO
0.17859433163444882,80.27042834588663,2.612738930161315,0.83586412515401,6.0,23.0,11.701565985282755,6,334.5422486134126,22.655533729328347,384.1156428969354,8.49076148732148,18.785879500438767,NO
0.7522970057025058,0.24590540395904772,10.527830471377968,2.2864134101450158,6.0,84.0,4.762609905334952,5,304.3246435644101,18.41011179105808,390.94768364172546,19.448574046131238,18.950651667963452,NO
7.801025313698329,1.1650145577066542,18.354114849723658,1.1011591649533654,7.0,84.0,2.821639214081461,25,666.0379153863488,20.867262347174627,272.4640765916035,16.62721750394186,15.03889342503552,NO
8.726531636923523,0.038232890616549234,19.543949141302658,2.3854434573224754,6.0,100.0,2.39388587362038,24,666.382189885799,20.73145552694761,397.7788083609505,18.47307967660696,18.45646965105725,NO
0.3461664226850475,46.11839582020071,3.5777185969686744,0.9101584536423724,7.0,22.0,7.513904854706437,6,398.7933373904453,16.562706379760673,378.07036124951736,7.4816176044132074,37.88789903540622,NO
1.2666123964829246,22.595905017556372,7.071351316710595,0.8915207447224935,7.0,51.0,8.530661447400504,8,330.52955362224156,19.16359605450772,376.8930193317512,9.605909786818255,26.016527608573494,NO
6.695995742942005,1.7562773709473747,18.26319752731158,1.2092467297443499,8.0,83.0,3.3726159799196735,25,666.1433238987561,21.206401457552488,399.0650990789729,14.089779465323359,19.792429130976323,NO
1.7910119579331896,0.16429968032295256,9.1092430499382,1.4017576801754417,8.0,88.0,3.3349660484095622,6,384.52944404450704,22.934357096098502,394.95389889430135,13.623410044484062,21.56393482557081,NO
6.336186929248185,0.44248580434093726,19.174703793686792,2.3341767190641116,7.0,102.0,2.4634659504144425,25,667.8172299242601,20.863748000768144,397.3009442416617,16.845955988759624,20.019628695846684,NO
1.4488041187047966,0.40590634812939785,8.225637200272052,1.2848438201109096,6.0,101.0,4.518046663149189,4,307.9293281061986,21.06374318940918,378.2794495839504,13.201523377322575,15.47228657184441,NO
0.49535096189248257,52.901171253363124,6.788530872767402,1.0510209393590553,7.0,46.0,10.880345104299582,6,293.5748302599552,17.297116952372562,397.1074697847893,8.57660313075181,22.44923515431302,NO
1.1853679650153734,0.23861841073128107,3.926057078354027,0.6095542129321538,7.0,60.0,4.485425519394832,3,276.4037644318025,18.11407659359584,359.3796175798304,7.254248483416709,29.83645018970571,NO
4.3375758884324815,1.7996392699350814,18.473417460427992,2.3369311063434335,6.0,82.0,2.761367424443257,25,666.7645407644468,20.59489771192711,391.45672228334945,13.774203741098438,22.621295551384417,NO
2.039339857851,0.24500863620471058,8.467306055532749,0.4851533979341858,6.0,64.0,7.198416448368473,4,233.61161212544243,19.572939929777135,397.11154598747976,16.507310421497962,19.77802006891594,NO
7.795371943331291,0.2749125580774463,19.54967330561962,1.0036367823759185,7.0,97.0,4.362575516887517,26,666.541618240694,20.358321197009772,320.2699507953372,15.81474183054288,14.301748900573621,NO
1.3354762798245348,0.348752133184834,10.40797233717891,1.156052867323877,8.0,91.0,3.793996858885793,4,305.042400193825,19.68607279899107,397.8482987422308,11.95749982194888,20.303991351863477,NO
4.607893755741851,0.35999363959996455,19.95506407317005,0.8917322987463632,7.0,95.0,1.6307936555628069,5,403.8978914383076,15.065812487329515,352.95486944017927,21.696511301604744,15.776929690125968,NO
0.19917771050098043,1.136194287267824,13.997194301199263,0.944436655698535,7.0,69.0,4.461805934925704,1,273.799881535127,21.99252415472104,393.5018421900302,11.845928122714062,23.85004677051447,NO
1.8544535128687896,0.23189726720951745,10.524405869567314,0.5498121347063091,6.0,37.0,4.8319411587994345,4,308.2334769250903,22.714043367330824,291.12770191031547,12.244430334361185,21.45071169201526,NO
2.8493716376974536,0.5128686364832598,20.105811710175143,1.5018162222432077,9.0,96.0,3.7399703571027674,6,404.0606465031015,15.514123701414071,370.1129673959136,4.84980012290405,50.40271422294269,NO
0.33119853327044124,14.73450129008215,6.649793482625657,0.5265873351415851,6.0,34.0,7.314818134566469,6,345.23926467287293,19.56535576069151,398.09879482237864,9.213480937493514,21.58730670135649,UNKNOWN
11.371797427138526,1.3126436139971334,18.440852554299415,1.6794919402054682,7.0,101.0,2.0751949072181732,25,666.6860526458737,20.418563092651308,388.3108063614497,19.654331753632896,17.16066456652507,NO
1.3356777183718223,0.5550247225559078,10.416740547797065,2.7144896727330834,6.0,81.0,3.1575244011423864,7,391.0549238726882,19.79580826236499,397.0856219426042,14.823887676565503,17.767206416189204,NO
3.2506758802567184,0.941434893539917,10.744039100449887,1.1946328742304684,6.0,78.0,5.761115017412275,6,304.61892269024315,18.63327490796454,396.7216561368639,11.914307722575355,18.1317780901524,NO
1.8651336522096391,21.1647776632443,4.783346378111361,2.353607645370472,9.0,88.0,4.205722224306024,5,265.77747059290476,13.171982887049275,390.073074443627,6.1072048327935935,50.97315728750152,NO
5.074119682990081,0.4727526589199115,19.208378480092104,1.1708709988488422,8.0,90.0,2.887271523550086,24,666.6628050923888,20.50686586403581,256.97779459248454,16.994354512786533,17.754935506026325,NO
1.206616487819431,25.602272817733198,6.358377721113514,1.575433116985588,6.0,33.0,6.051990693662682,4,281.5498082317546,19.019401398636415,399.43974233254926,7.305970553506406,27.52581951196232,NO
1.366101608837758,0.22600229676892894,5.924402732688644,0.7503057892398985,6.0,39.0,8.041868577647138,6,224.22101133219505,21.58428254245702,389.7481126299091,6.063042480112163,22.59530491800186,NO
7.6515002734085105,0.534592405135525,19.19429081656244,2.2398670216246273,7.0,76.0,3.0495572187328177,25,666.8151447032132,21.314327028501644,98.3134576299132,12.566453813744634,16.205200382239383,NO
4.580938904029263,2.13227638982472,18.10503398013434,1.225928906249032,9.0,84.0,2.4516834306043354,25,667.3462719616048,21.0945925273285,354.67547038122626,5.878759086035651,22.46904021657111,YES
1.7723416569253512,0.3571116591810772,10.54560304819496,1.3699742499971581,7.0,66.0,5.489868189440363,6,391.9720915346312,19.736999402464345,397.66350708982253,14.280098401413866,21.24097121607284,NO
1.2081413811396189,0.8955141342788461,19.61758798932836,1.4338876493990655,6.0,88.0,2.0156940555872027,6,403.75058626218504,14.893464605636197,344.7231882921382,12.759778520528338,16.80543091072851,YES
0.84235991736464,0.559795133257957,14.096743205645346,0.7253924981442581,7.0,46.0,5.225677404676207,6,399.12504938129103,19.72123127346268,387.0597285859672,11.09603687785036,21.00087173690719,NO
0.9677876266304493,35.43190361668531,6.426870202663774,1.0653352461065753,7.0,24.0,7.691042310336501,1,304.5686498701905,17.414870901280743,364.33211291481825,8.593752322274009,20.12934527478705,NO
8.875117039473793,0.7418940256087896,18.80918720450524,1.3548192606121643,6.0,101.0,1.6118131255188806,24,666.7315537208552,20.206805836387364,396.9853014631054,25.62767705338582,12.788857252169645,NO
1.2892868896392744,0.33798789043445376,9.852132619945397,0.6214876183151498,6.0,74.0,3.218459185708768,7,391.83292846182366,20.834015130379942,397.43783703343274,22.343707047396595,19.814628602940143,NO
0.8446856083243601,21.517283832389605,4.123622568025546,2.002747669120911,6.0,63.0,4.445596257840338,5,264.14493174587756,13.854434992756913,392.78000638477204,10.73388886480032,22.889729551328312,UNKNOWN
1.5277586490474864,0.34891158954612683,8.885021784088076,2.38619845190477,6.0,58.0,4.810378911961046,4,307.6556357165409,22.16342192404738,396.5820350544824,10.38194588669211,19.962308711403647,NO
0.23499694569375956,1.5379564997460768,4.275965059508405,0.7824771089822337,8.0,64.0,3.6649220470495774,3,270.8552423950895,17.901250022205655,397.2002895073939,6.793920754788841,28.7164375827876,NO
0.5436534821839692,1.712013507163697,9.359640014120766,0.6643075929673625,7.0,72.0,3.3325325069008094,5,384.8592001949646,21.405495034729476,396.69762444169766,8.681060497828806,27.238791792946827,NO
0.9307415772546481,0.8058105115592814,7.4509605432010835,0.6810804314853077,6.0,62.0,6.8851696925856185,4,235.028572609273,19.0446163276408,399.3043276301689,17.96430225203208,20.423262276385962,NO
1.685513909606609,20.815638131143967,5.0806216136979945,3.084320018558034,9.0,54.0,3.991561363652227,6,264.23396159494274,14.022726154907096,391.3393353700267,4.432668796321342,44.955254931338835,NO
0.3106344634334073,0.8198769727794046,28.969118724986405,2.4257483248247382,7.0,98.0,2.353514732297982,4,711.0957514311898,21.076033535959105,318.6631312878441,30.28855764345983,8.509387604810856,NO
7.617819446150315,0.9361798577926183,18.13009259923179,1.9523461937928475,7.0,99.0,3.508026882253298,26,666.8646433787916,21.02255586930355,303.61432811200683,24.61765039413843,13.894981654797146,NO
0.3575025456324565,0.699986237291127,22.698605703611975,1.4576909511302931,7.0,101.0,2.89714168778793,6,437.3963058412311,21.634062112708865,396.04217206854037,13.125571569733113,19.581735142414917,NO
1.286482739390265,21.200161685430825,4.190829726078678,2.114312082196691,8.0,93.0,2.309740487264871,6,264.1610606803807,13.007001181086634,388.01492704744174,8.117163449968187,37.137794413867894,NO
0.531152721013504,0.7686316319720544,9.003543163293191,2.3689287249453015,7.0,86.0,2.6823663112782556,7,384.71675918109327,22.75023993177488,388.52917697594813,15.691427225694826,21.625626890785178,NO
1.5014540041709203,20.930401057669012,7.46661673723338,1.927200687609376,6.0,43.0,5.559208990217944,4,223.46381316511568,19.80452121056909,388.7671479047956,13.751467258576852,21.278286195369052,NO
0.39920969240491255,20.998381736875388,8.517214995379481,0.9717869379123965,7.0,63.0,5.10224869452108,4,223.7025119500348,19.17384500569007,392.4393004271174,14.032499910148791,21.79423010343812,YES
0.5043852537664406,0.6058931282468905,10.964841419581566,2.6393168087694843,7.0,94.0,2.8004408813916224,7,433.1100084219087,18.236307513622524,395.6009132404898,17.121527327978246,19.2399591179522,NO
0.5802695473490602,0.7792832024255221,8.715135282036305,0.9563850149038178,6.0,88.0,3.1855061792316293,6,385.5279353961022,22.763631120821408,71.38362526626955,11.558167023266314,20.939371570257478,NO
0.1376140142650789,1.598915068085445,4.189878454437427,0.824154610311169,9.0,63.0,5.065774155635969,3,276.6346292721278,18.74855953099342,397.4481217626951,6.580000217118107,33.545701550543065,NO
0.7097357501989094,0.9812168705371728,5.307348128669952,0.6431579562813441,6.0,35.0,6.13734443175417,5,224.66625253005503,21.018718552549483,397.73224664976374,8.632653348508763,22.82478563331813,NO
1.162703298293015,80.59367987845437,5.218571437065141,2.0436018758035157,7.0,24.0,6.6670375112144225,5,245.72558485991115,20.071250877247312,397.495542383316,4.776629452554466,28.05610592302698,NO
0.34254135015801745,21.78733441839153,6.2669505010225794,0.8932058507089173,7.0,23.0,8.07543296139029,4,243.2714695325555,17.59931596648199,397.0809810772866,5.6052219590255055,25.682961612250782,NO
0.9203044202122014,0.07559041559164369,9.95206553813422,0.6970623315629728,7.0,29.0,3.16955870914067,8,392.09900666411465,19.446186909136372,394.82594903565916,18.68845059808755,23.246147519978862,NO
1.6780250039552729,25.87546418789181,7.210918725699305,1.6462746183982735,7.0,68.0,8.022258717041984,9,284.71896834152176,19.866506467959383,397.1221564362501,8.542246425259709,23.58276574722939,NO
4.774834426366165,1.2641454385322426,18.873455907495835,2.434053199195282,7.0,92.0,3.0635408059178797,26,667.3539920347847,21.126521101994044,351.2215916956366,14.354345320330268,20.41869049993214,NO
0.2587518763104635,12.642354310419211,6.7548507863067195,0.9385084094640983,7.0,22.0,7.0016170909457776,4,345.6827794452686,19.821940456479005,397.02119136593893,8.9771758024987,22.622362755278175,NO
1.8088158057496697,0.13917292981675744,22.62286907778028,0.8886968134993469,7.0,99.0,2.3961017948110372,4,437.72524982366394,22.673378880852614,395.951242528639,18.74290969590455,18.271016201037618,NO
0.7435468060885844,0.8753647001417684,3.6591671995525665,1.5920605289236938,7.0,87.0,4.503420618037082,2,271.63595278168,18.66161905724793,397.40774627671374,5.501737564000928,24.50704275538264,NO
0.9353224014651147,13.110026840692843,9.62551060535576,0.6972063353483473,7.0,96.0,6.95187866207539,5,311.97949189845696,15.308869948880085,398.22863537929067,19.90713644452533,27.855072108301062,NO
1.4094348556775882,0.6133315381469493,23.13268859923889,2.6499836729239985,6.0,98.0,2.3675221634913943,6,438.06833943420554,21.49765019939228,398.2512425870148,13.669588550796668,20.846432117409382,NO
1.4317605314301398,1.3591503329342947,10.446572448715576,1.3840975706836183,7.0,60.0,4.974705611851572,4,305.29630643662125,18.90325410583033,396.3337535205687,14.366096155682595,21.025834409601245,NO
11.682721222642016,1.2429325662525454,18.77689847701467,2.289807476536028,7.0,100.0,2.6331217294276064,24,666.3049534539313,20.41587590112276,386.94600838795384,20.124246963614517,15.477143738545303,NO
0.5313215920897527,3.532645034178062,26.759176563909804,1.1875649981245302,8.0,97.0,2.940624518847433,3,188.19432023928206,20.676410851583025,370.75510668133205,25.83622633208554,17.77940674917515,NO
1.3507014883283646,0.8457781159251383,7.556161262725929,0.746994104038869,7.0,-2.0,5.080952646845558,7,288.44745600742084,20.3184559068862,397.0835541754411,8.30676449423944,20.52722516951372,NO
0.7493302546667202,0.5264420051640288,7.034543246065026,1.2256902120627635,9.0,87.0,3.9381287500502147,8,309.8998976659936,17.760659493615005,387.8933667521808,3.7102237147547634,37.73800649893088,NO
9.394368584819322,1.4335041501181267,20.36478149975578,1.2161438756156264,6.0,100.0,2.4192444064124086,26,666.1890244073861,20.716076733643185,398.80517545560235,21.04064881859108,13.467550520916465,NO
5.353267176587011,0.4495257714487094,18.508834214337014,1.1809902574706406,6.0,97.0,2.604501205996794,25,667.4229905787724,23.485812844408585,380.8513637097469,10.28980387182627,21.75439202000554,NO
0.9238681336480425,23.55716776154671,6.338000102816086,0.7429044824842632,8.0,9.0,7.796334447087964,8,331.6344140271965,20.17542708340467,378.545162393551,4.0781765090074105,25.482372722238328,NO
0.7834479212190821,0.0326974634301919,4.680779760601532,1.1263549980886878,7.0,89.0,3.007038117904365,6,298.77780775488407,16.60324370079466,396.929251475674,15.766879783150443,23.389565631851237,NO
7.950283255197946,0.5513210128506766,18.80218533116473,1.5617948748073256,8.0,78.0,2.3269285151544175,24,667.049135269799,20.490790244446455,97.91640143327237,22.55431047383643,11.232371711667074,NO
3.114534560558007,0.15339803867985835,20.633556627006296,1.9994963478142196,6.0,99.0,3.1440710948980852,6,403.23772276016257,15.82098735875023,263.6327336505507,15.869039574141691,20.347836790551153,NO
0.8684968890176179,14.368256214925557,6.979604988790588,1.0186237069301332,6.0,34.0,6.728249769528823,5,345.6945893815299,19.131035326283936,397.07374472564226,9.710039133514071,22.589416108762777,UNKNOWN
1.0691239718587318,0.23514653790873244,9.771026299887431,2.650556517974156,6.0,80.0,2.9732654729726784,7,391.3691932842287,19.943294603488738,397.7342389002283,15.238462231322442,17.042447523595264,NO
0.25637528505930823,80.76968458354173,2.0104699841837586,0.6982912490467481,6.0,21.0,11.02338709194997,6,334.5024868812606,22.813226194174156,376.74845036095,5.605088120880074,20.79821908835113,NO
1.2890211552141908,1.0186500651250077,8.411668274150706,1.08212779534194,6.0,99.0,6.219108078723032,5,307.8918762723951,21.762780721487648,377.9503036988745,21.054802006964152,14.765197222019067,NO
0.27061417897614803,25.09813531064907,6.346115692928942,0.6143114037095438,8.0,49.0,7.618592342896069,10,285.6696984850507,19.877119727139124,396.92173773403,11.243284764700817,20.08899798988096,NO
2.2934229551262373,20.211095707846436,4.490222679318481,1.4411728401084987,9.0,92.0,3.262584447692419,6,264.2983918660894,14.315187784734427,387.7269155233309,7.17919861924887,49.68475584665502,NO
0.239799711455235,0.7269452127304068,14.871381616998306,1.1170438407989236,9.0,7.0,4.455722464113121,5,398.04585293170777,19.081754887434283,395.72297909823084,7.757064223027213,24.300787471365794,NO
0.7152583467298176,0.7407375705664355,12.51203479941474,0.6132583185620826,8.0,69.0,3.317211379022505,2,273.7458627755424,21.611293587782512,392.6340629243669,10.59957443134873,24.053284533932096,NO
2.112289023393643,0.34642931729972154,4.303552531362503,0.9188085867686189,6.0,34.0,7.080719183058519,6,431.26514520198367,17.700308456611236,369.181803221868,9.184050487177892,20.96518602258667,NO
1.2998212717579518,0.3923376897560462,22.332439442570326,0.749792858704041,7.0,98.0,2.4776759093159146,4,438.74009220358226,21.582654030881656,392.2924994919049,21.794210539598158,15.129054840738235,NO
0.7351711517750541,0.45953328453002373,15.109512249902115,1.14832631079324,6.0,58.0,6.754844073419333,4,290.87782958168265,16.10729348509753,396.9105564292591,15.909700123973188,20.793471973729982,UNKNOWN
2.516494873606155,2.1456144189367463,20.371276839964892,1.3855457735486905,5.0,94.0,3.273981955720455,5,404.4366344692341,15.114114078626715,89.2168622287125,16.307968237488378,13.441122318237632,NO
0.9414137485767345,0.277505311661679,14.833636608550282,2.172364199562347,7.0,96.0,3.20190607046067,7,278.11300220317554,16.71023028940628,397.54373528893365,18.813501281925365,22.961280529734548,YES
1.5727381140724905,0.7763002689753155,15.474385909397176,1.4007669827317852,7.0,59.0,6.386900501074818,5,290.75421009067475,17.38421828093079,398.1717163968126,15.870699179816325,20.350872556373353,UNKNOWN
2.3942963633916126,0.21197433184937917,19.721004943377444,1.4346015891847024,5.0,96.0,2.6021201494675488,5,404.3511740421812,15.101714940780916,392.58383354187475,29.945377163719545,15.41204000870243,NO
1.128922634769546,0.010471523111430393,12.050182870450207,1.018340083786142,8.0,91.0,3.049196225266586,2,274.36970205708633,21.249492601825686,397.7885383288539,6.913217058047474,24.656052805205828,NO
0.9920704414153955,1.8424720144108118,13.227907929341352,2.062332921579772,9.0,90.0,4.741809002500672,2,273.1392986801308,22.224872800405034,394.290506413614,7.301793062284729,22.148800149595687,NO
0.24796910767429572,41.25124240352518,2.1610665181109012,1.0449611784841943,7.0,45.0,9.009573223768946,2,336.5669790759012,19.961068059300906,398.0797064630183,6.348005110676736,23.04165727329625,NO
1.718611310505831,0.30151373408896387,8.501680717099063,1.0312796014415875,7.0,98.0,4.862397326378143,5,307.53590755951234,22.717450015296926,249.1720633654005,20.52337640213924,14.159605073186114,NO
0.7937894956136203,21.350569846642824,3.6577273480980184,2.520486965864362,8.0,65.0,5.077714798267216,6,216.82261883592062,15.016462928532418,387.3398531517925,4.689770200183909,45.902681174364446,NO
8.705343600426579,0.5555865507126878,18.73540210015358,2.0704443632939737,8.0,67.0,5.280499690974339,25,666.1576434183339,21.129210488793895,397.76936142171644,14.542944268543854,22.801574995449286,NO
1.2479987016596015,0.13050966918006895,5.848409553788409,0.6436149850318122,8.0,57.0,5.645843690830127,3,248.183316153227,18.80509139022639,392.41048717499876,7.0891365722025865,26.785544543048207,NO
7.487053709056143,2.00742516110767,18.174218845223198,0.959727370154276,8.0,85.0,3.849039845458928,24,666.6564872362436,21.183942048864946,397.802623067847,15.721003496811726,20.950321527796397,NO
1.09621172017181,24.09301984026834,7.365183224854966,1.1478800845367458,7.0,80.0,8.342068890228267,7,331.0054889767379,19.526042262334013,376.2927016293501,10.46987037545077,20.565149724841756,NO
0.33046145609803057,0.10212251082173426,8.203388574683467,0.8115846169681812,9.0,61.0,4.971516417444658,5,243.44377071015364,17.96310211993894,393.3974537982518,4.997225084407392,34.75779014393064,NO
0.5125031378683405,0.24103620894160696,10.519546780324816,0.8455701281933796,7.0,-2.0,3.148174872680828,6,432.47631393416447,18.21389624545964,392.5862729381019,13.765774809837863,19.44306101426185,NO
1.073743370676895,0.33080933441657256,8.643707227235819,0.8306119516257952,8.0,4.0,6.773840327892999,4,234.33188061369538,18.4886343583701,386.6594386463715,4.999235951571085,26.9773886574863,NO
0.47161047584021487,90.19466891014291,3.8714157163553304,0.9627333243849361,8.0,35.0,7.148593638469535,3,244.27751241517302,16.375790473559526,386.80557187290935,3.1662579204532575,45.887409110988,NO
5.511191658878622,0.10910027588782979,19.27511432588845,0.7584435764986734,7.0,99.0,2.3816482336027294,25,666.0245975217867,21.867108362233523,355.9579801445107,18.661405990005967,15.367373359502015,NO
5.8144429203224774,0.028600941475952844,18.44131362310685,1.4416896032481494,7.0,92.0,2.6147840606650417,25,666.5004017310926,21.098519131700233,385.11522422538866,18.84801650285535,16.2590171691403,NO
0.9518997397896962,91.77231755715424,2.2231120865683245,1.5275869881531736,9.0,22.0,9.357717039975489,5,226.38495311561502,18.814383513007428,396.90771496698187,6.688097248165056,35.700349850544676,NO
8.188157972127074,0.32131530680228376,18.12094171904183,1.3675079077589936,6.0,95.0,2.8945299711613766,25,666.677196080257,20.233325962990726,352.9354567621836,19.832972055675118,14.600683250742119,NO
8.07088609912975,1.8558749797563514,18.418653627481593,0.6120081219639946,6.0,98.0,2.0350185999491757,24,667.1357412965796,21.68719604677084,315.2932802569604,27.675981602926903,18.167869220200565,NO
0.13787631687864377,0.41743615615936547,4.97147643285352,1.7056470005465592,8.0,57.0,4.876671434391068,4,247.4182644682748,19.636817125878565,393.7027626586163,7.405786530257619,26.986809574353828,NO
9.92052532539106,0.8763247757696954,18.30173392800259,1.2820833051468945,6.0,90.0,1.355786583452745,25,666.5479668276539,20.986182040891222,349.29865071996716,9.100641536800948,51.36169865331471,YES
8.72022708061346,1.3491341705708881,18.566067619166372,1.1044288923099623,7.0,99.0,2.2890128470549937,25,666.1311796913045,21.148303495377263,392.44394405141674,18.652186565690016,14.356185855993244,NO
1.092933880808241,21.26494327148834,8.832451174207696,1.139958739810369,8.0,43.0,4.944653988291024,3,223.47137692875825,19.196052124353276,389.16718427952475,14.073164502987341,21.511144292662834,NO
1.7125714095788698,80.52194882447573,4.066039540743067,1.771459847474922,6.0,19.0,6.717095439112226,5,339.0262241957758,16.474364129393983,397.41566620024906,4.929684371531443,24.96001713875531,NO
0.6621883401101171,19.286325884472113,2.0834464135564175,0.8088028003814258,9.0,60.0,9.308915180280973,4,217.14091132440595,18.757125711124228,394.755549851104,8.339433887704763,33.431472057836366,NO
5.468604854688929,0.29747249903231643,18.898539264034792,1.079766445367794,7.0,89.0,2.6723102388092204,26,666.6377356765249,20.28044553424798,375.13753766526884,8.005879281418682,25.08084993376888,NO
1.3162230910246524,0.5484497482673363,13.92274118299658,1.339907345281212,7.0,58.0,4.311690764616693,5,276.8177330486465,16.41057464716904,393.5610716508806,14.172017571319582,23.656875379852302,YES
2.0371512377126,0.11702654430310168,8.183559215242655,1.3390309578232136,6.0,95.0,4.749655934679299,4,307.33877549498527,21.60171439909425,359.521372256968,18.871213612893868,14.149138287258223,NO
1.1071076624739116,1.2656027546621968,8.992665974516525,1.597640534667946,7.0,55.0,3.47037840199631,7,384.93158679078925,21.390408657933417,393.73302715632263,14.586148143674981,22.315294049695265,NO
1.7217614085554664,0.16296704604761894,21.972130760344132,1.003910295009045,7.0,94.0,1.7792771384607857,5,437.4951276833728,21.434942353313843,389.8373908191166,24.469816600381108,15.03840377413745,NO
2.2923136949264777,0.6291259474891294,8.318452911585505,0.5449943330701026,7.0,90.0,5.669625872919216,6,307.5612447820291,21.541555543309325,393.09210704307014,15.226867943843205,20.012552227715624,NO
1.2582971998403991,0.6390887036920854,8.494599284404353,2.970360619197546,6.0,29.0,5.451289861364717,5,287.9070870758421,20.237142866637978,397.52261964609215,7.0600523067059875,24.159661572994786,NO
0.9089408984685928,35.10997203348253,7.13994943273027,0.6411943571947077,7.0,41.0,5.861526754989125,8,329.1879800814081,17.653064239741887,395.8086735268822,9.680704677553727,22.64028656353151,UNKNOWN
0.3860558038956208,0.09116467380095239,10.557379002872771,2.585824454745686,6.0,45.0,2.610050675798845,6,392.19135093360677,21.213699128624274,397.38916659894534,14.32873047544112,25.124664419542146,NO
9.83811925450147,0.10569957899318846,19.22489658757471,0.91263647535501,7.0,96.0,2.2028978728058117,24,666.1016978922239,20.438413780927263,61.552492728671226,25.274742689560483,9.764974078695484,NO
1.2181753143148115,70.53044324179204,2.5806354132775087,1.6089020116965438,7.0,49.0,10.535805764044003,6,358.3784488948175,16.09737565021507,390.90768931430114,6.119711951334492,26.554829647158368,NO
1.2903959865144166,0.18247694972904735,10.563431838624018,0.6991931778621228,8.0,74.0,3.089971442485411,6,433.1569604220607,18.16385383768133,395.434787523645,12.361755507672383,21.647293674622517,NO
6.2039982884148275,0.7627980756062265,18.68326904158837,1.5279742248343364,8.0,88.0,3.75336362161217,25,666.630994201975,21.203468809994533,101.23012115283353,16.662001836457286,15.516347210374596,UNKNOWN
1.1019854819753534,18.813906800978096,1.777604324732341,0.440389074192744,7.0,61.0,10.891626033946482,3,216.34323401252107,20.093959865724887,394.13026597975767,8.241629647018183,33.50101958857997,NO
0.5271813710544222,0.22517745694449598,6.650087503046606,1.276359270969476,8.0,-2.0,4.4936975086139075,9,307.5118369819337,17.586813684499372,378.3048866461218,11.803842641187186,24.412444675858797,NO
9.709922449474288,0.2120945491410619,19.713113793039565,1.5360486871799026,8.0,95.0,2.1911929909273504,24,667.2065888989795,20.698177241597037,397.3898444649369,23.593183672678226,13.753188351559896,NO
0.504905323861898,1.9905263111243954,11.817657392436532,1.357879522545502,6.0,93.0,4.701154114997736,4,277.86688704723724,19.38616390913574,393.4396768272355,18.05377586162445,22.346912838808706,YES
0.4791569561780406,0.7740596973015118,11.41389284858672,0.5133969393103128,8.0,54.0,4.5548822654139105,5,277.4419398961428,18.67752351994517,391.6300504143498,16.417424572561735,23.598282101291176,YES
0.38250485563709447,0.15219942605275757,10.062992078071769,2.593841292943998,6.0,72.0,5.01755453130963,5,306.7058611390155,18.697410022203467,397.14959668487523,16.826495397884912,20.459559283670423,NO
0.2448976034772403,0.45373420034219614,6.792077176284292,1.18321981751592,7.0,59.0,5.177775413565548,6,224.1646592214592,20.444667880890453,397.297206953798,11.867491637135858,19.257352728344404,NO
0.9728607610307646,45.94207252044666,4.588642627354657,1.73492020267114,7.0,40.0,5.5570538329825965,6,398.36539140714507,15.26068787119362,398.0827612951255,6.920249996642669,36.29730910530519,NO
0.07948587151611988,0.4958914065896346,13.20211759137215,0.6392747420845715,7.0,7.0,4.726390239869884,6,398.4949537991357,18.852911830010374,396.01027337818863,8.265438813146401,25.70556992632949,NO
0.8040047059087051,2.186786326348227,5.798878786653364,2.010308046886457,7.0,18.0,5.266879238592663,4,430.5056768540871,17.962305944503132,376.98437086756445,8.28960421751457,22.78101231723095,NO
1.0592555365239087,0.820632527043035,11.745258710921656,1.5285318588762842,8.0,78.0,4.736524254517924,4,304.9662306578314,18.648488257287042,396.79291578690936,12.453550527188112,17.363390538876175,NO
1.3305521635715953,0.026739443340168024,9.397093802733961,0.7568671688922187,7.0,95.0,5.118100276762295,5,308.33062217047757,21.848333297371344,388.0882420694957,14.28593027587658,19.931008162625986,NO
0.1737576618597785,0.3108582893588537,25.858620160487067,1.7185585762913875,6.0,97.0,2.5471797072983557,2,189.57832940746755,19.669975437312324,370.38196073282927,25.983186270225723,17.61013732297556,NO
2.4362519908769866,0.31933066167166557,20.028079512998737,2.6131990910830774,7.0,99.0,2.3337670246443527,5,403.9718172088621,14.936999222393972,262.10558231693733,15.890285352530544,19.597736185356663,NO
1.2443625757405803,25.867770634491574,6.382220136848519,1.1040420879466535,7.0,67.0,7.6018953957771815,8,284.69180687201776,19.727916140473887,396.0590583284546,13.486285738718147,19.010891530797284,NO
1.979171984213787,0.28520403151198714,8.844604633803648,1.5570534102619564,7.0,92.0,2.8628395646175355,6,385.7393606403799,20.997178332794284,393.69208962167033,12.872594549655014,20.651013296375215,NO
1.9789015048423886,45.84894254456384,5.553130879706489,0.6696302141359507,7.0,42.0,5.110667924886223,6,400.27978830144093,16.264424455637005,395.04045660106004,8.435641852755099,33.64220274512717,NO
6.814601806187312,0.24120213284186648,18.866389204667925,2.01006612758193,8.0,97.0,3.2807211673544234,24,667.1713722152627,20.92093661448811,319.1416612289138,19.79837400831836,15.190706733478702,NO
1.1499496043446689,22.56327433419718,6.468418541969222,0.7040703978065879,7.0,10.0,7.563070876882938,7,331.9712357139423,19.493484588091405,378.1269536113946,4.5875230147431925,26.159244656122876,NO
7.981282983894156,0.5103612741173288,19.769055434946775,1.035626547949251,7.0,86.0,4.44732228750203,25,666.6465618348067,20.937217064931698,397.86363451427076,15.346292132264416,20.93872444318916,NO
1.8118247250233763,22.525853969739547,5.993008272860056,0.7661063732979843,7.0,14.0,7.867111634112562,8,332.0161687285236,20.864058097012705,397.47271305141993,6.243078930717668,24.80628615888981,NO
9.547552851566419,0.9778611394006426,18.53193920685481,1.6320516337091469,7.0,90.0,4.125598988203745,25,666.8909114229485,21.48105911709208,348.47773816496453,9.012276430823974,50.80446330709056,YES
6.123642769126672,0.7284946357543939,19.129655044667548,1.5315844478042253,6.0,101.0,2.9401276747451406,25,666.2291308551496,20.448150183607765,396.2764228163466,16.939672275926668,18.603042646132778,NO
0.5673996357541484,1.8829675820184186,9.096372145916469,1.9344081012820233,7.0,94.0,4.105836434583792,8,384.3304526936919,20.967568921675305,395.9073067081749,19.893020345012054,20.126079391140166,NO
0.5598180000958277,0.7257118173100274,6.968492275292105,0.7958478476501197,8.0,5.0,6.296884715901384,5,234.34638009663382,18.269112501428857,386.05301165780946,6.618435169786163,26.786929119773024,NO
0.5935883609030781,80.59215148674946,1.950219252201587,0.8679735081585189,7.0,21.0,11.125155123767275,6,335.354413970224,22.584735659344087,376.65463400225246,7.87182761479162,20.92608012765244,NO
0.840303612009641,0.2599237871289733,10.53998918868233,2.3950461353935584,8.0,92.0,4.962681839533007,4,307.4716095068569,21.623658110770528,378.21342717995714,16.765618745217676,16.836301536902795,NO
0.8032613105148569,0.717413843559757,7.378374068653035,1.5489845789828949,8.0,79.0,5.3445987535698,3,242.93051648515674,19.04144312981299,397.4588172160738,9.985109762040473,21.889813184200108,NO
0.27643616665499526,2.4057894530804362,12.854614914502282,1.2013408925823013,8.0,77.0,3.089774527270438,3,274.25932843987414,21.187092612887817,399.36222102354793,9.835890478877769,20.66592557230912,NO
0.7188797689421986,20.636318382771304,4.026903433771057,1.2356823635663066,8.0,90.0,2.5568476551905954,7,264.5608207390461,15.843602791816556,388.4150412090839,8.967497029184894,43.98258231880184,NO
1.2647014853309102,0.834485332714643,11.884626560192627,1.5600443166705256,7.0,7.0,6.862548060572695,5,307.1573312029111,19.885086675312287,383.83029671312386,8.428353077090323,24.332101165522605,NO
0.9422069745775937,80.24570881403193,4.406615601440343,1.109785443048866,6.0,33.0,7.241990427512874,6,337.78402868823946,16.215894497906532,397.4667722797942,10.587526363650603,19.921674096972136,NO
2.885384744288474,1.8599019389848699,20.933104225434086,0.9763756904461726,6.0,100.0,1.8058590568530204,6,403.215578645528,15.01322391465667,172.96885619367126,29.066977624960362,15.10773297095778,NO
2.48389364817169,20.8128262093394,4.524852354781074,1.649147660503372,10.0,92.0,2.5854346464927223,5,266.5186407527231,13.082984558237865,387.1693761761254,6.634825137753996,49.632394933799475,NO
2.0870080638281125,0.054954015576025375,9.007707048487685,1.1270067192066544,7.0,92.0,4.748584626262459,4,307.42247107549935,21.26593646415181,397.19552417744086,20.622376393698573,15.357477633845116,NO
0.16722271913573084,75.45217196138593,3.0994916509239134,1.617793259114917,7.0,22.0,5.877812305482907,4,252.65266698378844,19.16181050055594,397.63761372391673,5.401454574409989,31.986020316284552,NO
2.040385579604833,20.564992055996665,4.343162765597474,0.9916245031096528,8.0,94.0,4.154647536261129,6,264.5510953396546,13.604085856848789,389.26728823900476,8.91418380629673,37.35318748027618,NO
0.8981690652590208,23.167220328070577,6.199646555022438,2.0537058500291545,8.0,35.0,9.930809885823463,7,330.88181568368213,21.26595748610842,390.91903596882327,9.838405080763234,25.202603030147454,NO
2.7867591349649823,0.07975566581109164,20.459058842595677,0.8354805727475896,7.0,79.0,2.8505159220356426,5,403.82410912081264,16.226517274497155,228.30089415019415,12.845013188902206,24.63258291232843,NO
3.524104548010557,1.3071010657785773,19.759721277207262,2.484355702377733,7.0,101.0,2.257541625825048,6,403.7279866837129,15.611314128478696,398.1971229050879,27.221488801420122,13.634913193112014,YES
0.720736925229807,0.9162385151198172,4.860543498813463,1.5028675935700078,7.0,49.0,5.936871246781458,4,248.8774607342363,19.41030578145319,398.43470381603305,10.483198825175142,24.602952895937996,NO
1.075527010575627,54.11642457233447,6.135248422413332,1.4455648883507755,7.0,24.0,8.348119966038539,6,294.88122918267237,17.124146409873273,372.68066155812284,9.51533151272237,25.319077759369602,NO
9.1170588708943,0.5289464634001939,18.78063633756815,1.5445189528074794,6.0,99.0,2.312558736117377,25,667.7704707959622,20.612174899748066,315.6324276255559,26.617277622926405,18.512957180708135,NO
2.8591808427801038,0.6910379850123904,20.3302484673169,0.878974848000124,6.0,98.0,2.609323468849706,5,405.87232059976367,15.614054232845474,372.91483504270883,14.99986456161678,21.746151948269695,NO
0.5299598332886635,81.45872861899723,3.2700806167914465,1.6344870128007782,8.0,38.0,7.891711616391673,3,329.5508607702575,13.18509058393817,394.50196640359377,6.751027303072887,36.075012378554405,NO
0.8323391684513899,26.664651841042442,6.254783346352974,1.6122682180008758,6.0,48.0,7.91355518842842,10,284.0778175450783,21.901181854712053,397.0634745816018,9.400464165989087,20.503960020377818,NO
0.3183540371511404,0.6278578326767589,11.950499843204264,3.174278116775029,8.0,32.0,5.07782709276987,4,277.0932368551895,18.996446076327388,387.31385128200674,10.325034201204259,28.320891159314613,NO
0.26201842704543615,0.4565537686050154,25.81957382959773,1.3505366890064616,6.0,85.0,3.4909714267385965,3,188.12922500298063,19.608355395204818,378.3708025135182,15.205881586848479,20.862883804474123,NO
1.5465067337437999,80.12345460532345,2.7411979303261997,0.5592202613765539,8.0,38.0,7.977254944024189,3,329.62065507839185,14.621619374721252,355.0210460960946,9.31107279088402,30.50590466904751,NO
1.1760231052762096,1.7617849372298402,8.388050140350199,1.1858675666272014,6.0,75.0,4.797199143053679,6,287.91624135739255,20.97633234444488,391.45047400340354,13.42939319060014,18.889055941850994,NO
0.8650498297192042,25.62242657862743,6.021250850298556,1.9521736288590938,7.0,67.0,7.935062190229174,10,285.6707539181267,20.200801779187906,396.06257795791294,13.684116648629175,19.884911843324755,NO
0.5438163798736054,0.5897521510981776,2.383088833332288,1.4232768508330436,8.0,60.0,7.543106288964196,3,422.7869985813391,16.6333346691564,391.61461190517434,10.463586770672935,17.09897558224297,NO
12.121321385386791,0.7446640661575686,18.66558357549318,0.897530973232117,7.0,101.0,2.355076331851069,24,666.1702983145196,20.348962384451184,366.8585113513853,10.702062935609485,51.84389699488647,NO
1.6290229434302796,0.8918151287496697,11.012869017507478,1.1189020492419384,7.0,44.0,4.645367022980829,5,277.879895450382,19.248255573292706,394.5266115051047,9.498721143327744,25.274965196321997,NO
0.9937511726014268,20.13496280965795,4.346552818113963,1.7650603420098563,9.0,88.0,2.024869314429811,6,265.11405547210154,14.448138863589886,390.1020966712563,7.695726948161602,50.707735396002086,NO
0.947393192294538,0.18274669607960223,6.360684959117751,1.325985882388651,9.0,89.0,3.88152031139992,9,307.7239729310582,18.24798353647196,392.25335399064136,10.141238339193839,26.7767735557268,YES
6.603476484799668,0.9435041779970569,18.295425736768163,0.7132526543074357,9.0,78.0,4.430945597838339,24,666.8600199931963,20.63818617368349,396.0236946928727,7.684668976871867,25.339456352992446,NO
0.531880535035333,95.88970035765679,2.7269956223097096,1.4664608910376322,9.0,34.0,6.490268226675371,5,225.97269946973094,14.809644958474559,393.39770003147083,4.374011869020036,49.058022478225524,NO
2.8223458934951617,0.47289740259977575,18.98009281212774,1.0211475872012394,7.0,40.0,4.269650850553212,24,667.8223393050075,21.179696120707952,394.9457779844258,11.6906789019032,22.317449516230045,NO
3.261984601035959,0.7236054061370901,20.21296623097143,1.8886999927620363,6.0,101.0,1.914396090732156,6,403.0518373972115,16.08729662266644,342.1635478681914,13.41019420065639,19.693066633541516,NO
0.2780369444860692,1.6698123674640923,26.066466971326726,1.032786927597534,6.0,85.0,3.9399104852274913,3,188.41340886367618,19.433627028245713,379.2570407264201,15.547639071092256,22.048754395460463,NO
9.869786898312038,0.06731068601960613,18.293765891609354,1.4642848370879507,6.0,100.0,1.6252050634915385,24,666.3574618461878,21.669960381254572,397.51166404144533,24.075345291785144,11.325785486020811,NO
0.2832173853177285,1.471771786630456,5.230091608226891,1.2912781488551808,7.0,50.0,5.133718382409961,3,247.30169631117403,19.331253409702445,396.95037954717134,9.66033820892726,24.808745620693568,NO
10.66358358649965,1.1413972840302213,18.941417150022545,1.0093266779478536,7.0,95.0,4.277767512487892,27,666.484400521712,20.64051313128118,7.4729315397434135,18.7922076417076,15.02447584251632,NO
4.664948746634238,0.5685291183551754,18.955340833322733,0.8937010272336936,6.0,96.0,2.2147133501948124,24,668.2762294255652,20.721880491556288,380.8458857149533,11.70776557097731,21.176207878256903,NO
0.20261067244473424,0.4259593750942312,9.139026087429873,1.047364892077069,6.0,93.0,2.544076006461351,7,384.612021470737,21.20079545699144,397.87167912169696,20.995219911731194,20.016207371500798,NO
3.0202620004916514,0.8654491811501316,9.971563325873381,1.804088673695717,5.0,38.0,4.0885197439450955,5,304.36479035319627,18.462599996367636,352.1764045541736,12.772359361133455,16.280926473226742,NO
0.6908380346503787,0.7119583217689763,7.801350488891396,0.7532785114405084,7.0,62.0,6.863629469345754,4,234.8231589795418,18.067971293506115,398.1651052666728,16.577873449901645,20.761343324761903,NO
1.9457529428962563,1.0439503701363908,12.816405420564564,0.6693811374153031,8.0,69.0,3.7471543359847868,1,275.34978642495935,21.543606451859564,392.0602238591552,11.703209523962137,22.652227398723934,NO
0.858949750343907,0.20207243981834075,15.01183682513473,1.241951234070616,7.0,19.0,6.99129088499949,6,289.18185261583756,16.821202143031076,397.2651412015198,11.492222360591033,25.563381386362767,NO
0.8704907134314334,1.0199504123677428,9.554584992075123,1.3953926135687769,7.0,98.0,2.494333697714215,6,384.2041225895449,21.172251455522577,395.33803031474656,13.383839688726278,20.28740490616553,NO
1.5361831415992868,1.5393417804485865,7.028674938532745,0.5603955937324085,9.0,79.0,3.985143034575763,9,308.9579579353918,18.499467461098885,386.137796216563,4.786777497446172,44.82569881827469,NO
0.5908760564306331,22.037025964475266,5.909203024846996,1.684118095051552,8.0,50.0,8.147146702683528,7,330.13252186047964,19.299008146822914,374.81617083174467,10.610371447505925,25.825877821993178,NO
4.492213166736069,1.8175678279355358,19.690599854192023,1.4478926921560946,6.0,89.0,3.506686480820173,25,666.6055697247851,20.31661480626256,354.73330536251996,14.989758412046378,18.01312624156419,YES
2.143138831854442,34.354791756256596,7.072325047634555,0.8168238747852399,10.0,18.0,6.161567736256131,8,329.3288587020016,17.50183696065583,383.93640287280954,9.704199930849292,27.02010709447703,NO
0.9983520614821516,0.494442374824752,14.181350036610786,1.3976858726798052,7.0,45.0,5.757909309390869,6,399.348851565475,19.611764119712063,383.8335550956443,9.890426160892646,21.922114091641244,NO
1.1728579527606753,80.1665265512669,3.1709417177671178,1.145093093431595,6.0,21.0,10.757168893278113,6,335.13806484972815,23.526237685704583,377.2271467945132,7.08337534799311,21.311177135048943,NO
1.4391512224602105,0.7557824148352349,23.35367628406978,1.3348389600752242,7.0,99.0,2.8278088697330466,5,437.24495604037577,21.54315801392602,395.1227048133875,14.690614162863444,17.52394509474233,NO
1.4509972121000592,0.7259733096016374,8.152176770906673,1.0458024047448575,7.0,83.0,4.0466104185191005,4,307.01820223305924,22.335512708259042,233.15284758642335,28.7068643889689,14.366924099905292,NO
9.570801918965271,1.2676345180312356,19.969213052815032,1.3673314606867288,7.0,81.0,4.236570631035438,24,667.3457080046094,20.845406906603085,3.967550824466544,18.35983422384694,14.13617762830526,NO
1.1653707885476683,83.59276564994671,2.9891113237552043,1.2885941657203295,8.0,16.0,7.102117350195357,2,348.98125517383335,15.508074980821974,395.556345440675,3.5096493269678546,43.540761005457775,NO
0.8221326527215934,0.9642968036986803,7.660372388896458,1.946892933691153,6.0,-2.0,6.227253269534656,7,288.27753353390517,21.71739541904732,397.5215526864796,8.427683943941409,21.974670548043992,NO
0.9937613131217907,95.31392547105693,1.4907915337214612,0.9570490301222095,7.0,16.0,9.095298261974571,4,402.09008720107306,17.058534371492357,397.31568848636635,5.65760070643278,35.21878618482714,NO
0.6299529999900549,0.3645471798148645,9.21269378493108,1.805983739933129,7.0,63.0,5.268185559692104,4,307.62001715645886,21.90258780389518,398.289366274064,9.380041302041548,20.780015643774686,NO
1.3981142801924273,92.17761844941406,1.5337832919743999,0.7600313778037613,8.0,22.0,9.236822717268412,7,227.4489596757671,19.198519125772485,396.019570004858,5.37382236470863,35.74172349238792,NO
1.54342119451095,1.922996004740125,8.359775712909252,0.5518298065711895,7.0,87.0,5.335985855279382,6,307.1874283349751,22.13216705045547,303.72548913445087,17.683863195002136,14.978403616804115,NO
0.7161263831270442,0.20963437191660264,12.344009947615966,1.3517866207389266,7.0,23.0,3.9729392157977346,4,277.0448489079174,19.72563739129969,397.16099098588717,11.300597529564916,24.174571141884883,NO
0.5562418372715456,30.04396319752069,6.624596483576715,0.4726319556488199,7.0,19.0,6.623183512296905,6,301.2467554265296,16.77870153583211,379.5628011647422,7.251541391773658,23.899775539933778,NO
0.3777055786325367,25.38854266778645,5.191916371064159,1.211507029688018,8.0,96.0,7.516319532669501,9,284.67420846856214,19.79355381557797,378.98406231156764,15.287783890031411,16.952164863965148,NO
1.2210454339940617,1.1749549671313253,8.237397194479968,1.0729462541219132,6.0,30.0,5.98305687943466,5,307.1135550810102,22.89452875286126,386.9722656007557,8.935860657887599,23.17262188853623,NO
1.133843612606911,0.0013899224264778821,7.008855668542,1.7791695386909845,9.0,79.0,3.869134256780497,10,307.21297904002046,18.96238870706242,385.6222001790393,4.146776499523709,45.65979028222741,NO
1.0551903372723435,0.6319842171508523,8.273851737763447,0.7305126824214407,-1.0,89.0,5.110451924451534,4,307.9449417556532,22.01864686618131,306.47133069849224,17.49991557061573,15.051270959593051,NO
1.8831439962325476,1.674770524949698,22.883231064609504,1.798248224611628,7.0,99.0,2.483525141418707,5,438.77904267504323,23.063421408042537,395.3677624098803,14.00197101274887,20.667889215226307,NO
1.0866049249011869,0.9465026576932132,5.308165362710882,2.1916790255421885,7.0,46.0,6.319148947849358,5,224.06283980125716,21.223117567357534,397.06883192722717,11.192965648020852,20.035174221694653,NO
0.04144174584379473,97.47001727343196,2.769233624416155,0.7933389587691182,7.0,17.0,9.3630980113501,4,404.30815122129377,17.53096072249844,397.28771710413224,5.53734943464242,35.10958164901268,NO
2.4108358501727905,81.34871214561294,5.16491702227,2.5503494914017493,7.0,23.0,6.318498144696149,5,245.0172577492353,19.99876839594987,397.5826391010536,5.212857870777009,28.859566728050762,NO
3.0212491350960775,1.1702164312120478,22.880242643122756,1.2315045329183496,7.0,100.0,1.933014467998913,5,437.623256109359,21.600104278923425,397.22723203501926,34.77369135201816,16.111988233583013,NO
1.241701622908833,0.0953424144115066,10.591743382279194,1.2509025110494383,6.0,79.0,4.08738258185712,4,304.49248423165875,18.632399423144072,397.1468887883771,12.980668584081712,16.359277642757778,NO
1.1283534691754211,0.008974644219386957,6.468619439145813,0.8022566268857005,8.0,22.0,4.204993643878325,8,307.58817530654073,19.0574187649939,380.93577934024563,4.69180657605957,31.60346654581188,NO
0.9126813297321847,0.8515528610707798,3.24252768306641,1.1904856116662574,8.0,59.0,3.7509887999809357,2,276.95363973551866,18.337870348195082,358.6395916653269,6.986868674290748,28.64915178880618,NO
0.5577656664168991,35.29182662673564,6.903380305111179,1.942209452676402,8.0,24.0,7.64662080252696,1,304.5016467574966,18.625219606128617,362.3403893469745,8.605764626940157,20.230221544641534,NO
1.0532016895337666,0.15132716885460737,7.735973423602718,1.3998472568666083,9.0,41.0,5.735142404042518,4,233.6982941108461,18.035859393600823,389.74306870734955,10.34728816403631,21.857548551709463,NO
0.7726125224028442,0.23266087874932329,9.468765300536644,1.1486277994489789,7.0,85.0,4.987808950686933,5,307.4046754789253,22.68303681467759,381.6888481010423,10.633711452186898,19.40276835619113,NO
6.525650194148919,0.1901967039494313,18.192448512517966,2.1691246845053693,7.0,92.0,2.5194134423925307,25,667.4770220613008,21.03644587339124,391.71479387946573,15.07828270872265,21.893993549409455,YES
0.7504848542705301,80.87233243227969,6.189600734831171,1.4212883886854248,8.0,28.0,5.8529440650421325,4,245.16939169355808,19.754977322223983,398.06579771233834,4.837441659977635,37.50720303419657,NO
1.5335726711330757,1.594167752185029,22.181704667954396,1.6065901891349692,7.0,99.0,2.4078644288892397,6,438.1832807715882,21.236633888050026,394.8996103970625,18.270273264462947,19.186454787089673,NO
0.7943976808050232,0.11276730745776255,4.657461878406997,0.9124065999095478,6.0,89.0,2.6378916912209647,7,296.18065646739643,16.882084477649155,397.69440886054025,15.47140263831585,23.893446569941336,NO
1.2253698820715335,1.263998316506351,9.918393279751985,1.2770528556121001,6.0,54.0,2.589528350968159,7,391.07781500707506,20.157540776289938,397.5020305288267,13.535169832968943,22.71520469080838,NO
0.37196191743153045,0.8162219919725554,5.001783126705615,0.884274528163703,7.0,74.0,3.966087144756648,7,296.36895656204524,17.289476203928498,396.04290569614193,6.854794553989293,26.53522167635462,NO
0.7110980798887094,0.9698505511056525,11.113374205006622,0.8801381511522637,8.0,93.0,4.451582828551636,5,278.6625619415924,19.572502342125752,393.98054429060926,17.87668468762649,22.41341867115233,YES
1.4948118596188587,0.12910853546516457,4.489343649904881,1.6123729188851157,7.0,51.0,8.474304021315085,5,352.27294821695284,18.988197227523962,385.97684292944365,10.92778182982594,18.24260527373403,NO
2.4077310417076077,0.2558867938688173,9.416041101789988,0.5705584457262685,6.0,29.0,4.679921355930977,4,307.00048367423904,21.5172524654474,388.1009391478102,7.7588077093998535,24.150197385284574,NO
0.7728689315489391,0.843059340450214,6.408490251039223,0.6279877971376983,9.0,72.0,4.571995704556039,9,308.6945546772929,18.08903327226294,380.4426187888528,5.383660147407998,48.370832052069744,NO
1.1626850053610458,60.51788136006603,3.246990972310914,1.3741950979654063,7.0,10.0,6.8972341707177325,1,267.4360593571565,17.03056193859929,393.73511301652815,5.447670349498237,32.62830406849222,NO
0.47634969215016665,0.4919895000264669,24.24054350482787,1.1588290023642247,9.0,95.0,3.288350094327052,4,437.1019891545846,22.79240225628493,388.56586491353187,24.29447065989924,14.20922850828547,NO
1.2363842805280814,12.531669881631933,7.969710962721479,0.7582661650944914,7.0,97.0,6.559249637907622,7,311.2081311338182,15.861393387429828,397.2140296409821,19.218552773669156,28.013937884923887,NO
6.672852675070963,0.4684502029983001,18.820345413398105,0.6267734392340931,6.0,98.0,3.8156365373355303,25,667.0485921245375,21.57465208300295,303.30472968303604,24.68968571151281,14.33751457302489,NO
0.18709120459866602,95.54523573480581,3.9662211267652463,1.276945526357809,9.0,33.0,5.481406257749138,5,224.13205492616765,15.70487089277007,390.69709178349586,3.604395640831021,50.3148632990883,NO
0.5161584407971652,0.6323168080056013,15.193591230129375,0.6480102077253245,7.0,51.0,6.714937747754509,5,289.3390648469562,16.00026867163293,394.2011478461732,8.004972091111382,28.57156295795728,NO
1.8403463225826941,1.4088171690882931,8.250688383493586,0.7665049671900105,8.0,97.0,4.763624976266952,5,307.36577834445745,21.995373997327423,250.68215706646967,20.93171650352893,14.639389191462811,NO
0.7794709664361743,1.463404304403306,29.19888405782133,0.6825688684108584,8.0,100.0,2.5844327046502102,5,712.0045913216622,20.977321573906636,390.13169949587785,18.97462891443023,14.512329187280484,NO
0.3762318454375802,0.32324646178982835,9.862766298701011,0.8644646022105347,7.0,72.0,3.450911171526016,7,392.06944268118616,19.320436488452316,397.3658784985076,14.725765890853323,18.300512697493918,NO
1.6362215376840403,25.61403454075231,5.361269527368887,0.8416165315667712,7.0,33.0,5.666872064451676,5,281.11941560997275,19.01400526307004,397.97451725762545,7.884182657349055,24.903263622533213,NO
1.834480328125548,0.4352197823460871,28.201024047204662,0.9561004749635538,7.0,94.0,2.8753796354062082,6,711.8415050427647,20.48749603304369,396.05291951375114,19.859228958464005,16.210617951999787,NO
1.4520821797252619,76.65707236944753,5.241174424659262,2.137018649770638,8.0,48.0,7.67435931990815,3,469.4276529752163,21.697788511752027,397.9808144487893,15.363258872974841,19.88886011201652,NO
1.51273305286572,0.6805730246566127,21.227507679930067,1.2141512204997973,7.0,97.0,1.906171087931677,5,403.28015575228466,15.016173418194875,364.16844775141755,5.869991686230069,42.72000947662913,NO
8.128956088388104,1.1727362810823534,19.114485629898116,0.7088290297536582,6.0,99.0,1.7490007338550995,25,667.2215970744435,21.588835466269476,394.171906492371,20.34866883325675,9.608759084374565,NO
1.1025438222304849,1.4603183998014626,3.0501033636303685,0.6781177140790343,8.0,84.0,3.500204323255373,3,193.28436236971598,18.845416698194793,395.81506693478826,7.567619731138689,41.217492775912675,NO
7.192869694241635,0.06288122952845387,19.431501526729885,0.9929549140774818,8.0,99.0,2.2841353199076746,25,666.6500528106085,21.2233056968254,303.3794423714369,24.53203309385581,14.971986651080451,NO
0.3396184571072057,1.5682208240071156,15.544454657972286,0.6501378331567904,6.0,45.0,6.649578698500788,6,398.1425373559196,18.729110092490863,383.332493487273,10.523728698047407,21.609748561940936,NO
0.21904901809973903,22.146408487149383,7.011190996808069,1.0283283956423883,7.0,22.0,7.590873585562846,6,243.08104064918777,17.229335549224192,397.0538404740047,5.481751737472727,25.350319544607054,NO
2.492011921616826,32.17195715173329,5.688425781443497,1.5999836428557186,7.0,43.0,7.251028205123367,7,300.0999932681974,16.657270819173565,385.5193048091859,7.922229283104211,23.460018230090842,NO
1.1221962242629955,0.9990740269658728,3.9188937535373674,0.8196346146485518,8.0,94.0,2.811566549887358,3,193.05327296088402,17.95047938638971,395.1471017687041,5.134248201268253,39.3648890058175,NO
0.8827133568027392,1.2000456090771674,11.65520704328264,0.8158935080469879,7.0,84.0,5.089278263492139,4,304.17260884995983,18.540359187928072,391.3878166119992,18.58053998588802,17.988722667862056,NO
0.15391635030198209,0.3740184095911463,4.327151511952198,0.5246329310694919,7.0,70.0,3.1758530814064265,6,296.1629004285388,17.585830422545158,393.83221449911537,10.849213471351199,22.760598545103445,UNKNOWN
10.117593436522649,0.626804895642595,19.492057789040878,1.6487310851268644,7.0,71.0,2.129237073750947,25,667.2532778440252,21.674710725415586,4.883397341634009,17.420106069238347,12.310992161611264,NO
0.46801202303461015,1.498267880796777,3.940577999316974,0.840331895754883,7.0,35.0,7.31280083989565,5,430.0557735297801,18.533136551697464,368.73074127656105,9.230653695119466,21.540711235301956,NO
2.366888240273578,34.91687680060927,6.378801553795924,1.3946488819725913,7.0,18.0,5.689250011321702,8,329.05180321142626,16.895340038114824,390.85147663746346,5.21698221683833,33.80590312946819,NO
0.059146374018003336,21.82592909414961,5.902929194692038,1.2748791950975287,7.0,63.0,7.034015656292375,4,243.58052542563848,16.822232268444182,394.1833972266695,10.666486788447083,20.760891863691043,NO
2.5667303023365804,20.3680588075477,4.847216236357388,1.3667709022146646,8.0,101.0,3.1125631365123647,5,264.6370621424778,14.575498233336479,384.3022228673428,9.513136397410324,36.68504013257568,NO
0.8365146118308525,0.5163300518086719,7.229621159122716,0.6314874881155805,6.0,36.0,5.934311821392729,3,234.83406697281285,18.131497477082288,397.4568319404865,10.432404480678217,20.255322433612235,NO
1.710312152083114,0.1559109039945001,6.951445256405835,1.8536501735821704,6.0,42.0,4.041839997564479,6,279.2043829295771,19.723536811971783,397.44727071389894,9.5546264689852,23.553447163150235,NO
0.11669330915833215,0.7857018469453325,5.696755618227946,1.0843383421818813,7.0,48.0,5.1893279668538685,3,247.11820563792142,18.831791346018317,397.4622150529286,10.33994003491063,24.40109734918906,NO
3.383896720095996,0.9256123810099127,19.783655020642286,2.2890803080408144,6.0,98.0,3.0675748487804313,5,403.19859307224465,15.43589240141416,348.9321171753337,13.229077253291102,19.56704780224209,NO
1.4532049352013683,1.5052548041318794,9.063835373588189,1.7101431699551108,8.0,82.0,5.824358149799528,5,308.71027141924594,21.957664922247726,233.15072434356102,29.686147528132658,13.529371947046748,NO
1.7328492816388148,0.2673640074027166,9.011971631172738,1.3261078418671137,6.0,58.0,6.301032409039635,4,308.37426259680836,22.11489009299326,395.7002025255411,9.453175990221768,20.84576982778863,NO
1.2196016061544608,1.04419527819481,26.476385246719772,1.3619097692606572,6.0,96.0,1.9679217493253296,2,188.28636839384,19.13595444206604,360.2800061507062,27.371392621278833,16.302929345517626,NO
0.22181317753169333,1.3085708354509065,4.93715405542315,0.8863684786869149,7.0,74.0,4.757142005364416,5,298.12539190992953,18.201514996316774,395.8631768185521,6.358241980808839,24.934810264197548,NO
0.8753188790895704,21.15646290677384,4.389795976932058,2.054124056741796,7.0,86.0,2.447690279884107,5,264.68320624904123,13.870831958664487,384.82074042719626,16.496722702174807,31.44041966344272,NO
0.7888734226458669,0.7695391117324236,7.49295027255718,0.9187728635922088,9.0,82.0,3.9791743405211917,9,308.2971715099231,18.872116846489927,397.22873083007335,7.794903489804483,30.295525947189674,NO
4.00246833873147,0.7528518806342632,20.16180088938779,2.47706395045493,8.0,97.0,2.6426855961709834,5,404.02094005231703,18.311631405290523,349.6339837373477,13.53622880342326,19.762514457419165,NO
2.9072738340452156,20.728696309794316,3.9997589885889897,0.9444811602638903,8.0,95.0,4.016039643968227,5,265.76442558532915,13.020534981175372,394.07630084734035,12.606840672702525,31.24089110464154,NO
2.518518181169977,1.6606793752599958,20.866949918462353,1.8683594000058257,7.0,94.0,1.9900088215707334,6,404.10630388457275,15.265363600592464,89.7034752908889,16.694053032517385,13.671932311556109,NO
1.4389702054379012,0.9864273589888626,9.822438252139776,1.7079584845895566,6.0,91.0,6.059541386442769,4,307.31801044170203,21.74965395414701,378.96480036909395,15.969470002539483,18.87884488896203,NO
1.575964773798669,1.0443827037633284,4.627194970398909,0.7537106267977938,8.0,37.0,5.187278361282735,2,277.3245552709877,18.7765742969,394.46421637638207,3.8332742539501745,44.636499712651386,NO
8.497184622414473,0.004522237957641866,19.70272781860157,1.2601563562946885,5.0,97.0,3.568320179891746,24,667.5167960848496,20.391638945524107,353.36014434652793,19.04418617601114,15.616387519002185,NO
2.220863979964675,60.306180966542016,1.9162134392902375,2.3944444776680442,8.0,37.0,11.474775131544291,5,411.40780132192293,19.977072777257533,371.98451522769597,5.970296640782806,27.345231451394824,UNKNOWN
0.7990750603797298,22.164850411768658,5.925300469537793,1.8706714475142967,7.0,47.0,7.617455219120791,5,243.6737337692039,17.384079335161466,395.6728376183752,14.619697371620333,20.75874329222594,UNKNOWN
9.191315635830508,1.1375937104827163,18.530144633588137,0.7430727276444946,6.0,79.0,2.594842243088344,25,666.1834967615193,20.962570608842796,97.57333723600725,22.012872799040803,11.658395694090864,NO
1.2001154962694296,61.73667409170659,3.524078713578909,1.1533268408252244,7.0,10.0,6.281446707972073,2,266.1740147623592,17.909884657472407,393.60871941299797,5.463154649645386,31.96878543336079,NO
0.7457075973111045,0.2069493120706329,8.842357167961536,1.7102089556291187,8.0,68.0,4.643076123900498,8,307.91694001246486,18.531014426061233,361.4605992519704,8.98615503765603,32.227419474972365,YES
0.5467123044469526,12.803873223383938,8.313228385377363,1.27462511717322,8.0,101.0,6.139567013256581,6,311.95467826362574,15.590097985145512,386.73540168106626,30.487247372005886,16.658364517655226,NO
5.102357859262786,1.1688698734064604,18.192614489966193,0.9615868546648187,7.0,90.0,3.738769503047403,24,668.1121897967826,20.911664107215945,391.4953579549823,15.804331887405427,18.1982225670102,NO
1.9623173549020796,0.8740875188146865,10.29838236346868,0.7165003775830003,7.0,93.0,3.838288668066806,6,433.74234029872076,18.169006219368008,395.905765530309,17.29966915701287,19.459660372066786,NO
2.3196618967420464,0.14487400800260963,9.117551127227681,1.9009614499353578,6.0,95.0,4.665484987374961,6,307.4402616977716,22.203517959494633,358.9978038723786,19.027359601351396,14.50318152367946,NO
0.3179101195438692,0.3308831429137674,11.73757375289057,0.9905817326860928,7.0,10.0,3.829003651446864,5,277.74659555587033,19.706009781570646,349.75238666470244,29.801399238345944,23.900898277754788,NO
0.9037932213883648,20.95395709611415,5.349430371678067,2.905615454667057,9.0,92.0,3.4877442809424637,6,265.1940260602365,14.195414756415301,387.81083900143756,5.935954100002077,48.93986024213529,NO
2.0066175231744228,0.4130198463889581,19.81341450495069,1.3631827955199904,9.0,99.0,2.610302700840144,6,403.3465560469087,15.062515201624219,390.27300873016407,4.578329659205918,50.70927851482723,YES
4.0372298996189055,0.5136026263357104,20.292517598633435,1.2347858410618828,6.0,79.0,2.9520791322404563,5,404.636154335703,15.416384649435503,228.71351293068125,13.024110218733739,23.821484477147163,NO
0.8978188290330329,0.5658438137638463,23.24925958691616,1.1091092732970154,8.0,101.0,1.878359999079413,4,437.3038171610052,22.500317076334373,398.1500671852193,15.896164302362298,18.184752827402193,NO
1.345538351808176,25.011478309214635,5.13463351942225,1.6720052376849799,7.0,45.0,10.285661222302739,9,286.1542213764101,20.1386283446561,396.4038885765761,10.434586134806137,25.11500789842772,NO
1.8386905250794974,0.11189032534421074,8.510124183238142,0.8275303792715765,-1.0,89.0,5.312432215321666,5,307.43649475709213,21.019279923219578,306.8485118231139,18.55622853413744,17.032705795398257,NO
0.8902147143660664,0.5795721215419589,6.184167868565221,1.3672722955707126,7.0,74.0,4.469466417492578,6,296.04209786040985,17.378921287653814,396.22790226363895,7.9315578627954135,25.57482154586528,NO
1.7771310939065024,0.7982823643521643,8.992101482093126,1.0623666646681942,7.0,101.0,4.828293241590905,5,307.0768159046229,21.07407105598228,376.93290020100727,13.981486025155162,14.645023968768422,NO
10.386029741406606,0.4629083083637041,18.32126698170868,1.5799536826428269,7.0,100.0,1.526283545910221,25,666.3634985527474,21.025732929614406,398.48435285744836,22.927505309019534,13.853328680102713,NO
0.48232768378317264,71.20363558243831,3.4462382010167367,0.5919852709666316,7.0,21.0,7.995824832401286,6,359.32953917585394,14.804350723419219,369.03623909257857,5.1233522275230845,22.89644609886539,NO
0.28027633352422093,0.3718367544928621,4.550338887830524,0.5629685014622969,8.0,87.0,3.905175674275693,4,270.24430379919124,17.860118213425626,398.49455918763476,7.583497724410849,24.663197071895233,NO
0.0784926288753246,0.06055805559538133,4.587005111360796,0.5844010840085749,8.0,48.0,5.586029466011783,3,247.8001788625735,20.22352682577848,398.04913022593655,10.56235961409676,23.955836766570577,NO
7.546641415502031,0.6268591994451612,19.511515975015197,0.9522853565942293,7.0,75.0,2.737616857413512,24,667.3180812093243,21.448290771603897,99.06911334474897,12.314732164432911,16.173601979930545,NO
0.3805144907835252,52.94258454186567,7.20263638169302,0.9306272810503506,7.0,24.0,8.230144172688837,6,293.1420386477374,16.962235675911153,371.9887423842629,10.430970391196949,24.932368480408787,NO
7.883216913234156,1.9308603552421733,18.729012756513566,1.5262444351876536,7.0,100.0,2.696657570719041,25,666.5416842497352,20.417087541855164,393.70385109333006,20.30740094514727,9.371325448205045,NO
0.8365079769958723,1.3884219718559132,11.692428213587306,2.103937717002571,6.0,89.0,3.7072928335838458,4,277.7929137048819,19.069001674911245,397.3247066909065,25.890935346695063,20.261709625316705,YES
3.7745751784856667,0.6809764622863421,18.376337319058415,0.6919635578077985,7.0,41.0,5.130222714356487,25,666.5845652966583,22.02980895330477,393.44315709528223,11.087374981953126,22.18229937967537,NO
0.4166441718836504,1.620353660276155,5.3951153208459095,1.4420948316976152,7.0,35.0,7.034888961984526,6,226.35609780746287,20.787880831448703,398.8939034448425,10.214963528106825,22.242355344899785,NO
1.8444218515555952,0.4424962943381677,21.989833250123883,0.7876625849364073,6.0,95.0,3.1445750294497143,5,437.84071733528435,22.95275539938637,397.46901255443555,18.8545204569673,15.152800567140567,NO
0.9965898094739746,22.6596076877349,7.0748807955682915,1.1856430139234087,6.0,77.0,9.309539861831032,8,330.00756755608825,19.458380312071004,374.0696073793266,12.826576209281022,18.347797395452712,NO
0.31389795931738507,1.5566682561331768,11.987371902310745,1.589093093881725,7.0,71.0,2.6264186506044243,2,274.47785913776113,21.778223070020594,392.86223674796275,10.61539932990456,24.025601238916575,NO
1.3462642441322807,22.664044366571,7.286764618538868,0.7417825225922313,6.0,44.0,5.204535687877623,4,225.06777113364484,19.411213378941305,389.1497164418603,13.524611302425903,22.3774284625029,NO
2.387003768600167,0.17044144596923289,8.245682387037391,0.8742269356462316,6.0,29.0,5.874537137276447,5,288.07917921899406,20.076750573937776,398.0178584548595,7.025736964657739,23.32924344615672,NO
0.6304057495950215,80.27616834206182,5.457390883971341,3.1148818831690153,6.0,32.0,8.044628770899912,4,338.79165964929444,17.605192625837173,397.3637864141195,10.946559424784642,20.98968100884094,NO
5.7293612145126405,0.9283965523109915,20.200757592212277,0.7604996121091241,8.0,98.0,2.099973820530291,27,666.6036401799508,21.24148559407475,375.47351456813584,3.9352909226271793,50.950022121424006,YES
0.9796981378808332,2.363031613234148,11.224691911136137,1.3601286217487574,8.0,73.0,3.2222555715827097,6,433.31789535382205,19.430317417218813,393.34947047292815,12.515703448956783,21.235655229751693,NO
0.6346252047510642,0.7724475019163763,22.70103306082594,1.3522156692460738,7.0,-2.0,2.9035954340832175,6,437.6399465520985,22.248731929748146,385.9677306011714,11.435546708485868,23.597984532912726,NO
2.2190627102706912,0.5326363623734959,20.177766415796057,1.3872887706021653,7.0,94.0,2.1093899580147624,5,404.5771022489522,14.912356605353269,339.9790791751725,6.937130422853482,28.863475512092414,YES
0.6943176925529957,23.989890706654244,7.692668192594485,0.5063246483129146,7.0,80.0,8.174802000265212,8,330.7043278554302,19.373330748763788,377.30424505696976,12.078065416542575,21.454611054160168,NO
7.712631332336746,0.781165113151577,18.811022503006797,1.4248910522464344,6.0,97.0,1.943156393023011,27,666.4300319950962,20.31124124211843,395.61243597630045,18.653056060186024,16.27577955151708,NO
1.3595413736828221,0.7406502521821607,7.685669299530942,1.1295951608481625,7.0,77.0,5.6321817125288085,9,308.2954778961633,18.92586322765831,389.393726879915,11.045281274065854,26.804557941127438,YES
6.774162325085495,0.2609407825422836,18.664705096511447,1.5830668153131349,7.0,99.0,2.8536690029139695,25,666.5048166636994,20.85738213456235,304.91403226473886,24.717281149317266,14.13572779261427,NO
0.4215643599962564,40.953779868082975,6.627944747038443,3.263998979077318,8.0,29.0,5.621242593176222,4,254.4331319918185,18.43476406706184,394.1473414144706,4.565650746850453,33.87553804627219,YES
0.24824530542050527,20.216209947157164,8.238485126802232,0.6673729734099239,7.0,17.0,5.514546730860288,3,223.51544397823153,19.904505443210663,397.3152960478618,7.99868735404883,26.36553304707981,NO
12.184035606048504,1.3855094476515082,18.808355926704913,0.9331397670138177,7.0,96.0,3.315027142046848,24,666.4635602116063,21.238724843819018,61.085553633137906,24.844478091920994,9.6316139535198,NO
0.38765078470630443,2.6635778879064085,23.31004588078589,1.0748147219800763,8.0,100.0,2.1279017000660287,5,438.6106347501453,22.258161765752806,395.8906856124042,13.37443675357871,19.745018153897085,NO
1.3512537064305803,0.2758664587900464,14.823468389520194,2.2256083090640115,7.0,57.0,3.89628521838315,6,277.1605890942924,17.046704650046056,393.5951374357885,14.288580424592357,23.394216692656027,YES
0.4652328998322349,20.16928606451476,3.6667280946756264,0.5465317886578066,9.0,38.0,5.515113404179627,6,217.63513663705436,16.097970330815098,392.4944318941621,6.3044905160097855,36.65851492916519,NO
3.0271620847966183,0.7349850886187065,20.128858935004242,1.0841333860312676,6.0,101.0,1.8075088786808773,6,404.36148903801865,15.883426426808542,342.5782424860049,14.462203932267963,20.459629636884063,NO
1.1312330604227936,80.8437127395229,2.6565520172211783,1.069860778825895,6.0,22.0,10.693840957237521,5,334.27177985581375,22.50356386610638,383.05752235219455,8.657135755526408,18.865770132749947,NO
8.023481101861003,0.22608076702953328,19.15312390940508,0.8908536467718766,6.0,79.0,2.8964396693639065,24,667.3221626580048,22.001603595847804,97.2442556164442,22.3593594188942,11.344411577187575,NO
2.8153534149436865,1.145794915207289,21.045618896346603,2.286179553952361,6.0,95.0,1.918805517995632,5,403.1556701541622,15.465346949169694,352.5010910451086,22.93993416942309,16.311001678976705,NO
9.740924643879202,0.15636685095849784,18.307467428539542,1.5189341011648831,7.0,97.0,3.1941265763935216,26,667.3494182306696,20.69270330695972,62.00099706772125,25.15406942846427,11.21228892920924,NO
10.571050661674631,1.0334971023584845,19.936340827735222,2.084649227579989,7.0,99.0,1.3629475383145186,24,666.3312132629509,21.163336371602718,398.7994921167385,22.52351509098885,13.44671049108714,NO
0.46383551165792153,0.21506074700017105,13.3857804475043,1.2567306159195053,6.0,81.0,2.6176453943737816,1,273.15400247733885,22.181642270627353,397.2386004313809,8.170995682251515,12.596062939947524,NO
0.6498402777761904,0.4444193039046486,5.533347034016276,1.784823719013667,7.0,39.0,7.096350292546061,5,224.1047299490487,21.92773091627451,389.9338216823725,7.862092354461575,21.420625815721102,NO
3.5874610733973125,0.026267736267729477,20.330096419689134,1.053066837015233,7.0,96.0,3.0716154371967366,7,403.2170651310956,15.586415757053661,298.6181767346795,11.461097579300812,24.842653351068357,NO
8.80651275727772,0.6854976692865208,19.305209591335682,1.2460682584314835,7.0,99.0,2.8489669079564126,25,666.3529845882863,20.605077227529552,392.59675451209347,18.62140517130689,13.772124132325422,NO
1.2473065335353852,0.4588918190329178,8.218120783041647,1.0410157971887957,6.0,95.0,4.354683331314916,5,307.0624296957482,22.747113753178333,359.2436898220629,20.35005764024464,13.215194466422645,NO
2.0457023530928815,35.962310236935075,8.850373149542667,1.3839276769427833,7.0,29.0,8.371525055419314,2,304.3977238472491,18.333491280807554,395.7109126891236,13.138856152342504,17.47544712902911,NO
1.165092986670961,20.004269307225048,5.386984570466585,1.2729330065441622,8.0,100.0,2.7887595365855873,6,264.01837914186603,13.778687403449275,384.31408851882304,9.823244129312153,38.005379891859974,NO
0.3881232017528525,1.113022773979939,12.066559405433072,2.2715366687825007,7.0,90.0,2.8127387468907283,2,273.5595140628962,21.239067593062106,393.7908318644173,7.682840924185398,22.33481058699896,NO
2.464178155565617,0.3229804433187396,8.42005908687154,1.839188816841143,6.0,92.0,5.10852886205097,5,307.8738058682827,21.959521835250023,377.4573373920852,14.877846915700228,17.043001184951542,NO
6.827368093302854,0.6359353389095588,19.003360778806684,1.1986531534440878,7.0,84.0,3.6998866563114334,25,667.0520447802814,21.17561909942627,397.81383046091497,14.044944163574065,20.480460623034958,NO
4.698247697351244,0.6187271102639986,19.41408273579454,1.2476683742677857,7.0,92.0,3.349282928095902,24,666.0592327776046,20.45269578894194,393.2013256726276,13.753226168856258,21.844670950141268,YES
0.48204072533764747,53.47202874246436,7.471213575241389,0.6180698477637889,7.0,47.0,9.868076896453783,7,293.12792541647974,18.096114281286866,396.96149526796955,9.695883582545687,23.088056653407556,NO
4.290675977773591,0.9977558826053874,18.89704598432457,2.0864247294999463,6.0,49.0,3.594386827909789,26,667.5622866356834,20.288994237484363,335.570110080377,14.351732156303088,20.534863321811663,NO
6.702260979581082,1.8273801970791617,18.608005436632116,2.748934084418474,7.0,91.0,3.148371047683339,25,667.0341995920506,20.22932808127167,394.1891878519217,10.708928835298407,21.411893694389313,NO
1.3709625738557643,1.0133707711320399,6.361984708007107,1.3014608147211453,9.0,84.0,3.4037604104463286,8,309.1259272613978,17.959505497343777,382.84116451929714,5.093683297931736,51.06782983068063,NO
6.245394303097612,0.08762641423032912,19.23604192130436,1.4310146207179946,7.0,91.0,3.022065008735978,25,666.4792299054305,20.54531480635006,394.60051995196693,11.378792358087377,21.10377139808811,NO
1.0563778974912608,61.549408573371565,2.9912392820074354,1.5644142251908726,6.0,20.0,11.841556023381473,5,412.0200574259817,19.359936689838307,392.6342014637661,9.446624720334427,19.248209748757258,NO
0.6316467154774481,54.203386419934745,5.963379798489206,1.4628919787424044,8.0,24.0,8.827050783032584,7,293.6812901314387,18.6540391326739,372.13711430089444,9.559565836286644,25.490357789600875,NO
1.6916994757063233,0.3996975832553616,5.703096919580589,0.7493749256425841,7.0,34.0,3.8867328411821496,6,296.45666124281036,17.777955276737007,391.7708796067297,6.681703225017782,30.68989473331333,NO
0.7713995008529366,61.58441088805932,1.7199658524377213,0.562709898643669,8.0,37.0,11.383758041178314,5,411.01524669134807,18.815897275893697,371.95298906934187,5.898718708881265,24.571316667959724,UNKNOWN
0.21301857368387278,0.09550728096478586,6.101122843363383,1.109240514350645,7.0,41.0,7.554091349018696,5,225.63743519452484,21.7286201933506,389.6195842701666,7.064544494989889,22.098251713133624,NO
9.988783978985593,1.9070425743789552,18.625981628318016,2.633390055335301,8.0,99.0,2.5254448744117446,26,667.0352840268012,21.583606960438058,397.1584906814099,21.385217232600592,11.857952589618936,NO
1.7842660535374915,0.719220638837818,8.3476983572419,1.3108459239424457,6.0,90.0,4.858291545442407,6,307.97835164130163,21.014499648164296,392.6520307069562,15.29150636018177,20.885091737546475,NO
0.8891913934379656,80.860798285883,3.4678940573030914,1.047692669819365,8.0,18.0,7.161235236697137,5,337.7492631579094,17.425203695217462,397.2971137051185,5.3655074046349025,23.503606515380635,NO
2.672901930757673,0.49856156873949053,20.44577319871531,2.349218206681502,6.0,100.0,2.5993445075384867,5,403.97485935379603,15.66072565153778,262.62249840331066,16.537918268167374,19.64522327664193,NO
0.5739261659293453,0.4539248525055721,10.765226261604065,1.0959434757272128,7.0,69.0,4.261040282107938,5,304.531161015519,19.33310627847659,395.530105120038,10.398568350918826,23.22600140855536,NO
0.15075286248886324,70.22420996730173,2.278469792130471,2.610032009629923,7.0,20.0,8.792911668946282,5,358.86687543634673,15.024031617873133,369.60154267797805,6.788392147526911,23.677397760470832,NO
1.0950228176532084,0.5871424502617896,3.140226231735155,0.4765659545067677,8.0,60.0,7.597769269943567,3,222.1854513241498,20.02327938339474,394.82996761163145,5.881369170332569,29.216640300348264,NO
1.4682983820416726,0.24770747377702873,13.272697101495119,1.0387569717079217,7.0,76.0,5.670009293915545,6,399.8468224630822,20.973946272926366,374.02340802336437,13.205872153731239,20.13648730773068,NO
0.1873577361461939,13.468812035235924,6.38571187729349,1.47304736631073,7.0,34.0,7.3633054389846375,4,345.617823420464,19.79495140754884,397.6867259322186,9.38384644083563,21.506682961812242,UNKNOWN
5.165739946272754,0.8852523334292692,19.659687892135018,1.2838234517301133,7.0,92.0,4.085801147117943,25,666.1024701587594,20.447666589567255,385.5755041926841,17.502932873693197,17.323545877851263,NO
1.9075198009233523,2.1417765501710657,20.3898860046306,0.8992832129361513,6.0,79.0,2.5876547251021265,6,404.0637227134189,14.837365866345044,227.6142731118452,12.957736861368627,24.01386936462601,NO
0.09232500634511592,1.250720709660209,26.775662588642835,1.4035866706230669,8.0,84.0,3.7388611039779454,3,188.05374139657047,19.97380157212161,378.13231644202637,15.230025587265771,21.058051561708687,NO
1.3546441231923596,0.6250717527933954,7.574924936144503,1.7444571844491858,6.0,76.0,5.839033049376876,6,289.09562357238343,19.710924079165004,391.2524726620923,12.427562155234945,18.903269212159987,NO
0.2858786789457528,0.4822815604332633,11.390917040532642,0.7660734249952628,6.0,19.0,6.563797545954507,4,306.86009988378083,20.03744793521013,377.2696634271811,12.608789083387297,23.958485498566965,NO
8.406747860043264,0.8495228743140993,18.613069040915022,1.4014560379500893,7.0,99.0,1.726925898211278,24,666.0173625833684,21.60594490336951,315.5467059511089,28.600012594147202,19.079867979245407,NO
8.704283849681461,0.2633621438525236,18.240259249309602,0.8194653774484681,8.0,101.0,2.9936768750769644,26,667.572129625371,20.58142505366343,378.057087255231,17.10356040687669,18.03437807630762,NO
3.050275083948592,0.33489129204194906,20.436896130714484,0.9080655415823964,7.0,96.0,2.6570831830583845,5,403.12111593314563,15.422773993310445,331.84122722673516,12.352218108214746,23.044034712131683,NO
0.6825783242074834,0.16261169908706255,11.32404146740018,2.1910358314030987,8.0,83.0,3.8654892462513883,5,304.8653957440949,19.85281778950361,397.23853002489784,6.50296788580553,22.966807386167023,NO
0.8088057247323226,1.4599468710928603,11.244522564937595,1.056614863996574,6.0,54.0,4.068633255167802,4,278.29965667936887,20.04694915949172,392.07109666050917,18.86389258603976,23.755242294051627,YES
0.3986357364696098,52.69378650088428,5.768073577244727,0.7803772621231777,8.0,32.0,7.82596670517616,7,294.1762863161621,17.68699442263948,397.3179710644288,7.518598213474864,23.58362474162845,NO
1.6008698370725647,0.4347507156860682,7.345231990128275,0.482495278167014,7.0,62.0,7.889074951449508,5,234.42490258133446,18.73450650973245,397.1773728909623,16.878072762009996,20.264553501195337,NO
2.516791055001066,1.8101970796525897,10.34917212833616,0.6878836515654267,7.0,54.0,2.519678081055318,6,392.2000219352101,19.675853590621408,397.3295286779605,12.540444067281008,23.48909499785254,NO
0.3955677931874934,35.904857552642994,6.1940781762608905,1.9213355777190773,6.0,29.0,6.751460846739345,2,305.2333048539229,17.823467984998064,395.3019019700111,12.726671730884181,17.241266408858092,NO
0.49537844417951327,0.7084792091907619,2.6601009022232556,1.3264671529587009,8.0,55.0,6.5054476376790475,4,223.0911023275657,20.446782568234102,397.560474668432,5.652628841203204,36.59947180436016,NO
2.64655737520504,1.1778410414778637,13.056427537132933,1.050685892564026,5.0,102.0,4.709348578367937,7,277.02262016808135,18.839628075536808,397.44083483630067,23.756455419690163,22.67215867121154,YES
0.34059724341075226,2.3331507814910224,3.469454521423792,1.6085879186043557,7.0,67.0,3.4544845895563006,2,270.4529591562181,17.800446091204908,392.5564302864906,9.554684866081349,22.8992338838947,NO
7.062666973569751,0.010278048042872885,20.118545367532768,1.8896896230910278,7.0,85.0,2.617079069881436,25,666.3600450609108,20.410796482276844,2.7752893063038764,23.609606525134428,13.400801899264641,NO
1.072351099710862,1.4170182104637337,11.425174027048753,0.8570394466668365,8.0,42.0,4.727764171704273,4,277.03776698094595,18.61699535339709,394.0791707968554,10.01662078576327,26.533687269832207,NO
0.8439113401164912,22.164530053045524,7.441596216972494,0.4623223883756786,7.0,51.0,8.223515899224232,7,330.4527762642483,19.579305178523096,376.15487103022315,10.637267694322905,24.682471039340907,NO
0.6445889923664241,1.00521059012424,5.623663436741521,2.099336472287839,7.0,59.0,5.69069097041848,7,224.878708047039,22.372304085655728,398.24744885018197,11.167678206865128,19.829535474532882,NO
2.2258779476360346,1.6487222304527063,7.047384011412768,1.6238151796416516,9.0,88.0,4.348817548671096,9,307.2793488400309,19.816528363292303,388.44502942171914,4.089923174255963,37.69748351299405,NO
5.1764020434664975,0.5918282838593721,18.423049845646293,0.7857995393221814,6.0,88.0,2.0207841164338296,25,666.6042976892194,20.536010816172457,356.75241406850284,8.006581753555599,28.512337242088062,NO
0.38185201479027714,61.18848674786256,2.09280816062341,1.2421395369303334,6.0,19.0,11.315044723014807,4,411.51340362459734,19.880427940758985,392.8937994609237,8.623744097862982,18.650796305580734,NO
1.8065797468401588,13.118526789151245,7.95913603058377,1.4925770340143716,7.0,100.0,7.508380012042689,6,312.1290926521918,15.72165781436208,386.7147167521186,32.23043433449555,17.125526661920475,NO
1.786389263030681,0.0312444000048889,8.630926081855478,1.2744273929559364,7.0,82.0,5.379969294235487,4,307.90444113731905,21.650973064839913,234.41204118681298,28.680969581818946,13.432213740385611,NO
1.5535025058932659,1.7805671880496847,9.873848709970202,1.4853720145080647,6.0,96.0,4.546442843974496,4,307.0553781805169,21.861939597613425,394.8637639718698,17.91532264380779,16.349417457569693,NO
5.7340240926831205,1.6251631356280103,20.465829389627338,1.998737085438907,8.0,100.0,1.8764250971470287,5,403.7047980941731,16.150409661989347,397.9911767349988,26.597084959667168,16.0604493722552,NO
0.8007598758917129,46.83587674346616,3.871494878165377,0.7826295980398672,7.0,28.0,7.79932563288347,6,398.13274072057976,15.205527453263164,391.6422486332484,4.146788869543368,37.204537891059914,NO
6.502237452578642,0.043603959591999336,19.586347123661376,2.1374878593868143,7.0,90.0,3.0638089669977693,25,666.3878458790609,21.4344165063564,395.9235537124984,11.173737320483884,22.582807797149922,NO
10.573608774221507,0.4095767614723226,18.41036111779849,2.1801596278789512,6.0,95.0,3.7983788354319605,25,667.2024387432041,22.260994660139403,398.1826408429985,22.881767684911864,12.8156736602213,NO
1.8064931512746512,1.1497632537615243,10.684506061151207,0.5709967697757786,8.0,54.0,4.780740144094364,6,277.2708050795707,19.617589752668227,397.4866850574723,11.85728699113433,25.310675777419046,NO
4.774676023165844,0.09946686926117422,18.452005523250598,1.230713952122306,6.0,85.0,3.002963058949364,25,666.2444977779402,20.767469498983612,22.088035919659085,17.851278802542648,19.95753204309038,NO
0.39845083618513394,1.5964937575640366,10.167410283268115,0.8700004272426636,7.0,94.0,3.468397941147767,7,432.66629058833723,17.926496106385216,394.9953636748275,16.717640615042054,19.66672077822399,NO
0.38115724609072166,85.39527384747683,1.070497116880457,1.16089879690835,7.0,36.0,9.283744942748518,2,313.5580775666991,19.041642718898977,396.9297171726637,5.9688020050010175,26.018315411419813,NO
0.7227297707507128,0.32379260858042885,9.148891376149239,0.6113474408038349,7.0,86.0,5.1588817139549565,6,384.9253447384194,22.900623146390156,71.701770859309,11.665312800570241,19.30216224162614,NO
0.5496252960860193,12.567254321788305,9.290605183910888,0.7307553447088416,7.0,100.0,7.027656767532219,5,311.26695554262534,16.818209530124214,386.9590747779325,30.369178981474413,17.068173775830914,NO
5.21614386148348,0.13354771945904645,18.107406537392205,1.8183726873532011,7.0,54.0,3.2053035445524687,25,667.3813524458417,21.145822326043266,388.5450692792655,11.673523952974607,20.93117934762452,NO
1.0714179377714361,40.13904694005331,7.028214282597911,1.5781645829810735,8.0,43.0,4.952937428139771,5,254.50700610215492,18.611773507832325,398.12487688917247,3.1609607664522157,32.10284049522975,NO
3.330741648488342,0.3762024990162917,19.62522877643163,1.1975984973663092,7.0,95.0,3.145972600273259,6,404.3402019351589,15.1218216316268,352.7015182926867,22.132368778779203,17.87665994035688,NO
4.9730941104396695,0.27052668314920825,19.688828417440046,3.0542453397562737,8.0,91.0,2.5084878128085575,26,667.0370138010205,20.90285191857464,351.5406294828038,15.131105615327268,20.14110805553003,NO
0.5378253096235811,0.16034097766912392,2.2025973577461273,0.48026885966475824,7.0,59.0,6.889679167840233,4,222.2242871601998,18.908631842361007,394.31734203008665,5.66577890136683,32.29993396804383,NO
6.337038953815634,0.8976108489336397,18.948776710547463,0.5709738588185641,7.0,76.0,4.358240757310412,24,666.2808370836395,20.31185059458006,394.07880076585536,7.819869210360607,23.89776065152343,NO
2.4203712606288352,0.19244716093785,20.607389315945696,1.2263958733925024,8.0,100.0,1.9844454890567211,5,403.12144234209484,15.838768430122883,353.9374806165251,7.479705848781444,25.65967309676204,NO
1.9821515286891542,0.11104212643906251,23.39562341338516,2.06986201456118,6.0,102.0,2.184210410307839,4,437.4208096513617,21.574252523604194,397.7434010292915,34.863430531902544,14.515749639154759,NO
0.24333852023378422,0.32892157705415703,13.634365574223217,1.6726603194719853,7.0,45.0,4.560202475879135,6,398.92040639260784,19.726351213561845,384.4098466727735,9.45032580304745,21.787041343897315,NO
0.7138768238843394,25.51439061136315,6.638614352022131,1.336044095851486,7.0,34.0,6.926677473211274,5,281.3753749375098,19.006298453910986,398.24584629015175,6.377172739453842,28.92631853112057,NO
0.5306243748948635,0.8352496397138248,25.68899714491164,3.1241744110836884,6.0,98.0,1.9449424525582564,3,190.04194186799313,20.01763481793162,370.38850242155377,26.44067929055837,19.55123596447737,NO
1.26027644963669,20.009662236979022,4.791513694234352,1.4024066330011928,8.0,90.0,4.361966332123781,5,264.32113021119284,13.405043625036216,388.6088082206829,7.517075742747131,43.977852484020595,NO
0.6525972671761289,45.78141804298456,4.1688244445065,2.342827534771343,8.0,22.0,6.523610127277013,6,399.51652242398194,16.899853740478058,378.87226852141697,6.870071175684611,37.26779665811965,NO
0.5839166417624004,1.3956400641969329,15.082563743379756,1.2287975455919504,6.0,94.0,2.9534152715008783,6,276.02801714325767,16.62327108134219,397.4441412377129,17.978347120856746,23.342555377480338,YES
0.5009158916224936,0.4393400268616724,12.351209230429676,1.399077631509479,-1.0,73.0,4.969709224546293,4,277.4540253876622,20.376881417302716,390.348317237748,18.740975945576373,24.917190659099614,UNKNOWN
0.6315007418411296,1.0558712189394712,8.122197259910607,1.374483817192219,7.0,31.0,4.485198464325976,5,280.7264820528032,19.247032665182196,394.33017073004896,10.84140669638334,25.737444143932105,NO
3.511143154448402,0.7150491032044597,19.88172443317389,1.0869476608151325,7.0,94.0,4.359934241469318,6,403.864808575073,14.77322149911877,396.16147794002507,12.376836991780051,23.760849511357236,NO
0.34154341174923775,0.49091296488367586,3.1195434385583036,0.9725605812691736,7.0,90.0,4.388846977279032,3,193.0826875632812,18.356957220214625,391.45142044183905,15.431867722962975,26.62962453698132,NO
2.1767016802170627,1.31207910652067,11.49667249303554,1.8032487872195477,7.0,84.0,3.6413992402723534,4,305.16107578268054,18.826822335050124,397.4458860481725,5.636726166868606,24.29257635857225,NO
0.286097250924778,2.031070276324446,9.050828401216574,1.4491348959492891,7.0,3.0,6.0267781344934,3,233.8345159267588,18.453354668438394,385.90943799086966,5.26453502154299,27.09692012300467,NO
1.3480420115194158,1.3142379201397074,5.462354118879408,0.9859267533896245,6.0,53.0,8.742929692869177,4,352.2879402781358,19.080797035988947,365.23861717907016,13.319814274419043,18.30204360136889,NO
0.2975884169273672,1.3782044110011746,11.078928333475842,1.6207695509613727,7.0,95.0,2.4528046285719958,8,433.01099195304243,18.82833288495818,396.04948861580215,16.57897610070993,19.46790393519969,NO
10.614874250274946,0.8649560431687793,18.821146512143194,2.1201133951918005,7.0,96.0,2.8750930487170834,25,666.6408428932735,20.525768669324744,7.026940135281044,20.435141714958743,14.943260643563306,NO
1.1453403404669864,1.0998691843716408,8.9601838734016,0.6100093198551517,6.0,30.0,5.902527067429302,6,307.1161797914034,21.661469062755984,388.7158516527635,7.900001831095322,23.873790514738584,NO
0.13457936380753827,1.4532440015244532,13.620447137420555,1.3890732200088372,6.0,82.0,3.930469424038557,2,273.64459213851376,21.836705813861098,397.58282906206927,9.501953036084121,13.800902111975686,NO
3.185758388296025,1.0530305972172653,20.099602446577816,1.1362765245725206,7.0,95.0,1.940062359873252,6,404.36770847907684,14.741749438678164,357.46448804476955,28.494438926832355,18.366244582396114,NO
7.8123732925010625,0.2344911243449084,18.114825474673097,1.2851198945600808,8.0,84.0,3.370433921685062,25,666.685424589586,20.45124291826087,397.95845237390955,15.15904896025383,19.67275294647402,NO
0.3007983950010281,0.24770686679963402,5.863946580170669,1.4665823686565034,7.0,47.0,4.978233026073734,3,247.37085361719622,19.238878854693603,396.6838953227676,13.703028744097079,22.983879456450964,NO
5.975060151514937,0.583084323363119,19.049830614957035,0.7740403906685875,7.0,77.0,4.571599267093457,26,666.8777195190573,21.974858093602368,394.5034947978891,8.801576846470363,23.71394370450328,NO
8.29979710884439,1.000943215927217,18.666439763589906,1.5096381083607102,8.0,93.0,2.881264530004469,25,666.6594754981157,20.432604059925985,1.0134583249593017,18.264611003706396,14.542752488121932,NO
7.136406349622521,0.236199046505462,19.15990999742984,1.503290653054696,8.0,96.0,3.048445026342753,25,667.323739864617,20.99729546702113,397.73980312491676,21.89960566159781,12.850551449491247,NO
1.17063815973526,23.440828535825187,6.589993343493129,1.1904625690648252,7.0,9.0,8.068280737505741,7,330.6896292822827,19.45351900542383,377.58627287025394,3.9706818685355376,27.010292885849687,NO
0.09854063011951948,1.1654027903579425,5.755826932166217,1.8695444120316702,7.0,85.0,4.261487155611226,6,297.1661394488224,17.631995577915752,395.86719076674416,9.298462173500406,23.908985588368097,NO
0.1994013342765973,0.9459697331311037,14.785510301546285,1.6671282610726907,6.0,43.0,5.651017767008212,5,290.1886334844046,17.04867389560253,398.36017700203854,10.400005840988388,22.773268794972985,NO
1.8526349518890115,1.1564838014622623,10.017291651693736,0.6696702913594842,6.0,73.0,5.5043561421225045,7,391.48111642025424,20.987612550575033,397.5129413533616,21.5695524423125,20.828434931466713,NO
2.262754929185704,0.08965266205974502,6.922923731001503,0.5683850908538097,8.0,5.0,8.008328740699783,3,235.21490251056298,18.165490684466384,386.9560553739605,5.3987759053448325,28.16769560478619,NO
1.2259802523533732,0.03367400148263264,6.358688894701461,1.6938207440857287,7.0,-2.0,3.746648289596216,8,307.1336032097549,18.282157668899185,378.57222267715434,11.840888902944474,25.34318193352048,NO
1.6871886229343156,0.00015927050630538625,24.81239508539123,2.2571227984605784,6.0,94.0,3.7637196717413075,4,437.6741123815733,21.31682709644031,378.41164073901456,17.32878171890039,19.12077062161056,NO
2.7133175874643127,0.7622398774314678,20.1142125273068,1.4379553466569839,8.0,92.0,2.0601668511382396,6,403.08525917162524,16.19399680917031,374.9924537307628,2.475789659967314,52.48886808464088,NO
0.25136954688065016,22.676745363378327,6.2968637266749,0.8221287433728143,7.0,80.0,8.662472495778374,7,330.33555328732245,19.823115777923466,376.8009677985157,12.728281281194159,21.83477694566224,NO
5.88489866455631,0.6575477337673669,19.780878337446236,0.8176663886544496,7.0,90.0,4.6736237149340525,26,666.0668096455196,21.632474203639532,394.2320567322666,11.345071477107599,21.15076828380178,NO
0.45422842789228113,26.098194844607885,6.6746182530059865,0.7433772240713572,8.0,30.0,8.633970547198103,8,284.7103877885306,20.388085385388653,392.2665164992472,7.1751386482241974,23.38022076642536,NO
0.658154601064191,75.21054587937734,3.5629996616927793,1.104878306649521,7.0,17.0,5.606486710707983,4,252.00829806842282,18.40068405989651,395.76685108410686,3.869918890886056,35.310595602282845,NO
1.2827376368992043,80.61956932182,0.6980209496754126,1.4805328773980344,8.0,32.0,5.717482614363113,6,255.45886657499662,15.063610200484744,394.50327741197424,3.694608670218908,51.16167835866308,NO
0.5718858376863365,0.10080247783953016,4.886460858451911,2.4640345598284097,7.0,58.0,3.785203656697144,3,247.2119480604074,20.30520422661113,396.44085367078793,8.750475630243896,23.458717120852608,NO
0.3687931483211213,2.2125789510764817,12.931882273650213,0.6742437675734374,8.0,55.0,5.521693012038483,6,398.8707057861884,19.135448999589812,387.9723007940871,13.018893821734704,23.181562371050948,NO
0.48710983665059465,45.69239753528522,3.5838240238310335,1.2026441287924357,9.0,27.0,6.680332805956156,6,398.53828117881864,16.65347699686399,390.6275928507436,4.214190039636911,36.590603101134626,NO
0.2368712451111244,0.8773978426644048,10.246010517690793,1.1800547616158648,6.0,84.0,4.458640780537742,8,432.66740178344935,18.08735953195204,395.67068390596563,11.385553780820997,19.814732611471676,NO
0.6721541368204468,1.458840963886662,6.409185768036301,1.7314453164033172,7.0,42.0,3.9471085137317443,7,279.17226196965254,21.00455688540093,398.25097006299296,9.659360359698764,22.187490498059386,NO
0.6170573325869412,30.977633547510365,7.662404163633767,0.4711122662704528,7.0,44.0,6.876027368260668,8,300.3376934824423,17.301851895065575,383.99576140008736,8.272439188286164,24.665337658166866,NO
1.8908282601526978,0.28641596585711204,10.959659608345305,1.8993484354487449,6.0,94.0,2.5489601409610496,6,432.02059061627796,18.782617829917434,395.4439161976316,16.468568491330107,19.14647982021743,NO
0.27000009903739985,0.8521108903668497,14.71952422838668,1.754248923362075,8.0,86.0,5.099636982642322,6,276.623804929321,17.18674169580558,393.7291615470516,10.555908312178094,29.18502704966073,NO
0.20152196129484165,0.5697780768556499,10.28669898216587,1.5555957769706548,7.0,83.0,3.43990775952281,7,432.8886470785473,18.459530603216557,394.59980839234544,11.530564073919049,20.202044335767095,NO
0.4472114657084968,20.073751458545907,8.161120151432732,1.3650706776516544,7.0,64.0,4.950307916332958,5,224.3562370223811,18.894833327855885,392.6453633739294,14.499887342427792,21.472615453455564,YES
0.16591143767227168,35.81267509977065,6.710121701169082,2.133882774329017,6.0,29.0,8.707065194837032,1,304.62838760431424,17.965446820472653,394.20784306242024,12.865081652320448,17.99815302183446,NO
0.5437268249720133,0.44485908431081156,9.936678550902291,1.2335228865649674,7.0,85.0,4.49770276484177,4,304.8371845935196,20.319636890451818,397.4454793829382,5.073738107053808,23.529039227165175,NO
2.0320271760422886,70.74945813506896,3.8280203825918124,0.9562326241233113,8.0,10.0,8.132609076840694,6,358.4148159690724,16.709581480186063,371.90742441311494,5.028424307501108,29.803489519778427,NO
0.6279527365223445,0.9726843605850047,14.68219507231644,0.9594795412431951,8.0,52.0,6.501524343655067,5,289.2022754290769,16.267046899065445,393.5545525291166,7.917603370751974,27.632590493024136,NO
0.6253679244695133,0.7467682525918291,15.237624776259993,0.6612307337719175,7.0,52.0,6.048853087346825,4,290.3873269237876,17.259026886507254,392.8713637690433,8.839397585279531,27.586144677375,NO
7.805444644286107,0.2702200740015189,18.588322349794655,1.8682074961319404,7.0,87.0,3.5658898925550204,25,666.9069425616538,20.477837623732455,396.9420808626264,15.116774604159156,20.019756120715677,NO
0.3310859380544035,0.7048518456966801,11.794910498702297,1.8387725278121876,7.0,7.0,6.966534049687525,4,305.0584191792117,19.25259718439542,377.52100292866913,7.633600254895117,23.428059487221166,NO
1.0133514720398147,0.1312580980567205,28.044554099100758,1.7121036677759496,7.0,100.0,3.4447338640568352,5,711.0781196469998,20.45945132501699,390.33540229760433,18.365052614442703,13.752824945709788,NO
4.968547165992588,2.4424243233628427,19.62765335945811,1.3110651661810722,7.0,90.0,4.295369326257137,25,667.9791699544232,20.50793055202247,256.3784485792591,16.658071103518573,16.946722700903504,NO
1.9325433388261586,0.8727624694728827,2.966587284873459,1.8754109283096334,8.0,63.0,3.8583671706305194,3,276.7596661596545,18.388003622017635,397.33126707972144,8.253602436468501,34.490994418742915,NO
0.7802791256897749,2.0874086104468272,26.486235568264348,1.021988656753123,6.0,71.0,2.8644680055072094,3,190.59500778678776,20.237734378201857,391.7132877297978,15.573948999094291,23.577138621939877,NO
1.9041592085760772,20.663342219426596,4.364195219999736,1.8562177844711578,8.0,85.0,5.450431982434306,6,265.00225586006377,14.329309818154261,385.23818061938744,16.329551579704294,31.574990094132506,NO
1.3934204445133966,1.243229344690606,8.797687959862232,1.3610570977120031,8.0,85.0,5.669095255166502,5,307.1536445572802,22.684160148447226,380.79394673044237,11.156112633791416,18.36814225955663,NO
0.8849462961031962,1.3420980117266494,8.727061784629743,1.142528032336311,6.0,90.0,4.289843045188959,4,309.0760585695727,21.52896517338856,393.3791541775586,14.47762344442549,21.054867547979104,NO
2.1257081957942563,0.4413887260823563,19.971990826832016,1.4881342669703037,9.0,98.0,2.4000217829935,6,403.6138095036826,14.804682310086221,389.83124155946837,2.550219105069745,50.778501998507465,YES
3.4888551553178937,1.296648597586183,21.018040296577762,1.2922599137468955,6.0,96.0,3.254514549393943,5,403.2625943461158,14.897657490083756,392.64603199997345,31.035457152292484,15.34980897691308,NO
3.317394043562606,21.89515059995139,5.660004838281008,2.892667451493412,8.0,89.0,2.7942621274326895,5,264.45992683740315,13.620886619479732,388.69680779876194,7.399449758984077,43.6243795870234,NO
0.8951001800748816,55.97333432243788,2.5797651289518173,1.0882881257660926,9.0,32.0,8.464812741512706,1,300.29353811826996,16.710274846773935,394.7756078016225,8.497787910855159,23.136171217453533,NO
8.160230902612891,1.2746573001224224,19.576475726871053,1.1369229919949826,7.0,97.0,3.018014566551523,25,667.4247308247885,20.33733097979914,353.5230376958088,18.995263370324732,14.241563280668196,NO
7.38243312445454,0.8981086395471319,19.28539484643844,2.498113759815502,7.0,90.0,4.689408219284495,26,666.9089131359154,20.292739007638897,394.98956682236053,13.668943811517856,20.334506046832104,NO
0.9416325133526937,1.1506230427393416,10.082929152098686,1.6005789324242863,11.0,71.0,3.6759383957872243,10,307.62071686368506,18.41302177835232,379.7002054723973,4.628708437607212,50.46482347385968,NO
0.6194547350702633,1.6399671700017577,8.63140130412539,2.061396416715176,8.0,53.0,5.5410196429260195,7,287.59517105788626,20.41216358009625,396.92968253940074,7.646686111953336,24.244488124904645,NO
0.18927525824633512,31.004527477590006,5.296539158262707,1.0164104102455307,7.0,55.0,7.471237251168196,6,300.42057150726475,17.349918514837682,391.9860328345103,12.932206566451582,22.85532889123003,NO
10.478356111267876,1.8712251527711925,19.32916101657192,0.888101410053331,7.0,86.0,2.86011434397631,25,667.174951994516,20.87958094278063,84.47517162850725,17.78948481044424,15.119422110212984,NO
1.2474147769524386,0.0051792119453735125,22.615948091794635,0.7942616058240592,6.0,94.0,2.4414420004671546,5,438.07691743808374,22.925478245412656,379.2445453529127,18.51225596453226,18.096905919171604,NO
0.8741059226406056,0.056602349650160144,7.0590901802126815,1.371713924037912,9.0,17.0,3.622039450763995,9,307.9496588640687,18.29098065010077,379.04968049269127,4.734700671812209,46.738019609293104,NO
1.1297606754241212,0.1279553575602773,6.50708350693018,1.640532432259652,6.0,92.0,4.1450423966334995,8,307.55803334886735,19.33664536820184,396.4323603341948,21.799084161247173,22.01242658800919,YES
8.978492371347187,0.005742025043436092,18.224143577189775,0.838104217188875,8.0,82.0,3.1076652321625273,24,667.2350290472698,21.191027340596296,5.126927522607059,18.34833095068056,14.659922462348149,NO
4.800618608770128,1.8125384968034086,19.123342460408654,0.7929514409668152,7.0,49.0,5.660794945277898,24,666.3724915349317,21.393563944115513,335.1136708992069,14.432205320454038,20.352234301780598,NO
8.39221243322245,0.04532158923437009,19.083524606870075,1.1134454906498537,6.0,90.0,3.9808530216454767,24,666.5830920745226,20.698109857665088,348.46581642580423,9.346072353821807,50.69369602583229,YES
0.5405250941325405,0.22002308023783773,9.932464097826788,1.7147033546426327,7.0,73.0,3.8850304160430422,7,392.8280243666618,20.508538440651236,398.41376889800273,21.9988508673172,19.748833488121814,NO
1.8529991698027632,0.4981249273081778,22.059397168282022,2.37153662206324,7.0,99.0,2.9423068759613304,5,438.5603619217954,21.64882467076404,394.19869542430627,14.75950558150156,18.483967802817034,NO
1.2697092159324217,0.5251964974959299,14.221881080423742,0.8528601455519405,6.0,93.0,5.222152868157032,6,276.76751323207947,17.124852673033345,394.05850746740373,11.205519414401088,24.387278112243045,YES
9.142791206315968,1.6664176841474951,18.689329215545644,0.7831512405964637,7.0,79.0,4.4727169467042,25,667.463523642577,20.798342758161187,98.75176892231146,21.769102561987758,13.062828405085355,NO
10.858112016698401,2.479685909802873,20.04251210886116,1.0621133327089387,7.0,97.0,2.455733950515044,25,666.2276998604895,20.70529121603806,388.95603305487407,16.596256796371353,12.658665017736674,NO
2.8439603813656755,0.3389259343102255,11.890699061196552,1.9802411859924283,5.0,40.0,3.2584717799798444,5,304.8475953986544,18.773687451521365,351.46132446005595,13.48683978860316,17.083607066537716,NO
0.2788615026438438,34.49874921155253,4.812363144834286,0.6147009798645751,8.0,72.0,4.456147554722563,7,222.2954513403622,19.05705606498936,398.4413108989696,7.528386878136763,34.31148950860603,NO
4.340386580815748,0.3593579791012709,19.721346140298348,0.7793787147520128,6.0,50.0,3.8234750102031834,24,667.0850530872552,21.767805443082832,334.42775854186357,16.255477171364195,20.102278119540372,NO
1.9422499704194467,25.454618057938593,6.602180136580763,1.0036919284042918,6.0,31.0,8.5604385844103,9,285.25084421467017,20.278263258933716,391.50799365313054,6.872865199560872,24.215810200682956,NO
0.640429834968874,0.6294933315476088,10.922060207804266,0.7922889515521547,7.0,78.0,5.810514374919201,5,304.20097452761956,18.603548133621214,397.86025241056046,11.852812671358903,21.22154942949831,NO
2.4536236549058885,0.8128133910552234,9.135583573331655,0.8055436938295522,7.0,55.0,3.3676864380638456,5,384.5074269809701,22.182858037501713,393.86585439019035,13.434218600148554,22.947018951538737,NO
0.40274812579205505,0.37013649280776095,2.999458320576756,0.7548060777369903,7.0,-2.0,3.4240425595240476,4,193.1945093962236,18.00044634548162,387.80167345285025,13.31177068220597,30.271876241757777,NO
0.7765971266918748,0.6200315491304826,11.6668545512385,0.965084173254982,7.0,9.0,5.769872282629547,4,307.05748887582394,20.660732209252956,391.44235666776393,6.679691058207427,24.356836773548576,NO
1.202459791603411,1.0598421232122373,8.446853641651746,0.7428163413197888,7.0,29.0,6.110819165380052,6,287.3156092846832,20.70266298889113,397.3812637608233,7.418783328149159,23.767755821914847,NO
0.1252403646659867,20.206606981314437,3.723992740931932,0.49339586044004696,9.0,51.0,5.597146463589535,5,217.58970064470057,15.790817702885066,378.3403332535425,3.6832301203265896,46.28438760029717,YES
9.567342543186783,0.31571472499539055,20.351310207540696,1.340193995503078,6.0,100.0,1.8840234645737581,24,666.4793232809297,21.17425796368629,397.9576361657148,24.71240478514366,11.678487450877817,NO
0.6438518103064473,80.57986426101569,5.805170589851564,1.8910977652396317,8.0,28.0,6.1288153531224765,4,246.10388169766594,19.264842310232744,396.98786395079713,4.866961111293607,37.30296012222198,NO
0.1437295760515362,45.066653119254454,4.51384648117108,0.4976513381933274,7.0,32.0,7.1507083713058535,5,398.39132911766296,16.609286452493627,390.4489355502117,5.279011569870006,32.21207716241296,NO
3.3687362955751756,0.028719022041712387,20.550964583325342,1.3388155569786049,8.0,97.0,3.247313148700231,6,403.5308384182104,15.509835523312312,321.5649278316369,15.899182096384308,17.120433167449157,YES
9.929273528305025,1.8134556009559657,19.267990294630323,2.6302340081421556,6.0,71.0,2.633871488711494,25,666.003885948005,20.846186755326354,4.6583696160171675,17.37668560108282,12.933471412816399,NO
0.24634145472371247,0.3080109924049399,3.702311622556058,1.6163729174630945,8.0,59.0,4.837410639309689,3,277.2000547090794,18.068570409188492,358.26443645738107,7.179239103159585,28.91420140262476,NO
0.8395290418718582,71.61480629740369,2.308250903043911,0.4478026250943675,7.0,10.0,8.38170667747866,6,358.06131442806867,15.760809698555496,372.4214026755978,5.829998899345476,29.678738038936267,NO
1.558885155552004,0.14182861344525116,11.846884443072247,1.95055069029075,7.0,30.0,3.908288284677697,7,391.80293402079695,20.243637786945303,393.8531034076652,17.687986544138063,23.71876419473224,NO
10.371165752654269,1.5672943739626004,18.732739554170937,1.6403548916878516,7.0,95.0,3.472428724294053,25,666.237733534295,21.148738686708924,7.269362809496657,19.163482378663343,15.967350187582296,NO
0.6052873530893733,0.5799647315277419,11.890586222008038,1.3398790776168457,7.0,7.0,6.2674203658631065,4,305.03800761690457,20.499207334125455,385.0850267985314,7.242795801016534,25.78991231827941,NO
0.6963558767524012,45.17983859632307,4.160149891117619,0.791451491051953,7.0,26.0,6.599812082382751,6,399.6219363477016,15.227076646923818,390.8683200178156,3.527791586230091,37.42054276181527,NO
1.3124646945574419,0.5371483215199084,6.641907848903415,0.6208089730368002,7.0,-2.0,4.562844743308435,8,307.16937021115973,18.567460958827702,377.49859522467875,11.654707724973704,24.614424964788174,NO
5.754105954008269,0.38721444772870667,19.121027189764064,1.84779541375515,6.0,100.0,1.5857985619994484,24,666.5082638747155,21.049743765581578,377.0618830760737,4.1725828401267115,50.686486169262274,NO
5.810502750584426,1.1439474606792535,18.738586323005077,1.157127474269654,5.0,100.0,2.45903831013221,24,666.4846470630168,20.425941047488,376.4303636294976,3.8768123930085148,51.616163040201734,NO
0.5110882721144762,25.8727642524969,5.764700405070371,1.3261935076215816,7.0,94.0,8.027505409203936,9,284.8516480799546,20.81387913323132,378.5878431500881,15.31261930921779,16.62247799811466,NO
1.3451560419691768,20.60968140001698,4.154722088456356,1.2730326666908063,9.0,87.0,2.3958414581830585,6,264.9002546514751,13.2995782465234,390.36761805424663,5.318245140410447,50.897386923140026,NO
2.136112689567061,0.8177156746071857,19.59642625744324,1.7057467668282627,7.0,101.0,2.2895576095903816,6,403.13288057295097,15.179983813093129,353.9351900855311,7.1659313585961995,25.056158144348395,NO
3.7806602625462347,1.0522207608843501,19.24758826952995,0.9925983312124539,7.0,40.0,4.199906629734891,25,666.4965889892351,20.42623021653342,393.9201702644221,10.71819100924171,23.35656216871824,NO
5.16773175131914,0.12394395630040675,18.398231773655386,1.4454583802068477,7.0,84.0,3.0933753875591194,25,666.6656770505641,20.344093898950938,397.44354976251964,16.470066634691133,20.462481337808757,NO
4.721950360650827,0.5356477748278802,20.322621152713573,0.7097751361928681,9.0,68.0,3.409399104711376,25,666.7836123498794,21.257593167547977,375.17098916729736,12.147894293935709,30.146986934983254,NO
1.028746964742487,0.8082938697994312,9.146321913036305,1.969295510246027,8.0,80.0,3.311586035980535,7,386.0278672182146,21.84444325524858,395.5033329730833,9.481194625642953,27.525738338322434,NO
3.0312939665307774,0.022577495631600514,21.094988945711904,1.5974149224091327,8.0,95.0,1.8918911879789688,5,403.53585468972403,16.060171435643113,89.44997040070511,16.671505562939238,15.188157709692561,NO
0.48913866646715143,2.293036621509565,26.3494140721304,1.6033193688148384,7.0,98.0,3.2458815353629715,2,188.39254378227517,19.662571038666307,370.34337142005165,25.7499982863173,17.938022156386452,NO
2.2752513023162626,21.16038557704188,4.086057207920724,1.9701088601359296,8.0,95.0,3.9953760910785268,5,265.74417048039413,13.491775356614045,394.485023091968,13.393016010157188,31.69572816125636,NO
9.292465755030886,0.43989128097320074,19.33125543545773,2.041686572152563,6.0,72.0,2.9780513515155413,24,666.7673281725228,20.59747363084816,5.167958356840487,18.2111090090503,12.94381806554773,NO
1.9691455882232403,25.874041759631865,6.14926822408899,1.2682208431781432,7.0,48.0,5.827217924620958,6,282.920555443729,20.070086436052616,390.65665234477325,7.814066272229658,23.382577308981645,NO
0.8711956300604555,1.4669258361455875,8.148981546081433,1.9426966916555077,6.0,38.0,5.409724204267558,5,307.56058488312857,21.081655624991054,289.86436041088814,12.785783522034112,21.45441962383574,NO
1.15064378954673,2.306638823401844,8.809816065246144,0.6777761669733611,6.0,85.0,2.435077133228431,7,384.17542096878987,21.9733552620369,388.42662435003973,14.606003653293975,20.85815464417337,NO
1.0784614103164092,0.5839640670454165,23.09969193355031,1.6261903701175235,6.0,95.0,2.13866263374943,5,437.9071920057204,21.71050938802026,390.0457997102133,25.79736423966328,14.108107426414781,NO
0.3840444773832356,0.10793881419699118,8.000371952796801,0.6282726156911631,7.0,7.0,6.532491461394958,3,234.04095358233633,19.57451213277234,383.74997215343984,6.04138696526668,25.440048989824714,NO
6.4580542910031955,0.2857133807759583,20.60104820413824,1.5067582500558476,7.0,83.0,1.9904851062402864,5,403.41660217067687,16.221680949612484,89.0686142952569,15.504544745028067,17.44700693827278,YES
1.0725660056232984,90.09641882909791,2.2154098085146243,0.8826691506552771,8.0,36.0,12.485356004299451,6,187.824894085168,18.489601502549903,384.85148063888585,4.702805093612969,30.682626105926794,NO
2.8543362980239606,0.12816774678923257,9.483089418877357,0.5744533072434438,6.0,29.0,4.854767781199419,5,308.6791441925201,21.351921826784572,387.38103337349634,6.821884550977597,23.147850554172514,NO
8.142685820982203,0.17232381646547715,20.209028008779192,1.3177121162728853,7.0,97.0,2.667212753375281,24,666.2134306850318,21.31162366783309,318.9213754046489,17.827544790409885,16.137884363114882,NO
1.1886094839156285,0.8507503635136363,12.470009917949717,1.8397508439069545,7.0,20.0,5.636696388250175,4,305.28136429117586,19.292638117477264,378.77738132026695,10.488743713978185,22.65573423582746,NO
0.9712383798551725,1.5881460572717039,7.119055156671701,1.946347263811464,6.0,8.0,5.757565403959605,4,233.05751780995047,18.229808301321164,383.76281926690103,5.827814988358736,25.689822818587167,NO
0.37257725363359195,21.175887107003998,3.346296625948395,2.0546274723760978,7.0,37.0,5.780427065676342,6,217.6134493533985,15.56739058606591,393.1619805768024,4.908163936507064,35.686611423320954,NO
3.893076826230238,1.4864509729871695,18.266616095843517,1.2892919631583544,7.0,91.0,3.2431069215678967,25,668.8146370197244,20.900213455915267,351.9840586449399,15.406625698980918,20.425819554848598,NO
0.21150280552742654,0.875274934486602,3.2418422660500066,1.7309795229731235,6.0,33.0,6.0091017215798175,4,430.9414675312851,17.266757227696285,370.04362953228014,9.809107624958097,20.402580161398813,NO
5.664056857727517,0.5878340517382165,18.23065252336926,2.297830469157256,7.0,84.0,3.2912302020125486,25,667.4275366231301,20.27750791195226,397.7190804333411,13.206215339669086,25.255529026723515,YES
0.7974783663958616,20.150339442935614,7.652014749568836,1.1261138680747733,8.0,52.0,4.736150856506566,3,223.08733878289055,19.24968675377613,392.02774819138756,6.681843136690073,36.02308616290503,YES
1.1652453406912264,0.3987359118014158,22.6470105526315,1.2785938138186506,-1.0,97.0,2.953543955665153,4,437.2943611689811,21.552595236103386,388.8705276198691,17.010587026628365,18.90711568201689,NO
1.8293529142493021,33.02624070018532,2.771710001280952,2.292861647876336,8.0,71.0,4.551410058398698,7,222.03156768405168,20.057765394413313,398.32886546342075,8.592567138522853,29.099195109115737,NO
5.116354889646715,0.7311218030904848,18.302344375240363,1.1840444220695352,6.0,82.0,2.7459670834920553,24,668.3185596219975,20.708339674501556,391.0863048784677,13.321802021978083,23.944080865464088,NO
2.7460754704639885,0.8128928527538629,9.21724742748263,1.4451065618816732,-1.0,89.0,4.846990492341031,5,307.6925744432235,21.498775585343463,307.34384054783516,17.34340006510446,17.57484665992654,NO
0.7106572935706925,0.3038093155059598,10.836896140672074,0.4328947007178218,6.0,19.0,5.407005195751535,4,305.4785202364654,19.988408794862032,378.56324547620386,9.884203446792622,22.513098943862353,NO
0.16665120954236132,2.4421481619626837,10.71483532435895,1.1691372082676192,7.0,90.0,3.3904737903692936,5,385.0695885958712,21.7880174266457,392.9349984523447,12.356570444307637,20.882372992651195,NO
1.1316332831868505,1.4081764496754636,23.00165369122856,1.6004987513954931,-1.0,97.0,3.2616557452615424,4,438.20411135748964,21.643978897867456,389.4214958807228,17.24375371511951,20.090582324616513,NO
1.5000880586215812,1.7914954228282067,8.395201331952787,1.4190037542978746,7.0,75.0,5.756012861285516,5,287.13760410583507,20.79685185182399,391.3572046263403,12.067279473101879,19.374887695818803,NO
1.036568810689674,0.028193522296036336,8.358889166366083,1.396738711689975,7.0,38.0,4.265658757996138,5,307.205306058264,21.003155592329783,289.75800804920493,11.879221245435176,20.917106663757274,NO
1.4868648179030521,20.842900808912376,5.649686167653456,1.5023175879645652,7.0,87.0,2.6574456499647923,6,265.10559516701767,13.404710203326662,386.02552356105366,14.973705083980338,32.36840611469704,NO
2.216043487895057,1.1707512106930467,20.321383927489006,1.2084547192655295,7.0,98.0,2.124140828952835,6,403.56601917368187,17.09038535618044,373.09647440115265,14.214413890276147,22.548784157387146,NO
0.9422902352137339,0.4589496298664305,6.934305145571869,0.7313026762276145,8.0,67.0,4.098042429711515,8,307.0959188639307,18.46874844817481,360.5563054759338,9.033392182967287,29.55225186820612,YES
0.7833007080605088,0.23124656317772196,10.12746594121122,0.5907278522402534,7.0,87.0,4.702307623891757,6,304.93854072967434,18.962172442465047,397.8765356764224,10.810789462935123,24.603981504406974,NO
7.184529600000292,0.4089724560324409,18.457861624203026,0.7938806899102687,8.0,84.0,4.12200746713985,26,666.291460100986,22.10028271264176,396.68562495402756,11.571037927810176,24.11230091285155,YES
1.008435913203493,45.99254306572408,5.50096106426574,1.2601406592513875,9.0,26.0,6.554683734361835,5,399.3816864415484,17.626306029301833,391.497525907852,3.487876392548193,36.42536040564889,NO
1.4256843600205849,0.03337314259751747,20.1648977639008,1.7038244928139414,8.0,98.0,2.4339880332733337,5,403.4984614446378,15.096219373525496,364.7278502217072,5.541121629383661,42.010225875641375,NO
0.5305873660953284,12.834998933588475,6.542750090545824,0.4103146314529286,7.0,34.0,9.082482284652635,4,345.91984375364393,20.150740624821793,398.7317758227037,9.857712135570994,21.521611643504126,UNKNOWN
1.3420161703244118,0.4069217057625653,13.775394043159494,2.6187718291431663,8.0,82.0,3.5399560500449745,2,274.1616278497812,21.044666215956035,397.3802514794558,9.468770431366423,12.067753352397464,NO
3.6649555024972194,0.08028153591943885,20.702852562528626,0.6250701388197079,7.0,97.0,2.6423411874893072,5,403.93624945265515,15.694424210718909,298.88405565018206,11.507798908610477,24.224572252217005,NO
2.8876297197299396,1.7135476959707936,19.992554047472957,2.260369320319508,7.0,101.0,3.8958377964163464,6,403.1001081363801,14.754381325413647,173.7039384664376,27.837032755886565,14.72558022935388,NO
0.6593570788363369,60.60611355598243,4.652307932919292,0.7587323121434104,7.0,19.0,6.428620422884316,2,266.5017611225076,16.55912547553937,376.77501377301917,4.783443095228183,29.552600176000272,NO
0.27004896358722963,22.448680784904344,6.135507256359132,0.6492076283433783,7.0,22.0,8.281244706196077,5,243.21473999546376,19.655780140798477,397.56721156534627,10.420530780340503,24.03006443018322,NO
10.209286208837181,0.30266390801913984,19.431992457084704,1.3344504297354307,6.0,100.0,2.0407021041297586,24,667.8262233670155,21.36777899326551,397.3199197148991,23.869125503230944,12.91431068885603,NO
2.5339679818506,1.167563471399113,21.303225801173028,1.7045573433332188,6.0,98.0,2.6467106505014715,5,403.57895277232615,15.719909833781538,348.7812678818059,12.524721364308652,19.56508068659806,NO
2.5659989861821515,0.4095702442003125,21.156216770480796,1.0816048572447683,8.0,101.0,2.691030924125726,6,403.265720776012,15.579417215700293,365.51452334640624,8.546395080277847,23.564762492666137,NO
0.09494968727681016,60.68795537377565,3.7551085809786806,1.0581663658828004,7.0,11.0,7.342714128103617,2,266.45313698093776,17.160854566348974,393.4829557817582,5.226381786756368,31.99589429054984,NO
0.12895014958755346,1.084743176491689,25.984685478367,0.9118943080651892,6.0,85.0,2.745442599752777,3,189.35232169064585,20.04289094966545,378.5838656862442,16.366322984637097,20.96773468582699,NO
0.5521861646295032,1.1828338319209277,27.003378080842758,1.382666730756673,7.0,84.0,3.3897876577223274,2,188.54873850489497,20.344981627399676,379.29320508233775,14.717655656276213,21.10777237761431,NO
7.59169195771798,0.19625279608577614,18.101622316677314,1.1608752138940084,7.0,99.0,3.1372935796835097,24,666.7216815714228,20.95880149478506,304.43724489962386,19.823569318676412,13.296378583985355,NO
0.8200615188348606,0.6102118198712966,10.886368471860566,1.5372427585726078,8.0,54.0,4.593116099560011,4,277.5608719477789,19.29379715389396,394.87031002037133,11.182867387888342,24.487188110719817,NO
9.65770442482339,0.8566108393171181,18.343205926180282,1.6358697387003134,6.0,96.0,2.740661106204962,26,667.8816269142518,21.37629367555592,397.74186634100624,23.27659544145441,13.861164715045794,NO
0.8723604627859173,0.11442228284202613,2.888606203079501,1.2008012326293651,8.0,54.0,3.8550485098356035,3,194.1028385903618,18.977508658145293,392.8809715334059,5.539250284758813,51.79455204885517,NO
0.9424541207899606,1.6247978580361266,9.993055867121518,0.884862786456462,6.0,71.0,3.5296369695040872,6,391.39628274523284,21.47310213418975,397.36962542652077,15.444062762225212,18.776578876797302,NO
1.1031044102977687,95.92650144288417,3.1222071002208915,0.9033361610434771,8.0,15.0,8.142213473336136,5,403.40796639038217,18.52373972858714,385.1517424214328,5.388104347045486,33.05322090841158,NO
0.265202906956278,12.533809953847989,8.639821271702289,0.9668891922613765,6.0,39.0,5.762212484425827,6,311.16801834452673,15.939455540202378,391.5779391871191,17.62945326615514,22.874883469260787,NO
1.9911236822733325,0.1510908354042693,9.67296487915964,1.820767931526104,8.0,88.0,4.496826742830043,4,307.6218529566726,22.09340443172664,380.7186759582348,12.201737217331448,21.666654167099896,NO
1.9425827066386112,21.62244926344586,6.358708016793351,0.6281238391146103,7.0,46.0,6.960076348290585,6,243.18627062800994,18.41992677874899,396.31156158442985,14.154438406600642,19.999884553491956,UNKNOWN
0.4403338580275804,0.6205952936592329,5.192243163602145,0.9274976951627281,7.0,39.0,6.779911522432127,7,224.8740020362653,21.995522161387562,390.62516999911816,7.846665236459128,21.978758445468284,NO
1.395695245492012,0.1469565276230532,7.841689926834891,0.6061726390159055,7.0,75.0,4.852307391929378,5,288.42845612574246,20.18365340835528,391.1783589418086,11.828211936213853,19.753214242489904,NO
0.19403480807246343,46.80976191644267,3.646204246201047,0.5058727355333974,7.0,29.0,5.458530463130927,6,398.3228281631638,16.598236849019496,384.1238197729469,4.976131875850916,30.053896048984967,NO
0.2663380714650689,0.967375246603557,6.739598438768693,2.0679705140693594,7.0,62.0,3.5923272981429033,5,280.78229491984257,19.611409057864797,378.8834869252593,12.509350809695917,20.10672415405549,NO
3.2741056886904967,0.7371234361091192,20.17344139243159,1.6021769580867833,8.0,96.0,2.286297164795205,5,405.17660135264737,14.835921051803744,352.75554455388516,21.4718141353076,15.73384650011935,NO
1.4622386469397097,36.36006177193347,2.6537936964792808,2.8046401428749115,8.0,50.0,8.853429909613894,2,284.95852383121957,16.886646056754277,396.1964713132272,5.6700652594684,33.849171224088266,NO
0.2571366901430979,40.41645674507051,6.925141516642773,1.3790743458387644,9.0,50.0,4.9248798408821175,4,254.35869547703354,19.350883222369838,389.80652573717117,6.151670483977507,33.81273407855424,YES
1.570669614349873,1.0844069174565663,22.531087746547936,1.3284874106658449,8.0,100.0,3.7422332205420408,6,437.59042394842857,22.03160586243019,394.4329563202006,14.962454814398356,17.668093472564212,NO
1.1756056193863818,26.71892624643853,5.352344629266875,1.8877171462644586,8.0,68.0,7.839428639563078,10,285.30766083727593,20.00130508556843,397.6886681445807,6.8035629986465285,22.708253735149157,NO
10.63560485991918,1.400322951389094,19.072137072204796,1.5219357790338495,6.0,100.0,2.5439248412343627,24,666.1436073244813,21.018891096643834,366.7965700302191,10.759447437454899,51.127430179166204,NO
0.18230518391099312,0.681022672280128,8.678202320328264,0.6641342007458959,6.0,8.0,6.964526585876261,5,233.56205867109975,18.52825743042155,383.6835173851142,6.67463558443154,26.38901764055993,NO
0.488526297298347,40.517030520834034,2.1788511307723724,1.1006606648829025,7.0,45.0,8.89450317500483,2,336.1414911264154,20.627318783082504,397.1433572470441,6.264580545108356,23.52950445854795,NO
0.9342395374073018,0.04683301662598135,6.82107094533216,2.845296903724689,7.0,70.0,4.320110327320153,7,280.92199986585075,21.816458531503446,397.4329381130163,10.814175168925175,20.607339163260555,NO
1.9728153235199273,0.3911597098574415,22.61899965815961,1.3194117209284446,7.0,100.0,3.1736496458738443,4,437.37997784120256,22.136888948226527,394.48039748519346,15.24866344531189,17.284415735648572,NO
7.789764204588947,0.8881668672992871,18.112673218970965,0.9764449142564238,7.0,98.0,2.235721314936881,25,666.6266018034199,21.01803689715216,395.7616456015194,17.392072577788316,16.074278972832367,NO
2.0510892495195088,0.5769315420328784,28.707028492477217,1.4488224544186283,6.0,101.0,1.9521244301880003,5,711.2883060611335,21.44638100942186,345.79936729514486,24.35500946126985,7.352066959418091,NO
8.430867147695983,1.45312161326097,19.569131036247533,2.2084938791848696,7.0,81.0,2.9483172907318007,25,667.054301398224,22.471381244981533,3.856349577632007,18.153658929601,15.170598087762707,NO
0.2416210030829336,0.8422032217130595,9.596713862214452,2.3841465060490643,6.0,55.0,4.9081617909485225,5,385.53589785621836,21.800228111844252,395.18759953395096,13.030826705915967,21.76240020818768,NO
0.871632286077641,0.08936669409883896,22.68108856174579,1.1861992240388426,-1.0,95.0,3.374311980069321,5,439.0205411925662,21.52787545193802,389.40955763524255,16.924905046922145,19.32248836671262,NO
0.5294090817333021,40.73542588647192,1.7307630158835234,1.006476925210904,7.0,47.0,9.177975643404686,1,336.0349510792849,20.649436052278197,397.98533469419067,7.720923345341271,24.14469438371191,NO
5.617138631885927,1.195478545060824,19.775709495370258,1.2175778714776393,7.0,93.0,3.6515548613062716,25,666.3235023894308,21.014436320156392,385.7155058683172,18.818732337181373,16.75691352998647,NO
7.750183589857598,1.3265745094041537,18.54898826685524,1.298966311627877,6.0,96.0,2.212678410951624,24,667.0169253877324,22.17927611536787,321.1715804742338,15.774283780718454,16.631978448487562,NO
1.694020385043617,55.44132300212209,3.9361647204639465,0.9510816113319309,8.0,28.0,7.47889326881455,6,370.28463206142186,18.280763621946985,389.6451582846289,5.260440454499942,32.02180606690592,NO
8.042569648094531,0.06691431962351647,18.680109766055562,0.7330087511045607,6.0,100.0,2.355340658308199,24,666.4638080221495,20.94010436782757,397.7895666238842,25.401804838698396,12.359771199662779,NO
0.8287879442733151,0.3394042920380486,11.602266666434822,1.0375511191499838,7.0,73.0,4.2513117647595,5,305.5356961365468,18.763472524532236,397.53933966008543,16.643078212700473,20.19643899669944,NO
0.20794512311026234,1.1877706220438797,11.009554832197791,1.2321380333424279,6.0,7.0,5.7924379796145535,5,305.6371032106341,20.56487705566345,378.0626819051218,8.226857570845638,23.447155420937776,NO
1.0202114211697404,2.3092631806577697,14.31050556265127,0.6267666779216837,8.0,75.0,5.009745247260337,7,398.40460469679107,19.19332089084724,374.9116367290218,13.150617838927827,20.82678751905961,NO
1.1464214676351376,0.4366466179238534,2.9830363626660477,0.755779877961549,9.0,47.0,7.157232514740568,4,222.98612362347544,19.27686028263868,394.7761209667429,4.257292193929346,34.08621774342448,NO
2.6233803451522983,0.25164177068068894,20.295217406156794,1.5995904105115972,5.0,95.0,1.7439968454766481,5,403.0064790455165,16.37723352941256,88.95274612338743,16.70103023909134,13.768341979435155,NO
1.0851273948473694,21.034174736101637,3.5181107894402404,1.3539008018277638,8.0,38.0,5.538280918771809,5,217.2374764328181,15.570669031669725,392.7042738326371,4.972933204855227,36.36572631229983,NO
3.0731603070804923,0.2420448858571439,18.459163439008137,2.503524230605114,7.0,43.0,5.475518992788455,25,666.8415484940206,20.32881136905668,370.9658427884351,14.017038294841962,22.014568387949943,NO
0.3367695485737888,0.48680934696678446,9.946527561234594,1.1892365196576418,6.0,75.0,3.3079044995653,6,391.24232122257297,19.88243541557107,398.22955381905655,21.894227071601655,19.99476062331109,NO
1.2790695516723725,0.2727478595004322,14.878852079761561,1.5441840121696822,6.0,93.0,3.3745601473889573,6,276.262536973398,17.36124349107609,394.55171716123704,10.630105573273292,23.148724112343643,YES
1.097509633760867,12.765983024490476,7.237282708765079,0.7646059555109639,8.0,23.0,7.002252898509076,5,345.2940993750859,19.30734387064976,397.07533553809424,9.671485442386114,23.06944784442603,NO
0.8220694766815758,1.4556449498951831,14.556732130369149,0.538723758121392,6.0,21.0,6.281854358496144,5,289.16032495384655,16.607204924199326,397.7861443493667,9.303967251979245,24.35406440312479,NO
0.9252870191845468,0.293793776979327,4.599630187605206,0.9293463030271816,7.0,50.0,9.677332191168952,4,353.73752427204187,21.19739942204302,386.2726751773164,11.580745088303566,18.424789479691327,NO
1.2019143365972305,33.652418915994936,4.284316532149838,1.2748103819672671,8.0,59.0,4.284746907533761,8,223.01278362747564,19.037017841079074,395.628713019432,10.07732913854938,28.550193329864978,NO
7.737122815140559,1.2337426049213598,18.718997117293206,1.5204630715990888,7.0,85.0,2.7958257074040302,26,666.1182051099549,20.722161836845896,398.0876192182913,16.157573442313222,21.42897282203037,NO
0.4644928004713266,1.5644458029227795,7.971224123586376,1.6227967310818445,6.0,98.0,6.088680178050475,4,233.6750329214993,18.386737009826987,398.0955359082901,31.595882041522252,14.559474355867836,NO
0.6285341826697388,21.809721246370003,3.4261682039353847,1.6429252525172149,9.0,67.0,5.013078690611066,6,217.15987183788212,16.123931718454536,388.31599863410736,4.12344040666695,45.978373439270406,NO
1.992945856852903,34.642563583690524,2.8896879119343506,1.82527859622504,9.0,71.0,3.4201949790823485,8,222.24903031824041,18.997560732768758,398.52869883700896,9.416309144967581,29.055439775366846,NO
0.35202726980944316,45.11990900425605,4.23881782092107,0.4772381434341999,9.0,26.0,7.334214378783813,6,398.0208534300042,16.657587192388732,392.1170866421291,2.9156676936223236,36.73994364450026,NO
0.6479464972108923,0.13827706911066098,11.246317699884557,0.723688486411086,8.0,94.0,2.475100594099914,7,432.0008906722184,18.796992678434343,396.8807252710422,17.75238349484832,19.189033219114986,NO
6.131620554617194,0.9963346100870238,18.92823852846187,0.8814302087854358,7.0,54.0,3.7415773788992994,24,666.4071855657004,21.279071598116225,389.17029318857857,11.746634536092948,21.143452633218672,NO
1.7060669090005995,13.553680740081946,7.830449899726429,0.5028502553516175,8.0,38.0,7.236465391576835,5,345.9562393767367,19.155720332803686,397.2286141434406,13.36757899372407,17.700005144620164,NO
8.162310397644937,2.482693532245119,19.870392934364077,1.8274179249151965,6.0,84.0,2.58472470380781,25,666.1111717827465,20.65122640375613,379.4608430351062,19.58871309697502,24.493095182974923,NO
1.5969238109089776,0.16503816393486406,26.373292325599888,0.8894902916152979,7.0,71.0,2.9926555990258152,3,188.08830342451535,20.460293144086894,389.5516619418065,14.432815924141392,22.879248682846594,NO
4.2166647895623015,1.7983973243845637,18.889391967844485,1.1005776243590708,6.0,92.0,4.215598112169811,25,667.1575660117516,20.780445623225745,317.6922852480761,15.366436115821566,22.24696557655692,NO
1.4566560553440173,0.3583190605778979,8.145216252494906,1.447860247326739,6.0,57.0,4.557813990653372,5,307.21881225086946,21.987774082065037,395.8920140832741,10.284329567998016,20.15763343572895,NO
1.8325821415797676,0.18616143160131696,20.522220893966317,0.9303106255484052,5.0,88.0,2.0511428915178183,6,403.206603677153,15.45501551862727,343.34960773190306,12.496292770273381,15.429160996503498,YES
1.3843960679634033,1.1286767889853655,10.23452288783333,1.1713337113946505,7.0,83.0,5.020217085312376,6,433.04277706322495,18.952243446795837,396.1084132637059,10.938956871416547,23.71310339365655,NO
1.6967964316295385,80.32032808025355,2.6034939796139795,0.4183768570216281,6.0,20.0,11.025613264559137,4,334.53039944805414,22.862281843861858,376.56477073290586,6.588972862191186,20.843949026739534,NO
2.095335449032492,0.8128458132480176,21.865731873793262,0.8465238533410602,6.0,101.0,3.059527657063268,6,403.364185240338,15.737568715816188,354.67733648056304,6.6572359365426355,24.525411981297175,NO
0.17002329764546498,30.848109057166454,6.66563797792857,0.43972206584629653,7.0,42.0,6.7764362770795685,7,301.8063113216755,17.194080120790144,384.55968956251644,8.669513405115312,24.780975664774317,NO
0.4414667053708861,81.21037183129206,2.2733925349803945,0.868553508267056,6.0,32.0,9.365938103133125,2,243.06038692137923,18.419310710731953,342.19326935209426,12.93657559143494,20.394469222639792,NO
1.210437218549133,1.7385808202512842,14.331821027912461,1.00447521148803,6.0,56.0,4.547643187735302,6,276.7411564167407,17.47713141785635,395.47316138974446,14.534681101395558,23.889502089638285,YES
1.036738536460266,0.8823694570069001,10.088357403719105,0.6564404605414172,7.0,92.0,2.72492411251455,5,385.19591811787797,21.100040050052083,391.33645019054444,15.818948333175964,20.4537927368509,NO
0.64931851577635,0.08757632443946535,7.299237791120797,1.4876145255530533,7.0,7.0,6.5648534046541265,4,233.07243527014168,18.698884294101145,394.9282057982502,7.70433222782042,25.885975701317527,NO
0.21852795978567655,0.21230591556417375,7.515583930950277,1.911671190914324,7.0,35.0,5.134541130731529,4,233.8823191049101,18.230682153090438,398.12500987556166,11.353937594332951,19.750032234716674,NO
0.731962991780563,71.34952011121987,2.537504969784626,2.478346951637108,8.0,21.0,8.51601631210238,7,358.1320137933883,15.24391733640341,368.32649058704607,7.287588023899751,23.349782219169917,NO
4.129558091395007,1.506660244960533,19.4031363613212,1.034637445974428,9.0,83.0,3.035254131288056,24,667.196358909359,20.24115377972603,354.5596155128352,6.401723709393499,22.080138111213067,YES
2.0633951938944994,0.18490289325482076,23.350929722195506,1.1625292626817916,7.0,99.0,2.352623303258322,6,437.52460693936484,21.980075331033806,395.9298331211621,13.13548378792393,20.271883499056607,NO
0.5784343448026312,0.16146758267384814,11.003491245672645,1.1860654429334434,7.0,89.0,3.1110953832851544,7,432.27152492428195,17.865723242502675,345.7279200411712,15.956020041465575,18.494656651931468,NO
1.1291573437169173,0.1991270527260701,10.007232080546338,0.621755585998511,7.0,79.0,4.585658675356204,4,304.3808688278057,20.03681397686269,399.0417121051325,12.759202096316338,16.721810800234902,NO
0.6509903193870054,0.4003515572334817,11.318643225771178,0.9200064621807438,6.0,71.0,3.4695582648923073,8,391.72914325762963,19.42097374747724,398.26891978947134,14.412129391031192,18.449905422481017,NO
4.7855668354913785,0.31996079757010093,19.46600785582424,1.7352572756602487,7.0,85.0,4.416681293966349,25,666.4028099690461,21.791072771075033,398.3551818992636,17.991516073725187,21.49142940512917,NO
1.2287333719730087,0.2298610116499341,9.176898502367889,0.7885323091883887,7.0,90.0,5.305339553105506,5,308.1726627129968,22.02497612270459,394.3218209900978,14.510143887589605,20.245149236416594,NO
0.7143219836974032,0.8277924714210749,5.078623022741493,2.5095284821829713,8.0,75.0,2.9420523888127064,6,296.23120383786517,17.299062899321573,391.4564587066694,7.28506313357504,30.284445620263632,NO
0.9972427655954768,1.194698139088101,23.468177380330225,1.6346144654125503,6.0,95.0,2.3018386937389845,5,437.1789777394889,21.918496775751596,397.7380539858344,18.539381649433608,16.303822713617866,NO
1.8549045318328947,81.56016227319598,2.207662302140712,1.5575879889380335,8.0,39.0,7.681548702646352,2,329.5008491885264,12.814894732207902,392.2940469838927,7.25354486584474,35.00479622289907,NO
3.13598104689497,1.181484245807952,19.716663934710116,0.9162658243935098,9.0,92.0,3.145406348292643,7,403.28095753782156,14.859469018477931,375.66768771426126,2.603433870554656,50.15794123011948,NO
1.770751089808464,0.4468812096392941,22.01649656684653,1.006113606449709,7.0,98.0,1.789362074856989,6,437.08909257983186,22.2841785210403,392.28814830514534,17.340869498856165,16.997966526184296,NO
0.2058167086051041,55.07789468470866,2.2735194255542144,0.7163878467475459,8.0,33.0,7.553310006768525,2,300.83686823791277,15.664876655886061,395.9456375121442,10.409353214936473,22.84730387158607,NO
1.2270091481646486,0.6098682837348547,7.294036388934936,2.416142286494912,6.0,33.0,6.830706724343445,3,234.01310616779492,17.98435931433316,397.2401741695173,14.287728308283151,20.391009698804353,NO
1.694368060753122,1.1199673762765552,9.068319749756009,3.092130826024074,8.0,98.0,4.407230112085269,5,307.23202384781166,22.149396585975765,251.14788709567458,20.508200502129927,15.251370367046404,NO
2.7562226243046135,1.5221797205986105,8.84051480986281,1.1452102837654525,8.0,101.0,4.622638863343883,5,309.00523316914854,21.757432860217516,377.1973873318656,13.269216569386243,15.240297238766958,NO
1.7146218603877332,0.013498691395661394,21.211112620944547,1.021908674295502,7.0,99.0,1.7282122211968083,6,405.84974168358247,14.728103546056186,373.9381711506433,14.917118229429265,22.13019595606475,NO
0.25105030541845735,0.5982051196880301,4.131489030892717,0.8133114102137791,8.0,93.0,2.864667969661654,3,194.63432325018448,18.5178881019952,395.1640618021495,5.32568468058387,38.162701846329014,NO
0.42895729256899845,0.7380547522540288,2.9171055960970795,0.7347267595122254,9.0,76.0,5.16180710051041,2,276.1490078680821,18.52244366998656,397.5049275958617,4.620075749136211,39.567999386182116,NO
7.2516608063567505,1.1654697664732911,20.332871364587174,1.8856916327981712,8.0,84.0,4.562016977947596,24,667.2373760171182,21.45731283949949,397.7496366053519,15.031998972766205,20.31464697390944,NO
0.7302204143047017,2.17830973141619,1.9632839823699557,2.4746889391980513,8.0,61.0,6.930309996996137,1,422.5286196172804,16.397432147470305,390.5450223036478,8.776861577197,17.93885074112172,NO
0.45340241146089744,0.8934139610141798,11.505866467497118,0.7241176965890987,7.0,61.0,4.833244307259198,4,277.04281451663434,19.153565402639135,383.3988088770404,14.752052024082499,24.697312230773786,YES
0.726676123322154,53.19483656820583,5.346380893590319,0.7780093501185124,7.0,46.0,8.08740121519942,9,293.64209702909557,16.656153496926944,397.4311908704293,10.449774418475007,23.55726960122036,NO
0.8301534028467703,26.380258281834966,6.272228077757046,0.5019876196887636,7.0,47.0,6.101169069408261,5,281.4907993503814,20.68197452707644,390.76681254492775,7.9663327167740015,23.700394836783257,NO
3.3189287724533596,1.5409743093475232,20.346573929452877,1.9657440150904997,8.0,98.0,2.934997241451245,7,404.0160103925642,17.595975482006676,390.6544147719412,3.064308631467973,52.01128859874646,YES
10.081719800558856,1.3383261890213956,19.933192763273,1.2883627043553119,6.0,71.0,2.575025858707351,25,666.9313205258795,20.459170359762673,3.6803128162928234,17.831565433770745,12.646399512500933,NO
7.131139179635367,1.6728105255935348,18.308678855739327,1.5409873438632686,7.0,98.0,2.2318589417061667,24,667.1207563564722,21.386602643326032,320.5426400984914,16.95221989497928,14.76854644756,NO
0.4528796473579425,23.50539596519647,5.906155957285686,0.7144527186459118,8.0,49.0,8.609634267830192,8,331.5808167318309,19.400658369649598,375.12128776564987,10.543684985231852,25.052937386975614,NO
0.7358559157159896,52.520411382407374,5.408335413967523,1.2295840774435005,6.0,46.0,7.980322876457395,8,294.5847966816341,17.128469817572267,397.5385660066535,7.784985020319963,22.982162354274738,NO
0.5532611538104709,0.3763905497111129,7.5707503064854205,1.4778707766697472,9.0,7.0,5.919449745197245,4,234.69077984421696,18.49324294277094,396.518267319604,7.969609945358256,25.473870022578804,NO
1.0858003829386764,21.054874463593006,5.890766955611534,1.1876174261873005,8.0,89.0,3.9100371675038232,6,264.4715200487488,13.988073456963141,388.7772429051024,8.79639520481485,43.73686410522078,NO
0.21791825822336797,35.47103660629794,3.6805621666150072,1.2464628386587249,9.0,72.0,3.7915988493867303,7,222.6959416826245,18.832110499969428,398.12011975686596,8.212338670768267,33.6073153133828,NO
0.8838867150728914,17.763479152055364,2.503269407458922,1.9569801070871726,7.0,61.0,9.895959452933312,4,216.653476057938,19.12443761879932,394.48027076331385,9.281193910962616,33.470009472304,NO
0.7081196005441538,86.78013344735335,1.0225704386288412,0.46099233280388036,7.0,36.0,10.862264690786345,3,314.4671558962339,19.945653398289537,397.7327721068928,6.524370118579345,24.90825017219182,NO
0.1542608708716981,34.214203705174356,7.041398001984162,2.1629116536226554,8.0,18.0,5.90662905703365,9,329.8148154385407,16.464934826191534,390.7051188289646,6.007702126684036,33.17607688303658,NO
2.916685169467145,0.09158478744313385,19.250766822031554,1.3284274624477677,6.0,42.0,3.8577704849215935,25,668.0023324575653,20.29741540891953,371.00016351587396,14.12590407153936,21.513996264553025,NO
2.744416166517404,0.7528414873255811,10.066823819421455,1.2661525119820762,6.0,38.0,2.9045620971383634,5,304.78495187749456,19.776241942818416,352.0148197509574,13.613817209785475,17.32342581114903,NO
0.6498276537619236,45.50864548764967,3.9920958580592316,0.6922150941390217,8.0,28.0,6.686877043679308,6,398.0593869164123,15.67401569728737,390.8520421879401,4.0263644896995805,37.44646228953907,NO
2.330605247863545,0.7171429961966175,19.58551138453611,0.6953469997131572,7.0,93.0,2.478895856635859,6,403.15734883876013,14.815016869910119,339.99572849912295,6.233782520527965,27.571920522919665,YES
0.6531075253516216,0.5494470645826264,6.204778737488381,1.3776806645936968,6.0,92.0,3.523875650042958,9,307.9403620962323,17.67748286486089,395.2704030823068,22.5494249851571,21.755445308722486,YES
0.7189429968266071,0.37550516081066576,5.894327369525025,0.8939281362160438,7.0,57.0,5.075715679176359,3,247.93627713124062,18.524863944345416,395.3992059446176,8.712129540323536,23.117056980270583,NO
0.9733550754321447,30.29451637370278,15.314531766011713,2.6518102341599548,8.0,77.0,4.677265413032222,5,270.6582143366046,18.776133091347628,397.81741283478664,12.112952716551504,20.904185155719304,NO
2.7411314892476137,0.09870775444166986,11.216458936189783,0.8092529079414337,6.0,38.0,3.9818087788729457,6,304.99299821095076,20.844722914369612,351.08076409420437,13.1903321607068,16.203046044548806,NO
0.5787599529621454,0.5566177366525924,10.246097365903871,2.4829120794659985,7.0,-2.0,3.652102900404115,7,433.2679654349022,19.776304087720348,388.8940723112436,11.093318804223529,18.96748945313309,NO
1.2949250906956988,1.371778962619897,28.033950219370173,0.6896209843470167,6.0,99.0,2.3233730027711395,4,711.5085282345229,23.84910628839649,344.6865675940433,24.263736132750324,7.641221544621782,NO
1.379892704363367,0.28172527639817896,22.584618065287767,0.6542699115335167,-1.0,98.0,2.9025758125173136,4,438.6576112887812,22.354453058148795,389.6346810708333,16.680667429521638,18.95655819923347,NO
0.32364198064029776,37.011821509815434,6.484491594558277,1.7321971168955335,6.0,24.0,7.636005656417122,2,304.9093497653514,17.27370720463007,364.1694598981237,7.918298649629947,19.577734869596238,NO
0.7252272664339474,81.91985081071334,2.7515525558242473,1.4830912738624438,8.0,38.0,7.4865020309529795,2,329.2195240403552,12.71591630214034,354.4681614149717,8.744303830853339,30.740963634745977,NO
1.7977350572920177,0.4724961113197878,21.316359035166425,2.456879943611038,7.0,101.0,3.2370102817677324,6,403.88744676129755,16.654468587985594,341.6787797184387,13.532458150567168,20.288506658094384,NO
9.765526788851801,1.4754565362361476,18.545876328136444,2.1775663267890426,8.0,-2.0,2.8358771049046885,26,666.176140103729,20.523422067889868,398.04640683763597,15.863730512739382,14.076353751254931,NO
0.6275165191362243,22.347924483571198,5.773771265303102,2.492553658238723,6.0,22.0,7.320060809258098,4,244.19558030648236,18.9234578204987,397.19220513366236,8.881455166975796,23.909610272760663,NO
4.9654882654687285,1.534526330466603,19.088106043743156,1.4733575997773256,6.0,89.0,2.8590613475957105,25,667.5329658240535,21.578580985714915,11.54315313052326,20.5147889637468,13.431539061648571,NO
11.595773059261413,0.6311950104985925,19.118005521276572,1.2298277427978181,6.0,71.0,3.5384848739011283,25,666.8224553721753,21.098273250707525,5.183745813456742,17.850197236149057,13.296410628765937,NO
0.3033142157909062,1.6814649875476746,10.32190984172682,1.5642986420954414,6.0,56.0,2.9538851199154075,7,391.7350685760297,19.41086559320533,398.6120366907654,12.811791149758417,22.965885286005065,NO
10.390444466137174,0.5315027875160826,18.707442355457644,1.6485835622470346,6.0,72.0,2.578902498860934,24,666.5742061737866,21.71255018042511,5.090025473201657,17.683116252722233,14.005691717732521,NO
4.0571983941693786,1.4130091160790383,19.690070489719705,0.6835942251972504,6.0,98.0,2.83417622736949,8,404.2445816115983,16.730256294446225,349.3052176895701,12.198988722584767,20.554378039415518,NO
2.024346786723648,1.3787552878680789,6.402011154414427,1.2383903900790973,7.0,92.0,3.871758566035058,9,307.6091351501793,18.660546179009952,395.6952778396799,21.569615365451735,22.578644544597054,YES
0.39728963032957937,33.26154984335776,3.1538596716766456,0.6255294719950406,7.0,58.0,3.6061032922316145,7,222.42111710128836,19.605859811846745,394.5144843234732,9.786410203162832,30.455198554820512,NO
0.7124211874562659,60.26857443689295,3.2698184344490295,0.7086427448705986,7.0,37.0,11.6092653561955,4,412.7596644061983,18.66511601148715,371.839943878464,7.655862939387832,24.761115946264745,UNKNOWN
5.470705164925459,0.9091753577768388,21.223742227427934,1.268137098385582,6.0,102.0,2.2175848268437237,5,403.03058407050895,15.963310796505521,397.0397420105879,26.537164723409898,15.928556369261356,NO
7.159258487337793,0.2823295636716987,19.951975865447633,1.0682167187993492,-1.0,99.0,1.4491472566518118,24,667.4947603096861,22.90239131401797,392.22095220966486,3.443589006282221,51.06630705725643,YES
1.166897226117331,2.304381414996089,14.811573545750662,1.3854184147403763,8.0,53.0,6.697236500530507,5,289.06055840387916,17.25847731463512,393.08376444794504,8.11476542346802,28.04549779235741,NO
0.7814804434230015,0.3890606136014036,3.7367305871068455,1.7166047807865406,8.0,47.0,6.249268004795431,5,222.87449308861656,19.070231699982575,394.74328878122094,3.9499032914413448,35.36778191718538,NO
1.0101589398346709,1.0788211768980023,10.03755685702872,0.6846547780063577,7.0,97.0,2.342478450218046,5,385.06289906509346,22.31135713070436,394.3244303310757,17.792931800426395,21.862826661620144,NO
0.2328834091735892,1.4248884359354959,9.357292205243333,0.5530088623788001,7.0,55.0,4.416787041562865,6,384.79229917768714,22.377125324000264,393.50085930595094,13.943731247548534,22.619918225347586,NO
0.4084219520652774,1.0753263284206644,22.240258931209823,2.227699351104699,7.0,95.0,2.233222661342843,4,437.3927330580755,22.657432824888904,379.89734572767657,17.618679415363914,18.468941959639157,NO
0.9584207463562694,12.68443416222081,6.244094336510962,1.4311560080415702,6.0,22.0,6.883188521070666,6,346.66803686557296,20.984583250177323,397.38283056008675,9.516876634646497,23.42871805728945,NO
0.6753592140882456,0.1358290217861424,22.440664564543212,2.6414115347129696,7.0,100.0,2.3776273875020375,4,437.86142578237406,22.462574602921553,395.31266949490924,15.009140644358974,18.496422863141767,NO
0.25350703062673235,0.5199884132431489,12.885948132839887,1.4102551510608357,7.0,55.0,6.104894770433423,6,399.4357187697336,19.292348046863438,386.69529953508226,12.448191250991316,21.222845662964133,NO
0.7653058570084081,0.857906837314267,8.056619624881911,0.6716795637663883,7.0,80.0,4.999634892071306,9,308.7295808067516,18.10244752179491,373.6053224993799,6.780596619555718,32.65694716609149,NO
3.369313267236461,30.058654980676874,5.194106281299883,0.9929316859085475,7.0,55.0,7.467776172393226,6,300.47406186965594,17.986249033587594,391.7146584697464,12.946481024352297,22.353474222638518,NO
0.3484489343053666,1.2163281381010373,25.66989934539756,0.6282274708098807,7.0,70.0,2.78717612999451,3,188.8314746995643,19.708341440627763,389.4050611612088,14.747194019570246,22.949473620612235,NO
0.07212842585942039,83.51863750981775,4.7722713529119645,1.6270017125245904,8.0,32.0,7.03330154670574,4,337.42348065432947,16.94525943668069,397.7597965509171,11.502179013726057,20.020067567627606,NO
4.036647057454473,0.176849303285365,20.861048484120413,1.0249284719503269,6.0,95.0,2.115108240510013,5,403.0610081305757,15.811078616693816,353.1444070123346,22.910058611306297,15.581868812655223,NO
0.8143075878305946,0.3803805468873671,3.465975987612875,1.2352725487351934,7.0,33.0,6.61951618956369,6,430.5915797236924,17.33488146050384,368.9689828591016,9.672792458374257,20.73624422551711,NO
0.4000481082830345,21.653067015773065,3.627433127326065,1.0194170930193995,7.0,33.0,4.919818600477592,5,216.9795562560238,15.863414483545288,399.38688027801754,5.486585411767358,35.23641455826079,NO
6.715577236846621,0.08874339187341486,19.39690545321887,1.9718491859504748,-1.0,98.0,2.4197516302210182,25,667.4704066293995,20.741675420726594,392.28248346414074,3.607299074525175,51.03088341128342,YES
0.3734245225163018,71.56862523856954,2.5865916558655577,1.0929523239936263,8.0,48.0,8.203754723230949,6,359.22321386256624,15.717819873899591,391.6565584906695,6.474259837726787,25.342136525606904,NO
0.7541967780719412,1.4672239385083823,11.50990007145009,1.0469520383493118,7.0,88.0,3.698916164846654,5,305.0550851196527,18.410956425918254,396.2658247719494,9.617448177126155,25.070046063773688,NO
10.851939040788391,0.9319511809622824,18.57263620407017,1.7944821944173932,9.0,100.0,3.1459133167100126,25,666.2352585964959,20.369945838210224,397.1021346259976,20.840657606491433,14.829735445174975,NO
1.8200109133278477,81.65910427735584,5.103458765321111,2.385787827242211,7.0,-2.0,5.33602931880452,4,245.52866303803856,20.189036637044296,397.41491384652,4.7981152232304645,29.158098045594578,NO
1.088586714686568,0.911048395323427,9.602856496117681,1.1165500834588773,6.0,90.0,4.771074921385346,5,307.62790328825054,21.192590776643566,393.1387295009307,14.104216963955654,19.73179527274334,NO
1.5950497243957724,90.41747069042688,2.804576204754032,1.7074919624226537,7.0,23.0,9.300946790565991,5,226.5478120329218,18.05143482510107,397.940032436623,5.117329374153908,35.78103870030864,NO
0.4034076676760232,0.45054339828567386,14.204209376545885,2.611183403644462,6.0,19.0,5.6262715056398225,6,289.605212012402,16.140023746328772,397.487678835183,9.999536924640484,23.925154049741106,NO
0.9031662328866119,0.45119263332154896,7.4221365347815365,1.1801395008733355,7.0,82.0,4.004682303406306,8,307.29227957069384,18.134813798185768,398.43819836977315,9.781743936390116,30.207738450239685,NO
5.995664662853338,0.6164928510449655,21.703731882665664,2.0864518888127765,7.0,96.0,2.909987110791838,25,667.0514281239616,22.239637848358264,397.26863032899456,19.75024098600211,13.278177454050994,NO
3.0227469738414494,2.146454422839609,18.36609063917563,0.6531517052225803,7.0,42.0,5.86447989982669,25,668.4511015838688,20.21372423138167,393.30422261569305,10.98564989865472,21.894470847347403,NO
0.8613440035586658,0.5938686614632599,10.246575501315158,1.2528370272144347,6.0,72.0,4.61442931385432,6,304.1985523201954,19.38818089223893,397.78615647998,17.42229119811741,20.325646014527166,NO
0.2178946381137907,2.4298135848892404,11.94418177301556,0.9621664932451884,8.0,91.0,3.376954353017781,2,273.3587164506054,21.816940843751624,393.7685488157679,7.531241777473094,22.81262916423726,NO
0.32981321557749926,80.14901401857615,3.8577144833492505,0.837517610009235,9.0,19.0,6.628582388106863,5,337.56621500874496,16.771069399085448,397.0428110046287,5.03592840967363,23.933842181544826,NO
1.0276550946001124,1.4449216049206075,11.299477500303492,1.7747192832434604,8.0,97.0,3.159594168753864,8,432.46222954237265,17.924184630002237,397.09686600667345,17.12876542314684,19.0611629067033,NO
9.087981910315028,0.7829163910060863,18.9753917285946,0.8602990109683458,6.0,87.0,2.7148879480313304,24,666.8533191023948,21.49527184452792,83.57216019571439,18.292143040076862,14.714468325942443,NO
1.0857826803069313,70.09792056233105,2.3176375605551676,1.718438170155387,7.0,22.0,7.9455559300070195,6,359.447797185472,15.924357693043886,370.1087206243782,6.565820648457001,22.823030049982457,NO
4.416821958087373,0.5451664317416344,18.301055008872893,0.9068331762266968,7.0,84.0,3.105391627793058,25,666.5374279577899,20.46238562933109,397.83560447789006,16.771178798629016,20.37009475401988,NO
2.9006594040063196,0.4604227621576176,19.7776079078755,1.1338311298175219,7.0,93.0,2.696669266351593,7,403.1205584954481,16.082722922081516,396.50512290110555,11.883966666447089,22.762895899826184,NO
0.840784030657375,0.07834456546597408,9.178344431840909,1.5617123281134775,7.0,62.0,5.343808101441337,4,308.16418938664555,21.57572631094824,397.90588735902566,8.481176029773444,21.784156569245614,NO
0.07234947634015497,83.90900682369352,3.035904162464996,1.6899214883638949,8.0,16.0,6.418114601417036,3,348.7526823716279,16.17546298294549,396.645990177048,3.5250816834126644,42.4720424820947,NO
0.9803075816323001,1.5353090766823736,9.13413953621401,2.228171035826647,6.0,92.0,6.724741132723408,5,307.0330568685725,21.982040614313068,377.29253387722144,15.357975091409877,19.892891917769713,NO
0.5276777226348575,20.024261427638365,3.714344353778177,1.9374722903049597,10.0,50.0,6.318940428382404,6,217.6096425800429,15.166075543245649,377.92413287238867,3.3264098818904175,46.712732847788395,YES
0.6796897658126364,1.7878870010790586,28.44615679047842,0.6903288235785925,6.0,99.0,2.134526633785824,4,711.079604963316,21.36460432321551,391.89890640504694,18.976127895159074,15.408336425667175,NO
0.6711016012372389,52.72450355962232,5.631918561459608,0.5713718231599602,6.0,33.0,7.769051314529727,6,293.5539267202026,17.18781514064958,398.0590274132098,8.167674674653828,23.541985538203544,NO
10.351371354166073,0.7680372663972089,18.90116212354518,2.012855344686443,6.0,101.0,1.9094774134301984,24,666.0344641415411,20.22186269283827,398.3591790755311,24.250678023084106,12.42107975034291,NO
0.7158619660361707,0.7401190922941953,4.96564958478226,2.9820027476985103,7.0,58.0,4.338765472130349,3,248.1559467433194,19.020416869533772,395.1873711798435,8.702341371117678,22.71224206085964,NO
0.1299952716130883,1.1346060041306507,5.513348906573137,0.9821960472944038,8.0,36.0,6.12208301525537,6,225.60083433524994,22.043235567631932,397.48699602431685,8.538333746185678,21.60082949780653,NO
1.6460342817805838,90.44549281300087,1.4329764870873254,2.0924831453649393,10.0,27.0,6.282499521424378,2,199.02171342693205,13.851202677920226,396.3789252050284,4.497741473209546,51.27327798404746,YES
0.39015426237793044,80.25841165959984,6.392929616571202,0.7975963137885602,7.0,-2.0,5.4353435228831835,4,245.11890998560511,20.324643836214896,397.6919650713894,5.3552105718846335,30.024875694763747,NO
1.5342439294828902,0.1722368123403667,9.836932009080467,1.2053745703244747,7.0,100.0,5.737189094967948,5,307.0472898038203,21.451527015547768,376.7923268084525,13.607774186877265,16.376741063224454,NO
1.9423765422446937,0.5860990298300093,6.282335798961162,2.5528357444765892,8.0,77.0,5.274199363477515,8,307.7473741175385,17.994638677638388,389.2619203979513,12.27883164122365,26.076604700456468,YES
1.3627918234144138,20.75564507094323,4.7653521630367655,1.0237575983958973,8.0,92.0,2.027466658070398,5,264.34588843215164,14.263649445396585,388.58517173787163,9.690971067127428,37.90950537113964,NO
6.441087342216772,2.245028821829142,18.213051258879684,1.02997691690211,8.0,80.0,4.152521598302416,24,666.2798040218113,21.4290899956719,393.9599609835699,15.178541604696171,19.77458050858283,NO
1.5318832394781863,0.04032775751954859,8.24893673824229,0.6047373366204571,7.0,30.0,6.435102440094523,5,287.9719170996299,20.49778448634003,397.104788867028,7.267585604273816,23.90704648000089,NO
0.411848915387301,40.78770290005855,7.974106122491406,0.6472470415084677,8.0,33.0,5.806697233875642,5,256.03297083181155,18.017685802082354,397.6242535523701,3.530109691088052,33.30773925020917,YES
2.178575240588226,13.171559697773958,7.675834242881798,1.0095203828646806,8.0,34.0,7.243319927286701,4,345.86026132174186,19.031203576343664,398.5680472669342,9.552748923705893,21.654892799266463,UNKNOWN
0.11037450307111818,28.756563759640233,15.55750887365319,1.1444221832661319,7.0,29.0,3.954417966891854,5,270.1870703355063,19.02543705593975,396.4662128702424,6.707035686082303,25.848435011879786,NO
0.26731138061622006,34.622631031412794,6.283960721911874,1.7445095191219286,8.0,20.0,5.7999541301644,7,329.2294892407264,17.40903772542037,384.6034874181099,10.175186225857983,28.04996960274978,NO
1.5260188232388057,1.0874438616702524,7.861752400528209,1.000292470504995,7.0,34.0,5.202562128049203,4,233.699232169901,18.324826912076183,397.6175806975796,14.715594899066302,20.561367988200356,NO
0.21397149848786357,80.44065051620689,3.954079772677907,0.6337592347029921,7.0,34.0,10.40857320294534,2,316.0824381724778,17.30830067207552,393.36681865466926,6.73185579456907,22.349979155488178,NO
1.5572299877408493,17.539506778721183,2.618490273707456,0.8949576164783415,8.0,60.0,10.270820401729415,4,217.16714632986196,19.14222050633357,393.6736351374457,8.412255927793016,34.59517478233226,NO
0.5035855839555398,28.649360312716908,16.993696875885743,0.5537604127175719,7.0,30.0,3.6915272627785676,4,271.3799002398113,18.469047638189256,397.14866910203574,6.8075599874031605,25.778514643845888,NO
1.2971368507872434,1.0184455577534255,8.265305097880589,0.9167864790786584,6.0,54.0,4.634611300097843,6,287.54449463324534,19.888487704175954,397.09249532215915,8.091018032309465,24.67785444462791,NO
0.4102384705128564,1.4724053565579962,8.34442422820251,0.6273107430763696,6.0,34.0,5.669730263816787,3,233.36628871716832,18.713510473288814,397.53550385884313,15.204908565367955,21.078671678953434,NO
1.0279135302759215,1.4431181428978037,11.662871010419986,1.0077798468422865,7.0,18.0,5.82902919922098,4,305.1504355556346,19.75270686354092,378.5418026824878,10.908599624020995,23.631110782452396,NO
1.4554862877942676,0.35057596056464196,7.057050716317032,1.1761273205215104,7.0,63.0,3.8533953712173563,6,279.0816952292086,20.250107535658742,379.05104231738807,11.87051817236294,21.485704100073004,NO
0.5157027299358699,2.3399928256037295,13.233129867732744,0.6677044976657625,6.0,46.0,5.455302149258973,6,398.16877268033176,19.19884355314686,383.6686466691741,9.97251110739992,21.578369576568946,NO
8.008989004982743,0.7409608624565962,18.529358339932063,2.117642375431344,6.0,102.0,2.445067633116626,25,666.6257111575861,20.41068775264125,397.60588968174227,24.65857406768386,12.716126505823594,NO
3.586601888051815,0.40491734072466706,11.275041221771243,1.0513145578258711,7.0,53.0,3.7593878174563944,5,304.0908045616147,18.471947118600824,397.5327436052784,6.343108841418898,23.728817145559347,NO
0.3045006774632616,80.89369654523058,2.169655313159667,1.3024455136359123,7.0,32.0,9.799504056770388,1,242.7838422675556,18.202506562158582,341.78853169462894,13.539341868443023,21.050826637527436,NO
0.561458947120024,0.8768659724141774,23.271505525873867,3.4283327331140963,7.0,97.0,1.8091286575831915,5,437.9803234789253,21.719073535355662,392.9513288468142,17.585911761990047,17.92792969930765,NO
0.4965941883033896,35.5786058086372,6.236618690658175,2.6633208898603,7.0,24.0,7.504260557843815,2,304.55236623343814,16.965419434945183,362.9377464916875,8.158355487349723,20.008041517987323,NO
0.20362272366519896,2.1148970446725355,7.223119476906558,0.9052078816993732,8.0,8.0,6.549104784782488,3,233.2654209950781,18.12339912921805,395.0924226419731,7.981965634593833,25.64296755945082,NO
4.61039544655964,0.8639732288889362,19.11244734139961,0.9607682487896383,8.0,89.0,3.316939598098191,25,667.0900466154733,20.44166665869119,375.9140516625301,8.285979156915731,26.44883316891517,NO
0.9232341140479177,0.5692751612555523,9.476658804753166,1.4413622511952648,6.0,70.0,4.189990893180725,4,310.71542519717656,21.461244221692017,392.09428572098847,12.170900631322711,18.20895538537689,NO
0.5560698084651898,21.2027895453634,5.8950133003887,0.6521251733272092,6.0,47.0,7.007314623875269,5,243.562630193886,17.089766856092993,395.9394093460618,14.00648953382325,19.966862520425998,UNKNOWN
1.222084393094759,34.289940575545664,7.656367282579782,0.985336534202711,7.0,19.0,6.577720305569492,8,330.36821961251667,17.72937475432095,391.0400859728115,5.3688857318726075,33.486626777516854,NO
0.7089522624247054,0.7888198434379731,28.02959460895891,1.3778742942766018,7.0,99.0,2.9781470336948654,5,711.6619036232065,21.597207342469286,320.1390199064391,30.497322829557284,9.049257537281482,NO
2.274792346432566,0.5764308942548102,20.665045128160635,1.1025275474851908,6.0,100.0,2.0922976221062246,6,403.07051862343684,15.543455250982428,261.96826055072864,16.3746267764289,19.758920990709466,NO
1.2423541315865432,0.44540267002755135,3.3268843702512365,3.5811712249939642,6.0,71.0,4.2768858759120425,3,277.08132232611695,18.12813846233461,393.5525485853713,12.67463237307284,22.002015211431168,NO
2.640776504654658,0.793378765621836,10.172432552080357,0.5754238508474916,7.0,53.0,3.2195341073006225,4,305.9269501894042,18.505779513576076,398.97360886871314,7.278024562256566,22.52830059017977,NO
9.888631545476727,0.6354261373043602,18.327979980701784,1.2143826742279709,7.0,100.0,3.2681069756377763,25,667.3777086378177,21.213655674132653,397.2105344725281,21.5376461508363,13.966395237223228,NO
1.485617701895082,81.724553130078,5.754771799631684,0.42243402843267613,8.0,29.0,5.300785005729717,5,245.58619389184787,20.083283576281648,398.5171204276074,3.6035262113231132,37.34352685213375,NO
1.51547057190201,55.77421107115806,4.055462374347426,0.8548965354929796,7.0,29.0,7.274132537570207,5,371.17001135631494,18.1667831668228,389.25411216534053,5.526206218512892,32.04828955759774,NO
1.2134079061106107,0.43494523798337464,8.364137146245742,1.31269247430971,6.0,87.0,4.874287580150203,4,307.24274456405584,22.455347281496408,304.03908356861587,16.89698199070029,14.958819994167918,NO
0.20843022019681776,36.47919363847082,6.629428798602969,1.3248166660224105,6.0,29.0,8.640236330571025,3,305.434859531976,17.848330781766137,395.517130438089,12.59171190055543,18.45961729111462,NO
